Symbol,Timestamp,Open,Close,ChangePct,Volume,RVOL
GHGL,2026-01-09T06:55:58.000000000Z,37.47,37.9,1.1476,13344,0.1284
GHGL,2026-01-09T10:13:18.000000000Z,37,37.88,2.3784,366235,3.5251
GHGL,2026-01-09T10:27:51.000000000Z,37,37.39,1.0541,86236,0.8300
TOMCL,2026-01-05T04:32:01.000000000Z,51.59,55.58,7.7341,145551,1.1651
TOMCL,2026-01-05T04:33:56.000000000Z,51.49,55.5,7.7879,187646,1.5021
TOMCL,2026-01-05T04:35:24.000000000Z,51.3,55.6,8.3821,191824,1.5355
TOMCL,2026-01-05T04:37:24.000000000Z,51.56,55.5,7.6416,208185,1.6665
TOMCL,2026-01-05T04:39:01.000000000Z,51.25,55.56,8.4098,199231,1.5948
TOMCL,2026-01-05T04:41:10.000000000Z,51.42,55.7,8.3236,152091,1.2175
TOMCL,2026-01-05T04:53:35.000000000Z,51.44,56.15,9.1563,253768,2.0314
TOMCL,2026-01-05T04:55:08.000000000Z,51.48,56.3,9.3629,205129,1.6420
TOMCL,2026-01-05T04:56:59.000000000Z,51.47,56.06,8.9178,316830,2.5362
TOMCL,2026-01-05T04:59:07.000000000Z,51.47,56,8.8012,256143,2.0504
TOMCL,2026-01-05T05:01:09.000000000Z,51.45,56.01,8.8630,178202,1.4265
TOMCL,2026-01-05T05:34:22.000000000Z,51.51,55.81,8.3479,63546,0.5087
TOMCL,2026-01-05T05:37:24.000000000Z,51.5,55.87,8.4854,70002,0.5604
TOMCL,2026-01-05T05:40:24.000000000Z,51.5,56.02,8.7767,84133,0.6735
TOMCL,2026-01-05T05:43:25.000000000Z,51.37,56.08,9.1688,165618,1.3258
TOMCL,2026-01-05T05:46:38.000000000Z,51.25,56.05,9.3659,192639,1.5421
TOMCL,2026-01-05T05:48:59.000000000Z,51.3,56.29,9.7271,120500,0.9646
TOMCL,2026-01-05T05:52:10.000000000Z,51.32,56.2,9.5090,143255,1.1467
TOMCL,2026-01-05T05:54:21.000000000Z,51.5,56.15,9.0291,55804,0.4467
TOMCL,2026-01-05T05:58:18.000000000Z,51.5,56.12,8.9709,55315,0.4428
TOMCL,2026-01-05T06:01:34.000000000Z,51.49,56.13,9.0115,106819,0.8551
TOMCL,2026-01-05T06:04:53.000000000Z,51.5,56.09,8.9126,48383,0.3873
TOMCL,2026-01-05T06:10:05.000000000Z,51.5,56,8.7379,49975,0.4000
TOMCL,2026-01-05T06:15:01.000000000Z,51.5,55.99,8.7184,72330,0.5790
TOMCL,2026-01-05T06:19:54.000000000Z,51.49,55.98,8.7201,74980,0.6002
TOMCL,2026-01-05T06:22:59.000000000Z,51.35,55.98,9.0166,62445,0.4999
TOMCL,2026-01-05T06:27:51.000000000Z,51.39,55.81,8.6009,113376,0.9076
TOMCL,2026-01-05T06:32:20.000000000Z,51.37,55.64,8.3122,154092,1.2335
TOMCL,2026-01-05T06:39:41.000000000Z,51.39,55.75,8.4841,71058,0.5688
TOMCL,2026-01-05T06:45:04.000000000Z,51.34,56,9.0767,74026,0.5926
TOMCL,2026-01-05T06:49:33.000000000Z,51.41,56,8.9282,90514,0.7246
TOMCL,2026-01-05T06:54:18.000000000Z,51.43,55.98,8.8470,41725,0.3340
TOMCL,2026-01-05T06:59:16.000000000Z,51.46,55.8,8.4337,106171,0.8499
TOMCL,2026-01-05T07:04:01.000000000Z,51.4,56,8.9494,124622,0.9976
TOMCL,2026-01-05T07:09:46.000000000Z,51.45,56,8.8435,95912,0.7678
TOMCL,2026-01-05T07:13:38.000000000Z,51.5,56.02,8.7767,50280,0.4025
TOMCL,2026-01-05T07:18:30.000000000Z,51.45,55.95,8.7464,67435,0.5398
TOMCL,2026-01-05T07:22:48.000000000Z,51.41,56.02,8.9671,63717,0.5100
TOMCL,2026-01-05T07:26:25.000000000Z,51.45,55.99,8.8241,42324,0.3388
TOMCL,2026-01-05T07:30:19.000000000Z,51.45,55.95,8.7464,50631,0.4053
TOMCL,2026-01-05T07:35:43.000000000Z,51.4,56,8.9494,177313,1.4194
TOMCL,2026-01-05T07:41:29.000000000Z,51.35,56,9.0555,117472,0.9404
TOMCL,2026-01-05T07:46:59.000000000Z,51.4,55.95,8.8521,57548,0.4607
TOMCL,2026-01-05T07:51:39.000000000Z,51.37,55.97,8.9546,49933,0.3997
TOMCL,2026-01-05T07:58:01.000000000Z,51.3,55.98,9.1228,51079,0.4089
TOMCL,2026-01-05T08:03:49.000000000Z,51.36,55.95,8.9369,42122,0.3372
TOMCL,2026-01-05T08:10:17.000000000Z,51.35,55.98,9.0166,115829,0.9272
TOMCL,2026-01-05T08:17:24.000000000Z,51.4,55.9,8.7549,30832,0.2468
TOMCL,2026-01-05T08:25:28.000000000Z,51.4,55.93,8.8132,17626,0.1411
TOMCL,2026-01-05T08:33:35.000000000Z,51.32,55.83,8.7880,83587,0.6691
TOMCL,2026-01-05T08:38:53.000000000Z,51.45,55.6,8.0661,173657,1.3901
TOMCL,2026-01-05T08:42:59.000000000Z,51.44,55.6,8.0871,244327,1.9558
TOMCL,2026-01-05T08:49:41.000000000Z,51.35,55.85,8.7634,68123,0.5453
TOMCL,2026-01-05T08:54:02.000000000Z,51.35,55.65,8.3739,33389,0.2673
TOMCL,2026-01-05T08:58:23.000000000Z,51.37,55.51,8.0592,75745,0.6063
TOMCL,2026-01-05T09:07:33.000000000Z,51.36,55.6,8.2555,50682,0.4057
TOMCL,2026-01-05T09:14:19.000000000Z,51.35,55.68,8.4323,28042,0.2245
TOMCL,2026-01-05T09:22:13.000000000Z,51.35,55.75,8.5686,35401,0.2834
TOMCL,2026-01-05T09:26:33.000000000Z,51.4,56,8.9494,120853,0.9674
TOMCL,2026-01-05T09:32:45.000000000Z,51.4,56.2,9.3385,280176,2.2428
TOMCL,2026-01-05T09:37:18.000000000Z,51.4,56.3,9.5331,235006,1.8812
TOMCL,2026-01-05T09:40:30.000000000Z,51.4,56.3,9.5331,71160,0.5696
TOMCL,2026-01-05T09:45:31.000000000Z,51.4,56.7,10.3113,493055,3.9469
TOMCL,2026-01-05T09:49:47.000000000Z,51.4,57.05,10.9922,733960,5.8753
TOMCL,2026-01-05T09:52:56.000000000Z,51.47,57.29,11.3076,387865,3.1048
TOMCL,2026-01-05T09:57:08.000000000Z,51.4,57.49,11.8482,706758,5.6575
TOMCL,2026-01-05T10:01:24.000000000Z,51.4,57.25,11.3813,179472,1.4367
TOMCL,2026-01-05T10:04:50.000000000Z,51.6,57.2,10.8527,125865,1.0075
TOMCL,2026-01-05T10:08:17.000000000Z,51.33,57.17,11.3774,87854,0.7033
TOMCL,2026-01-05T10:12:12.000000000Z,51.36,57.16,11.2928,50578,0.4049
TOMCL,2026-01-05T10:17:56.000000000Z,51.42,57.17,11.1824,75542,0.6047
TOMCL,2026-01-05T10:21:23.000000000Z,51.35,57.1,11.1977,92579,0.7411
TOMCL,2026-01-05T10:23:44.000000000Z,51.4,57.09,11.0700,39804,0.3186
TOMCL,2026-01-05T10:26:33.000000000Z,51.49,57.04,10.7788,58487,0.4682
TOMCL,2026-01-05T10:28:52.000000000Z,51.46,57.04,10.8434,50556,0.4047
TOMCL,2026-01-05T10:39:29.000000000Z,51.43,57.18,11.1802,74848,0.5991
TOMCL,2026-01-06T04:33:15.000000000Z,51.45,57.21,11.1953,91714,0.7342
TOMCL,2026-01-06T04:35:23.000000000Z,51.45,57.2,11.1759,127582,1.0213
TOMCL,2026-01-06T04:37:27.000000000Z,51.57,57.28,11.0723,87309,0.6989
TOMCL,2026-01-06T04:39:02.000000000Z,51.69,57.2,10.6597,85094,0.6812
TOMCL,2026-01-06T04:40:21.000000000Z,51.68,57.19,10.6618,113092,0.9053
TOMCL,2026-01-06T04:42:26.000000000Z,51.69,57.25,10.7564,103480,0.8283
TOMCL,2026-01-06T04:44:38.000000000Z,51.49,57.24,11.1672,59269,0.4744
TOMCL,2026-01-06T04:47:59.000000000Z,51.64,57.17,10.7088,45087,0.3609
TOMCL,2026-01-06T04:50:34.000000000Z,51.4,57.06,11.0117,48308,0.3867
TOMCL,2026-01-06T04:52:35.000000000Z,51.36,57.06,11.0981,46957,0.3759
TOMCL,2026-01-06T04:55:22.000000000Z,51.38,57.05,11.0354,68015,0.5445
TOMCL,2026-01-06T04:58:14.000000000Z,51.2,57.07,11.4648,110166,0.8819
TOMCL,2026-01-06T04:59:47.000000000Z,51.01,57.07,11.8800,159828,1.2794
TOMCL,2026-01-06T05:01:53.000000000Z,50.9,57,11.9843,292101,2.3382
TOMCL,2026-01-06T05:03:28.000000000Z,51,57.05,11.8627,76602,0.6132
TOMCL,2026-01-06T05:04:58.000000000Z,51.05,57,11.6552,91860,0.7353
TOMCL,2026-01-06T05:07:07.000000000Z,51.08,56.9,11.3939,92408,0.7397
TOMCL,2026-01-06T05:09:34.000000000Z,51.19,56.9,11.1545,40805,0.3266
TOMCL,2026-01-06T05:12:10.000000000Z,51.19,56.89,11.1350,56864,0.4552
TOMCL,2026-01-06T05:14:39.000000000Z,51.09,56.84,11.2546,20303,0.1625
TOMCL,2026-01-06T05:17:41.000000000Z,51.1,56.83,11.2133,43339,0.3469
TOMCL,2026-01-06T05:20:26.000000000Z,51.05,56.7,11.0676,74978,0.6002
TOMCL,2026-01-06T05:22:24.000000000Z,51,56.98,11.7255,29616,0.2371
TOMCL,2026-01-06T05:25:11.000000000Z,50.97,56.99,11.8109,42315,0.3387
TOMCL,2026-01-06T05:27:52.000000000Z,50.95,56.99,11.8548,123505,0.9886
TOMCL,2026-01-06T05:30:26.000000000Z,51.1,56.99,11.5264,108244,0.8665
TOMCL,2026-01-06T05:32:34.000000000Z,51.02,56.99,11.7013,37914,0.3035
TOMCL,2026-01-06T05:35:33.000000000Z,51.01,56.99,11.7232,138844,1.1114
TOMCL,2026-01-06T05:37:26.000000000Z,51.26,56.98,11.1588,54208,0.4339
TOMCL,2026-01-06T05:41:27.000000000Z,51.14,56.9,11.2632,33657,0.2694
TOMCL,2026-01-06T05:43:36.000000000Z,51.15,56.89,11.2219,56262,0.4504
TOMCL,2026-01-06T05:46:34.000000000Z,51.18,56.8,10.9809,28801,0.2305
TOMCL,2026-01-06T05:50:20.000000000Z,51.15,56.9,11.2414,39093,0.3129
TOMCL,2026-01-06T05:53:57.000000000Z,51.15,56.94,11.3196,69811,0.5588
TOMCL,2026-01-06T05:57:07.000000000Z,51.28,56.91,10.9789,36083,0.2888
TOMCL,2026-01-06T06:00:25.000000000Z,51.25,56.9,11.0244,43075,0.3448
TOMCL,2026-01-06T06:03:35.000000000Z,51.28,56.83,10.8229,58297,0.4667
TOMCL,2026-01-06T06:06:38.000000000Z,51.26,56.8,10.8076,80527,0.6446
TOMCL,2026-01-06T06:09:10.000000000Z,51.21,56.9,11.1111,44420,0.3556
TOMCL,2026-01-06T06:15:41.000000000Z,51.25,56.85,10.9268,37028,0.2964
TOMCL,2026-01-06T06:22:11.000000000Z,51.15,56.87,11.1828,82256,0.6585
TOMCL,2026-01-06T06:27:06.000000000Z,51.1,56.81,11.1742,63800,0.5107
TOMCL,2026-01-06T06:32:01.000000000Z,51.1,56.81,11.1742,16278,0.1303
TOMCL,2026-01-06T06:36:35.000000000Z,51.27,56.8,10.7860,24654,0.1974
TOMCL,2026-01-06T06:41:44.000000000Z,51.3,56.8,10.7212,61866,0.4952
TOMCL,2026-01-06T06:47:12.000000000Z,51.4,56.8,10.5058,35066,0.2807
TOMCL,2026-01-06T06:51:49.000000000Z,51.35,56.8,10.6134,28583,0.2288
TOMCL,2026-01-06T06:56:27.000000000Z,51.39,56.78,10.4884,69918,0.5597
TOMCL,2026-01-06T07:01:30.000000000Z,51.38,56.75,10.4515,74033,0.5926
TOMCL,2026-01-06T07:06:35.000000000Z,51.4,56.82,10.5447,56025,0.4485
TOMCL,2026-01-06T07:14:40.000000000Z,51.35,56.8,10.6134,72999,0.5843
TOMCL,2026-01-06T07:20:48.000000000Z,51.22,56.77,10.8356,169686,1.3583
TOMCL,2026-01-06T07:23:43.000000000Z,51.09,56.51,10.6087,272275,2.1795
TOMCL,2026-01-06T07:25:20.000000000Z,51.18,56.45,10.2970,187880,1.5040
TOMCL,2026-01-06T07:27:25.000000000Z,51,56.55,10.8824,27144,0.2173
TOMCL,2026-01-06T07:29:21.000000000Z,50.99,56.39,10.5903,311266,2.4916
TOMCL,2026-01-06T07:31:19.000000000Z,50.99,56.45,10.7080,123311,0.9871
TOMCL,2026-01-06T07:32:36.000000000Z,50.87,56.44,10.9495,64026,0.5125
TOMCL,2026-01-06T07:33:54.000000000Z,50.94,56.33,10.5811,59801,0.4787
TOMCL,2026-01-06T07:35:16.000000000Z,51,56.2,10.1961,154567,1.2373
TOMCL,2026-01-06T07:36:36.000000000Z,51.05,56.44,10.5583,29669,0.2375
TOMCL,2026-01-06T07:38:04.000000000Z,51.2,56.5,10.3516,38265,0.3063
TOMCL,2026-01-06T07:39:30.000000000Z,51.15,57,11.4370,233704,1.8708
TOMCL,2026-01-06T07:41:42.000000000Z,51,57.17,12.0980,230279,1.8434
TOMCL,2026-01-06T07:43:34.000000000Z,51,57.58,12.9020,463009,3.7063
TOMCL,2026-01-06T07:45:44.000000000Z,51,57.65,13.0392,252577,2.0219
TOMCL,2026-01-06T07:48:13.000000000Z,51,57.9,13.5294,1016392,8.1361
TOMCL,2026-01-06T07:51:37.000000000Z,51,57.8,13.3333,195986,1.5688
TOMCL,2026-01-06T07:53:49.000000000Z,51,57.61,12.9608,431147,3.4513
TOMCL,2026-01-06T07:56:01.000000000Z,51,57.5,12.7451,161535,1.2931
TOMCL,2026-01-06T07:59:21.000000000Z,51,57.3,12.3529,177246,1.4188
TOMCL,2026-01-06T08:02:54.000000000Z,51,57.4,12.5490,43041,0.3445
TOMCL,2026-01-06T08:05:07.000000000Z,50.99,57.32,12.4142,51904,0.4155
TOMCL,2026-01-06T08:09:02.000000000Z,50.95,57.25,12.3651,164985,1.3207
TOMCL,2026-01-06T08:11:42.000000000Z,50.85,57.25,12.5860,25120,0.2011
TOMCL,2026-01-06T08:15:12.000000000Z,50.98,57.1,12.0047,67179,0.5378
TOMCL,2026-01-06T08:18:27.000000000Z,51,57,11.7647,122347,0.9794
TOMCL,2026-01-06T08:22:27.000000000Z,51,56.8,11.3725,96701,0.7741
TOMCL,2026-01-06T08:25:17.000000000Z,50.99,56.82,11.4336,79224,0.6342
TOMCL,2026-01-06T08:27:57.000000000Z,50.9,57.05,12.0825,94053,0.7529
TOMCL,2026-01-06T08:29:41.000000000Z,50.91,57.25,12.4533,131926,1.0561
TOMCL,2026-01-06T08:32:05.000000000Z,50.9,57.31,12.5933,44215,0.3539
TOMCL,2026-01-06T08:35:31.000000000Z,50.93,57.3,12.5074,59567,0.4768
TOMCL,2026-01-06T08:39:59.000000000Z,50.94,57.65,13.1724,121094,0.9693
TOMCL,2026-01-06T08:44:02.000000000Z,50.96,58.09,13.9914,514930,4.1220
TOMCL,2026-01-06T08:46:59.000000000Z,50.9,58.1,14.1454,385884,3.0890
TOMCL,2026-01-06T08:49:32.000000000Z,50.89,57.7,13.3818,190157,1.5222
TOMCL,2026-01-06T08:51:54.000000000Z,51,57.8,13.3333,47160,0.3775
TOMCL,2026-01-06T08:55:24.000000000Z,51,57.5,12.7451,91509,0.7325
TOMCL,2026-01-06T08:58:53.000000000Z,51.07,57.45,12.4927,73580,0.5890
TOMCL,2026-01-06T09:03:33.000000000Z,51.06,57.3,12.2209,36966,0.2959
TOMCL,2026-01-06T09:08:13.000000000Z,51.05,57.65,12.9285,65879,0.5274
TOMCL,2026-01-06T09:12:33.000000000Z,51.06,57.5,12.6126,49483,0.3961
TOMCL,2026-01-06T09:16:36.000000000Z,51.01,57.44,12.6054,119142,0.9537
TOMCL,2026-01-06T09:20:15.000000000Z,50.98,57.46,12.7109,16815,0.1346
TOMCL,2026-01-06T09:27:22.000000000Z,50.98,57.5,12.7893,135630,1.0857
TOMCL,2026-01-06T09:32:16.000000000Z,50.89,57.5,12.9888,29604,0.2370
TOMCL,2026-01-06T09:37:16.000000000Z,50.9,57.44,12.8487,30688,0.2457
TOMCL,2026-01-06T09:42:03.000000000Z,50.97,57.3,12.4191,64966,0.5200
TOMCL,2026-01-06T09:46:17.000000000Z,50.94,57.49,12.8583,28868,0.2311
TOMCL,2026-01-06T09:50:26.000000000Z,50.95,57.36,12.5810,8694,0.0696
TOMCL,2026-01-06T09:55:03.000000000Z,50.92,57.33,12.5884,58756,0.4703
TOMCL,2026-01-06T09:58:52.000000000Z,50.98,57.29,12.3774,72917,0.5837
TOMCL,2026-01-06T10:05:10.000000000Z,50.9,57.2,12.3772,73896,0.5915
TOMCL,2026-01-06T10:08:07.000000000Z,51,57.14,12.0392,60607,0.4852
TOMCL,2026-01-06T10:10:38.000000000Z,51.03,56.9,11.5030,172928,1.3843
TOMCL,2026-01-06T10:13:29.000000000Z,51.03,56.9,11.5030,41430,0.3316
TOMCL,2026-01-06T10:15:59.000000000Z,51.04,56.9,11.4812,133049,1.0650
TOMCL,2026-01-06T10:18:48.000000000Z,51.05,57.2,12.0470,45595,0.3650
TOMCL,2026-01-06T10:20:55.000000000Z,51.05,57.2,12.0470,95683,0.7659
TOMCL,2026-01-06T10:24:11.000000000Z,51.01,57,11.7428,89465,0.7162
TOMCL,2026-01-06T10:27:02.000000000Z,51.06,56.92,11.4767,80998,0.6484
TOMCL,2026-01-06T10:29:05.000000000Z,51.09,56.8,11.1764,47827,0.3828
TOMCL,2026-01-06T10:47:06.000000000Z,51.03,56.85,11.4051,71800,0.5748
TOMCL,2026-01-07T04:34:20.000000000Z,51.12,56.83,11.1698,218435,1.7485
TOMCL,2026-01-07T04:37:01.000000000Z,51.21,57.1,11.5017,44013,0.3523
TOMCL,2026-01-07T04:38:49.000000000Z,51.19,56.96,11.2717,14313,0.1146
TOMCL,2026-01-07T04:40:50.000000000Z,51.1,56.9,11.3503,73670,0.5897
TOMCL,2026-01-07T04:43:14.000000000Z,51.2,56.83,10.9961,101455,0.8121
TOMCL,2026-01-07T04:45:24.000000000Z,51.25,56.75,10.7317,40523,0.3244
TOMCL,2026-01-07T04:47:42.000000000Z,51.24,56.75,10.7533,51135,0.4093
TOMCL,2026-01-07T04:50:58.000000000Z,51.2,56.94,11.2109,50887,0.4073
TOMCL,2026-01-07T04:53:11.000000000Z,51.19,56.8,10.9592,33836,0.2709
TOMCL,2026-01-07T04:56:12.000000000Z,51.2,56.89,11.1133,71473,0.5721
TOMCL,2026-01-07T04:59:28.000000000Z,51.21,56.8,10.9158,155169,1.2421
TOMCL,2026-01-07T05:02:36.000000000Z,51.23,57.03,11.3215,95537,0.7648
TOMCL,2026-01-07T05:05:59.000000000Z,51.25,56.85,10.9268,71917,0.5757
TOMCL,2026-01-07T05:09:03.000000000Z,51.33,56.85,10.7539,143198,1.1463
TOMCL,2026-01-07T05:10:35.000000000Z,51.5,56.75,10.1942,91916,0.7358
TOMCL,2026-01-07T05:12:07.000000000Z,51.47,56.66,10.0835,39391,0.3153
TOMCL,2026-01-07T05:13:51.000000000Z,51.4,56.55,10.0195,52074,0.4168
TOMCL,2026-01-07T05:15:55.000000000Z,51.31,56.6,10.3099,58808,0.4708
TOMCL,2026-01-07T05:18:21.000000000Z,51.36,56.6,10.2025,70168,0.5617
TOMCL,2026-01-07T05:20:15.000000000Z,51.25,56.6,10.4390,30769,0.2463
TOMCL,2026-01-07T05:22:50.000000000Z,51.4,56.65,10.2140,64786,0.5186
TOMCL,2026-01-07T05:25:27.000000000Z,51.39,56.8,10.5273,77964,0.6241
TOMCL,2026-01-07T05:29:31.000000000Z,51.3,56.6,10.3314,163239,1.3067
TOMCL,2026-01-07T05:32:43.000000000Z,51.38,56.6,10.1596,84311,0.6749
TOMCL,2026-01-07T05:38:41.000000000Z,51.38,56.59,10.1401,52150,0.4175
TOMCL,2026-01-07T05:44:54.000000000Z,51.32,56.52,10.1325,120392,0.9637
TOMCL,2026-01-07T05:49:53.000000000Z,51.35,56.66,10.3408,92945,0.7440
TOMCL,2026-01-07T05:53:27.000000000Z,51.38,56.65,10.2569,77603,0.6212
TOMCL,2026-01-07T05:57:14.000000000Z,51.26,56.65,10.5150,113055,0.9050
TOMCL,2026-01-07T06:01:11.000000000Z,51.23,57.02,11.3020,106977,0.8563
TOMCL,2026-01-07T06:05:32.000000000Z,51.23,57.5,12.2389,186684,1.4944
TOMCL,2026-01-07T06:14:10.000000000Z,51.32,57.25,11.5549,95813,0.7670
TOMCL,2026-01-07T06:22:29.000000000Z,51.2,57.29,11.8945,67210,0.5380
TOMCL,2026-01-07T06:27:55.000000000Z,51.25,57.29,11.7854,69453,0.5560
TOMCL,2026-01-07T06:35:39.000000000Z,51.21,57.1,11.5017,81647,0.6536
TOMCL,2026-01-07T06:41:28.000000000Z,51.16,57.18,11.7670,100060,0.8010
TOMCL,2026-01-07T06:49:53.000000000Z,51.21,57.2,11.6969,92264,0.7386
TOMCL,2026-01-07T06:54:45.000000000Z,51.39,57.1,11.1111,144113,1.1536
TOMCL,2026-01-07T06:58:59.000000000Z,51.5,57.12,10.9126,445117,3.5631
TOMCL,2026-01-07T07:00:27.000000000Z,51.98,57.28,10.1962,186347,1.4917
TOMCL,2026-01-07T07:01:25.000000000Z,51.95,57.1,9.9134,192285,1.5392
TOMCL,2026-01-07T07:02:36.000000000Z,51.83,57.14,10.2450,113589,0.9093
TOMCL,2026-01-07T07:03:43.000000000Z,51.8,57.05,10.1351,137907,1.1039
TOMCL,2026-01-07T07:04:56.000000000Z,51.81,57,10.0174,212717,1.7028
TOMCL,2026-01-07T07:06:02.000000000Z,51.9,56.76,9.3642,308422,2.4689
TOMCL,2026-01-07T07:07:14.000000000Z,52.1,56.45,8.3493,441577,3.5348
TOMCL,2026-01-07T07:08:06.000000000Z,52.12,56,7.4444,206433,1.6525
TOMCL,2026-01-07T07:09:06.000000000Z,52.29,55.05,5.2783,211717,1.6948
TOMCL,2026-01-07T07:10:03.000000000Z,52.25,55.4,6.0287,524103,4.1954
TOMCL,2026-01-07T07:10:54.000000000Z,52.5,55.74,6.1714,659929,5.2827
TOMCL,2026-01-07T07:11:44.000000000Z,52.75,55.69,5.5735,326368,2.6125
TOMCL,2026-01-07T07:12:34.000000000Z,52.75,55.8,5.7820,144768,1.1589
TOMCL,2026-01-07T07:13:26.000000000Z,52.7,56.06,6.3757,252795,2.0236
TOMCL,2026-01-07T07:14:17.000000000Z,52.83,56.31,6.5872,167450,1.3404
TOMCL,2026-01-07T07:15:08.000000000Z,52.72,56.7,7.5493,202810,1.6235
TOMCL,2026-01-07T07:15:59.000000000Z,52.85,56.8,7.4740,196511,1.5730
TOMCL,2026-01-07T07:16:52.000000000Z,52.91,56.83,7.4088,457576,3.6628
TOMCL,2026-01-07T07:17:42.000000000Z,52.9,56.9,7.5614,168419,1.3482
TOMCL,2026-01-07T07:18:33.000000000Z,52.8,56.95,7.8598,166365,1.3317
TOMCL,2026-01-07T07:19:30.000000000Z,52.62,56.75,7.8487,86074,0.6890
TOMCL,2026-01-07T07:20:27.000000000Z,52.69,56.57,7.3638,108471,0.8683
TOMCL,2026-01-07T07:21:19.000000000Z,52.5,56.69,7.9810,171879,1.3759
TOMCL,2026-01-07T07:22:17.000000000Z,52.43,56.75,8.2396,64755,0.5184
TOMCL,2026-01-07T07:23:18.000000000Z,52.45,56.86,8.4080,90243,0.7224
TOMCL,2026-01-07T07:24:19.000000000Z,52.43,56.99,8.6973,240049,1.9216
TOMCL,2026-01-07T07:25:29.000000000Z,52.39,57.04,8.8757,166049,1.3292
TOMCL,2026-01-07T07:26:46.000000000Z,52.47,56.76,8.1761,53792,0.4306
TOMCL,2026-01-07T07:28:24.000000000Z,52.42,56.6,7.9741,36239,0.2901
TOMCL,2026-01-07T07:30:01.000000000Z,52.4,56.55,7.9198,95564,0.7650
TOMCL,2026-01-07T07:31:32.000000000Z,52.38,56.53,7.9229,82572,0.6610
TOMCL,2026-01-07T07:32:39.000000000Z,52.35,56.6,8.1184,160970,1.2885
TOMCL,2026-01-07T07:33:42.000000000Z,52.53,56.26,7.1007,165575,1.3254
TOMCL,2026-01-07T07:34:39.000000000Z,52.65,56.34,7.0085,59254,0.4743
TOMCL,2026-01-07T07:35:36.000000000Z,52.65,56.29,6.9136,208929,1.6725
TOMCL,2026-01-07T07:36:43.000000000Z,52.7,56.3,6.8311,49164,0.3936
TOMCL,2026-01-07T07:38:08.000000000Z,52.65,56.3,6.9326,54086,0.4330
TOMCL,2026-01-07T07:39:24.000000000Z,52.7,56.33,6.8880,95957,0.7681
TOMCL,2026-01-07T07:40:50.000000000Z,52.69,56.15,6.5667,141215,1.1304
TOMCL,2026-01-07T07:42:10.000000000Z,52.68,56,6.3022,227851,1.8239
TOMCL,2026-01-07T07:44:04.000000000Z,52.65,56,6.3628,198567,1.5895
TOMCL,2026-01-07T07:45:36.000000000Z,52.62,56,6.4234,146431,1.1722
TOMCL,2026-01-07T07:47:03.000000000Z,52.68,56.12,6.5300,169897,1.3600
TOMCL,2026-01-07T07:48:49.000000000Z,52.67,56.09,6.4933,89318,0.7150
TOMCL,2026-01-07T07:50:19.000000000Z,52.7,56,6.2619,82191,0.6579
TOMCL,2026-01-07T07:52:04.000000000Z,52.7,55.99,6.2429,30593,0.2449
TOMCL,2026-01-07T07:54:06.000000000Z,52.66,56.01,6.3616,56128,0.4493
TOMCL,2026-01-07T07:55:45.000000000Z,52.7,56.01,6.2808,236438,1.8927
TOMCL,2026-01-07T07:56:55.000000000Z,52.8,56.1,6.2500,161467,1.2925
TOMCL,2026-01-07T07:58:44.000000000Z,52.81,56.17,6.3624,50566,0.4048
TOMCL,2026-01-07T08:00:01.000000000Z,52.9,56.12,6.0870,82674,0.6618
TOMCL,2026-01-07T08:01:15.000000000Z,52.93,56.1,5.9890,359887,2.8809
TOMCL,2026-01-07T08:02:34.000000000Z,53,56.31,6.2453,79277,0.6346
TOMCL,2026-01-07T08:03:45.000000000Z,52.99,56.13,5.9256,460592,3.6870
TOMCL,2026-01-07T08:05:05.000000000Z,52.8,56.2,6.4394,40445,0.3238
TOMCL,2026-01-07T08:06:46.000000000Z,52.72,56.3,6.7906,42558,0.3407
TOMCL,2026-01-07T08:08:28.000000000Z,52.7,56.22,6.6793,111452,0.8922
TOMCL,2026-01-07T08:10:57.000000000Z,52.65,56.19,6.7236,86270,0.6906
TOMCL,2026-01-07T08:13:19.000000000Z,52.75,56.1,6.3507,104952,0.8401
TOMCL,2026-01-07T08:15:29.000000000Z,52.63,56.11,6.6122,88415,0.7078
TOMCL,2026-01-07T08:17:40.000000000Z,52.6,56.12,6.6920,100535,0.8048
TOMCL,2026-01-07T08:19:49.000000000Z,52.5,56.15,6.9524,57530,0.4605
TOMCL,2026-01-07T08:22:09.000000000Z,52.51,56.05,6.7416,107160,0.8578
TOMCL,2026-01-07T08:25:18.000000000Z,52.46,56.13,6.9958,42686,0.3417
TOMCL,2026-01-07T08:28:09.000000000Z,52.37,56.13,7.1797,77100,0.6172
TOMCL,2026-01-07T08:31:55.000000000Z,52.49,56.22,7.1061,27802,0.2226
TOMCL,2026-01-07T08:35:30.000000000Z,52.42,56.23,7.2682,42375,0.3392
TOMCL,2026-01-07T08:39:03.000000000Z,52.45,56.25,7.2450,37824,0.3028
TOMCL,2026-01-07T08:42:09.000000000Z,52.5,56.27,7.1810,78118,0.6253
TOMCL,2026-01-07T08:46:01.000000000Z,52.5,56.2,7.0476,41235,0.3301
TOMCL,2026-01-07T08:50:22.000000000Z,52.54,56.27,7.0994,19434,0.1556
TOMCL,2026-01-07T08:54:04.000000000Z,52.54,56.28,7.1184,19063,0.1526
TOMCL,2026-01-07T08:57:40.000000000Z,52.51,56.21,7.0463,44157,0.3535
TOMCL,2026-01-07T09:01:16.000000000Z,52.6,56.25,6.9392,43831,0.3509
TOMCL,2026-01-07T09:04:39.000000000Z,52.5,56.54,7.6952,110871,0.8875
TOMCL,2026-01-07T09:08:03.000000000Z,52.45,56.69,8.0839,69118,0.5533
TOMCL,2026-01-07T09:11:32.000000000Z,52.35,56.78,8.4623,105403,0.8437
TOMCL,2026-01-07T09:14:38.000000000Z,52.35,56.76,8.4241,35100,0.2810
TOMCL,2026-01-07T09:17:50.000000000Z,52.44,56.9,8.5050,108960,0.8722
TOMCL,2026-01-07T09:21:59.000000000Z,52.25,56.85,8.8038,232852,1.8640
TOMCL,2026-01-07T09:24:45.000000000Z,52.22,56.95,9.0578,128595,1.0294
TOMCL,2026-01-07T09:27:57.000000000Z,52.25,56.88,8.8612,43785,0.3505
TOMCL,2026-01-07T09:30:43.000000000Z,52.3,56.94,8.8719,96092,0.7692
TOMCL,2026-01-07T09:32:14.000000000Z,52.33,57,8.9241,152534,1.2210
TOMCL,2026-01-07T09:35:22.000000000Z,52.36,57.2,9.2437,125155,1.0019
TOMCL,2026-01-07T09:38:08.000000000Z,52.41,57.4,9.5211,297892,2.3846
TOMCL,2026-01-07T09:42:06.000000000Z,52.2,57.23,9.6360,150906,1.2080
TOMCL,2026-01-07T09:45:16.000000000Z,52.15,57.25,9.7795,113204,0.9062
TOMCL,2026-01-07T09:47:29.000000000Z,52.15,57.29,9.8562,97975,0.7843
TOMCL,2026-01-07T09:50:18.000000000Z,52.11,57.29,9.9405,140894,1.1278
TOMCL,2026-01-07T09:53:47.000000000Z,52.13,57.28,9.8791,105675,0.8459
TOMCL,2026-01-07T09:58:36.000000000Z,52.16,57.04,9.3558,41943,0.3357
TOMCL,2026-01-07T10:02:08.000000000Z,52.38,57.11,9.0302,216255,1.7311
TOMCL,2026-01-07T10:05:42.000000000Z,52.2,57.26,9.6935,144753,1.1587
TOMCL,2026-01-07T10:08:53.000000000Z,52.1,57.28,9.9424,35962,0.2879
TOMCL,2026-01-07T10:10:44.000000000Z,52.07,57.29,10.0250,112473,0.9003
TOMCL,2026-01-07T10:12:17.000000000Z,52,56.99,9.5962,63845,0.5111
TOMCL,2026-01-07T10:14:43.000000000Z,52.1,56.88,9.1747,129814,1.0391
TOMCL,2026-01-07T10:16:48.000000000Z,52,56.88,9.3846,62930,0.5037
TOMCL,2026-01-07T10:18:54.000000000Z,51.98,56.74,9.1574,72553,0.5808
TOMCL,2026-01-07T10:20:44.000000000Z,51.95,56.9,9.5284,21909,0.1754
TOMCL,2026-01-07T10:22:15.000000000Z,51.98,56.81,9.2920,94374,0.7555
TOMCL,2026-01-07T10:24:15.000000000Z,52,56.81,9.2500,38019,0.3043
TOMCL,2026-01-07T10:26:06.000000000Z,52.12,56.9,9.1711,93160,0.7457
TOMCL,2026-01-07T10:28:06.000000000Z,52.11,57.08,9.5375,301600,2.4143
TOMCL,2026-01-07T10:29:56.000000000Z,52.2,57,9.1954,143482,1.1486
TOMCL,2026-01-08T04:32:02.000000000Z,52.1,57.02,9.4434,41265,0.3303
TOMCL,2026-01-08T04:34:09.000000000Z,52.12,56.8,8.9793,128415,1.0279
TOMCL,2026-01-08T04:35:46.000000000Z,52.28,56.7,8.4545,101101,0.8093
TOMCL,2026-01-08T04:37:13.000000000Z,52.5,56.55,7.7143,65619,0.5253
TOMCL,2026-01-08T04:38:35.000000000Z,52.4,56.66,8.1298,64351,0.5151
TOMCL,2026-01-08T04:39:59.000000000Z,52.3,56.79,8.5851,35522,0.2843
TOMCL,2026-01-08T04:41:29.000000000Z,52.26,56.99,9.0509,153054,1.2252
TOMCL,2026-01-08T04:43:43.000000000Z,52.28,57.06,9.1431,75157,0.6016
TOMCL,2026-01-08T04:46:26.000000000Z,52.28,57.07,9.1622,77026,0.6166
TOMCL,2026-01-08T04:48:35.000000000Z,52.2,57.06,9.3103,22216,0.1778
TOMCL,2026-01-08T04:50:26.000000000Z,52.15,57.06,9.4151,68280,0.5466
TOMCL,2026-01-08T04:52:08.000000000Z,52.15,56.92,9.1467,59942,0.4798
TOMCL,2026-01-08T04:54:33.000000000Z,52.15,57.1,9.4919,90251,0.7224
TOMCL,2026-01-08T04:56:26.000000000Z,52.16,57.08,9.4325,72555,0.5808
TOMCL,2026-01-08T04:58:21.000000000Z,52.1,57.05,9.5010,126604,1.0135
TOMCL,2026-01-08T04:59:50.000000000Z,52,57.01,9.6346,134619,1.0776
TOMCL,2026-01-08T05:01:48.000000000Z,52.1,56.99,9.3858,79416,0.6357
TOMCL,2026-01-08T05:04:29.000000000Z,52,57,9.6154,89478,0.7163
TOMCL,2026-01-08T05:07:00.000000000Z,52.1,56.95,9.3090,45146,0.3614
TOMCL,2026-01-08T05:09:43.000000000Z,52.09,56.92,9.2724,67368,0.5393
TOMCL,2026-01-08T05:12:09.000000000Z,52.03,56.61,8.8026,38300,0.3066
TOMCL,2026-01-08T05:15:35.000000000Z,52.15,56.82,8.9549,77564,0.6209
TOMCL,2026-01-08T05:18:30.000000000Z,52,56.8,9.2308,42883,0.3433
TOMCL,2026-01-08T05:20:59.000000000Z,52.06,56.7,8.9128,55430,0.4437
TOMCL,2026-01-08T05:23:52.000000000Z,52.09,56.65,8.7541,55288,0.4426
TOMCL,2026-01-08T05:28:26.000000000Z,52.06,56.8,9.1049,61850,0.4951
TOMCL,2026-01-08T05:31:31.000000000Z,52.15,56.8,8.9166,108888,0.8716
TOMCL,2026-01-08T05:34:10.000000000Z,52.23,56.76,8.6732,94997,0.7604
TOMCL,2026-01-08T05:37:08.000000000Z,52.18,56.7,8.6623,53516,0.4284
TOMCL,2026-01-08T05:41:33.000000000Z,52.2,56.61,8.4483,58413,0.4676
TOMCL,2026-01-08T05:45:11.000000000Z,52.1,56.79,9.0019,18891,0.1512
TOMCL,2026-01-08T05:49:25.000000000Z,52.15,56.78,8.8782,26659,0.2134
TOMCL,2026-01-08T05:54:15.000000000Z,52.05,56.7,8.9337,49940,0.3998
TOMCL,2026-01-08T05:59:51.000000000Z,52.19,56.7,8.6415,67150,0.5375
TOMCL,2026-01-08T06:04:38.000000000Z,52.25,56.6,8.3254,156848,1.2556
TOMCL,2026-01-08T06:09:10.000000000Z,52.23,56.65,8.4626,46101,0.3690
TOMCL,2026-01-08T06:13:23.000000000Z,52.21,56.64,8.4850,53213,0.4260
TOMCL,2026-01-08T06:16:54.000000000Z,52.2,56.75,8.7165,41689,0.3337
TOMCL,2026-01-08T06:20:35.000000000Z,52.09,57,9.4260,228889,1.8322
TOMCL,2026-01-08T06:23:24.000000000Z,51.99,57.09,9.8096,62916,0.5036
TOMCL,2026-01-08T06:26:56.000000000Z,52,57,9.6154,64675,0.5177
TOMCL,2026-01-08T06:29:38.000000000Z,52.1,57.05,9.5010,20824,0.1667
TOMCL,2026-01-08T06:35:32.000000000Z,52.05,56.98,9.4717,41441,0.3317
TOMCL,2026-01-08T06:40:55.000000000Z,52.1,56.96,9.3282,58929,0.4717
TOMCL,2026-01-08T06:45:54.000000000Z,52,56.7,9.0385,93527,0.7487
TOMCL,2026-01-08T06:51:02.000000000Z,52.1,56.88,9.1747,47331,0.3789
TOMCL,2026-01-08T06:55:30.000000000Z,52.1,56.82,9.0595,73765,0.5905
TOMCL,2026-01-08T07:01:49.000000000Z,52.19,56.86,8.9481,58455,0.4679
TOMCL,2026-01-08T07:08:30.000000000Z,52.19,56.87,8.9672,102635,0.8216
TOMCL,2026-01-08T07:14:40.000000000Z,52.16,56.7,8.7040,275799,2.2077
TOMCL,2026-01-08T07:18:32.000000000Z,52.19,56.65,8.5457,209243,1.6750
TOMCL,2026-01-08T07:21:49.000000000Z,52.5,56.69,7.9810,241864,1.9361
TOMCL,2026-01-08T07:23:09.000000000Z,52.43,56.7,8.1442,107611,0.8614
TOMCL,2026-01-08T07:25:29.000000000Z,52.35,57,8.8825,70792,0.5667
TOMCL,2026-01-08T07:29:38.000000000Z,52.3,57,8.9866,85720,0.6862
TOMCL,2026-01-08T07:32:31.000000000Z,52.27,57.1,9.2405,44646,0.3574
TOMCL,2026-01-08T07:35:10.000000000Z,52.27,57.28,9.5848,155533,1.2450
TOMCL,2026-01-08T07:39:12.000000000Z,52.29,57.01,9.0266,46629,0.3733
TOMCL,2026-01-08T07:42:49.000000000Z,52.24,56.9,8.9204,73365,0.5873
TOMCL,2026-01-08T07:46:41.000000000Z,52.24,56.83,8.7864,49894,0.3994
TOMCL,2026-01-08T07:50:10.000000000Z,52.24,56.8,8.7289,64667,0.5177
TOMCL,2026-01-08T07:57:21.000000000Z,52.22,56.52,8.2344,62656,0.5016
TOMCL,2026-01-08T08:03:12.000000000Z,52.11,56.5,8.4245,54773,0.4385
TOMCL,2026-01-08T08:07:13.000000000Z,52.24,56.5,8.1547,81384,0.6515
TOMCL,2026-01-08T08:13:31.000000000Z,52.2,56.95,9.0996,86023,0.6886
TOMCL,2026-01-08T08:20:03.000000000Z,52.26,56.7,8.4960,53103,0.4251
TOMCL,2026-01-08T08:25:34.000000000Z,52.38,56.6,8.0565,15265,0.1222
TOMCL,2026-01-08T08:31:38.000000000Z,52.3,56.64,8.2983,28492,0.2281
TOMCL,2026-01-08T08:38:39.000000000Z,52.35,56.58,8.0802,56174,0.4497
TOMCL,2026-01-08T08:41:49.000000000Z,52.4,56.64,8.0916,72613,0.5813
TOMCL,2026-01-08T08:44:39.000000000Z,52.4,56.56,7.9389,28016,0.2243
TOMCL,2026-01-08T08:49:07.000000000Z,52.39,56.6,8.0359,73186,0.5858
TOMCL,2026-01-08T08:53:09.000000000Z,52.4,56.65,8.1107,39861,0.3191
TOMCL,2026-01-08T08:55:52.000000000Z,52.41,56.59,7.9756,45931,0.3677
TOMCL,2026-01-08T09:00:28.000000000Z,52.33,56.6,8.1598,72162,0.5776
TOMCL,2026-01-08T09:05:47.000000000Z,52.4,56.5,7.8244,107717,0.8623
TOMCL,2026-01-08T09:08:13.000000000Z,52.4,56.45,7.7290,62345,0.4991
TOMCL,2026-01-08T09:12:24.000000000Z,52.35,56.42,7.7746,19238,0.1540
TOMCL,2026-01-08T09:16:15.000000000Z,52.36,56.38,7.6776,62585,0.5010
TOMCL,2026-01-08T09:21:10.000000000Z,52.31,56.34,7.7041,58243,0.4662
TOMCL,2026-01-08T09:24:42.000000000Z,52.3,56.4,7.8394,39661,0.3175
TOMCL,2026-01-08T09:31:35.000000000Z,52.28,56.26,7.6129,77014,0.6165
TOMCL,2026-01-08T09:34:05.000000000Z,52.1,56.22,7.9079,105577,0.8451
TOMCL,2026-01-08T09:37:27.000000000Z,52.1,56.21,7.8887,64087,0.5130
TOMCL,2026-01-08T09:41:50.000000000Z,52.2,56.24,7.7395,43067,0.3447
TOMCL,2026-01-08T09:49:11.000000000Z,52.15,56.22,7.8044,42086,0.3369
TOMCL,2026-01-08T09:57:01.000000000Z,52.17,56.2,7.7247,240110,1.9221
TOMCL,2026-01-08T10:03:23.000000000Z,51.95,56.15,8.0847,40767,0.3263
TOMCL,2026-01-08T10:05:12.000000000Z,52,56.01,7.7115,103893,0.8317
TOMCL,2026-01-08T10:08:00.000000000Z,51.95,56.02,7.8345,82230,0.6582
TOMCL,2026-01-08T10:11:26.000000000Z,51.92,56.12,8.0894,65287,0.5226
TOMCL,2026-01-08T10:14:42.000000000Z,51.95,56.11,8.0077,71093,0.5691
TOMCL,2026-01-08T10:17:09.000000000Z,51.9,56.25,8.3815,28683,0.2296
TOMCL,2026-01-08T10:20:10.000000000Z,51.82,56.16,8.3751,46330,0.3709
TOMCL,2026-01-08T10:23:22.000000000Z,51.82,56.2,8.4523,183096,1.4657
TOMCL,2026-01-08T10:26:06.000000000Z,51.8,56.13,8.3591,80267,0.6425
TOMCL,2026-01-08T10:28:22.000000000Z,51.8,56.15,8.3977,103746,0.8305
TOMCL,2026-01-08T10:29:48.000000000Z,51.8,56.06,8.2239,113025,0.9048
TOMCL,2026-01-09T04:18:21.000000000Z,51.8,56.14,8.3784,67589,0.5410
TOMCL,2026-01-09T04:20:26.000000000Z,52,56.23,8.1346,33902,0.2714
TOMCL,2026-01-09T04:22:17.000000000Z,51.89,56.23,8.3638,45126,0.3612
TOMCL,2026-01-09T04:24:04.000000000Z,51.84,56.15,8.3140,39727,0.3180
TOMCL,2026-01-09T04:26:05.000000000Z,51.8,56.1,8.3012,32023,0.2563
TOMCL,2026-01-09T04:27:54.000000000Z,51.7,56.05,8.4139,66848,0.5351
TOMCL,2026-01-09T04:30:12.000000000Z,51.68,56.17,8.6881,101783,0.8148
TOMCL,2026-01-09T04:32:01.000000000Z,52.09,56.33,8.1398,74645,0.5975
TOMCL,2026-01-09T04:33:16.000000000Z,52.28,56.35,7.7850,70117,0.5613
TOMCL,2026-01-09T04:34:55.000000000Z,52.3,56.26,7.5717,450709,3.6079
TOMCL,2026-01-09T04:35:51.000000000Z,53,56.19,6.0189,362827,2.9044
TOMCL,2026-01-09T04:36:41.000000000Z,53.14,56.1,5.5702,256697,2.0548
TOMCL,2026-01-09T04:37:32.000000000Z,53.2,56.12,5.4887,165763,1.3269
TOMCL,2026-01-09T04:38:24.000000000Z,53.25,56.25,5.6338,231569,1.8537
TOMCL,2026-01-09T04:39:15.000000000Z,53.37,56.29,5.4712,346115,2.7706
TOMCL,2026-01-09T04:40:05.000000000Z,53.52,56.31,5.2130,320018,2.5617
TOMCL,2026-01-09T04:40:56.000000000Z,53.54,56.31,5.1737,258189,2.0668
TOMCL,2026-01-09T04:42:19.000000000Z,53.52,56.2,5.0075,390204,3.1235
TOMCL,2026-01-09T04:43:12.000000000Z,53.5,56.2,5.0467,174470,1.3966
TOMCL,2026-01-09T04:44:06.000000000Z,53.31,56.25,5.5149,327013,2.6177
TOMCL,2026-01-09T04:44:57.000000000Z,53,56.19,6.0189,96759,0.7745
TOMCL,2026-01-09T04:45:57.000000000Z,53.15,56.16,5.6632,118384,0.9477
TOMCL,2026-01-09T04:46:53.000000000Z,53.18,56.16,5.6036,41023,0.3284
TOMCL,2026-01-09T04:47:56.000000000Z,53.25,56.2,5.5399,138885,1.1118
TOMCL,2026-01-09T04:48:58.000000000Z,53.22,56.16,5.5242,32423,0.2595
TOMCL,2026-01-09T04:50:05.000000000Z,53.11,56.14,5.7051,103393,0.8276
TOMCL,2026-01-09T04:51:13.000000000Z,53.29,56.1,5.2730,58065,0.4648
TOMCL,2026-01-09T04:52:26.000000000Z,53.15,56.12,5.5880,169531,1.3571
TOMCL,2026-01-09T04:53:32.000000000Z,53.05,56.08,5.7116,72432,0.5798
TOMCL,2026-01-09T04:54:46.000000000Z,52.83,56.1,6.1897,43303,0.3466
TOMCL,2026-01-09T04:55:47.000000000Z,52.95,56.05,5.8546,135200,1.0823
TOMCL,2026-01-09T04:57:00.000000000Z,52.92,55.93,5.6878,226175,1.8105
TOMCL,2026-01-09T04:58:14.000000000Z,52.9,56.09,6.0302,185574,1.4855
TOMCL,2026-01-09T04:59:27.000000000Z,52.8,56,6.0606,106824,0.8551
TOMCL,2026-01-09T05:00:33.000000000Z,52.7,55.99,6.2429,85613,0.6853
TOMCL,2026-01-09T05:01:42.000000000Z,52.82,55.96,5.9447,138476,1.1085
TOMCL,2026-01-09T05:02:51.000000000Z,52.9,55.97,5.8034,114487,0.9165
TOMCL,2026-01-09T05:03:54.000000000Z,52.9,55.93,5.7278,60943,0.4878
TOMCL,2026-01-09T05:05:04.000000000Z,52.92,55.9,5.6311,21522,0.1723
TOMCL,2026-01-09T05:06:16.000000000Z,52.89,55.9,5.6911,27467,0.2199
TOMCL,2026-01-09T05:07:54.000000000Z,52.86,55.77,5.5051,67335,0.5390
TOMCL,2026-01-09T05:09:27.000000000Z,52.89,55.5,4.9348,97890,0.7836
TOMCL,2026-01-09T05:11:14.000000000Z,52.85,55.63,5.2602,220190,1.7626
TOMCL,2026-01-09T05:12:48.000000000Z,52.71,55.83,5.9192,83448,0.6680
TOMCL,2026-01-09T05:14:04.000000000Z,52.7,55.7,5.6926,51085,0.4089
TOMCL,2026-01-09T05:15:39.000000000Z,52.65,55.67,5.7360,214426,1.7165
TOMCL,2026-01-09T05:17:18.000000000Z,52.52,55.62,5.9025,43128,0.3452
TOMCL,2026-01-09T05:19:00.000000000Z,52.61,55.65,5.7784,120400,0.9638
TOMCL,2026-01-09T05:20:52.000000000Z,52.7,55.51,5.3321,94360,0.7553
TOMCL,2026-01-09T05:22:50.000000000Z,52.52,55.85,6.3404,105827,0.8471
TOMCL,2026-01-09T05:24:32.000000000Z,52.75,55.7,5.5924,34210,0.2738
TOMCL,2026-01-09T05:25:49.000000000Z,52.75,55.74,5.6682,32955,0.2638
TOMCL,2026-01-09T05:28:01.000000000Z,52.75,55.72,5.6303,37806,0.3026
TOMCL,2026-01-09T05:30:33.000000000Z,52.81,55.84,5.7375,55631,0.4453
TOMCL,2026-01-09T05:32:45.000000000Z,52.82,55.71,5.4714,38875,0.3112
TOMCL,2026-01-09T05:34:37.000000000Z,52.99,55.79,5.2840,48320,0.3868
TOMCL,2026-01-09T05:35:52.000000000Z,53,55.8,5.2830,200177,1.6024
TOMCL,2026-01-09T05:36:58.000000000Z,53.25,55.85,4.8826,61559,0.4928
TOMCL,2026-01-09T05:38:06.000000000Z,53.3,56,5.0657,20116,0.1610
TOMCL,2026-01-09T05:39:07.000000000Z,53.11,55.99,5.4227,77834,0.6231
TOMCL,2026-01-09T05:40:35.000000000Z,52.91,56.25,6.3126,117642,0.9417
TOMCL,2026-01-09T05:41:58.000000000Z,53.1,56.07,5.5932,275075,2.2019
TOMCL,2026-01-09T05:43:19.000000000Z,53.43,56.18,5.1469,90097,0.7212
TOMCL,2026-01-09T05:44:19.000000000Z,53.35,56.05,5.0609,69320,0.5549
TOMCL,2026-01-09T05:45:29.000000000Z,53.28,56,5.1051,289514,2.3175
TOMCL,2026-01-09T05:46:28.000000000Z,53.37,55.94,4.8154,404058,3.2344
TOMCL,2026-01-09T05:47:48.000000000Z,53.45,56,4.7708,464701,3.7199
TOMCL,2026-01-09T05:48:52.000000000Z,53.77,55.92,3.9985,292216,2.3392
TOMCL,2026-01-09T05:49:42.000000000Z,53.75,55.7,3.6279,688625,5.5124
TOMCL,2026-01-09T05:50:33.000000000Z,54.02,55.7,3.1100,560936,4.4902
TOMCL,2026-01-09T05:51:23.000000000Z,54.3,55.74,2.6519,703672,5.6328
TOMCL,2026-01-09T05:52:13.000000000Z,54.41,55.6,2.1871,300967,2.4092
TOMCL,2026-01-09T05:53:03.000000000Z,54.6,55.64,1.9048,438753,3.5122
TOMCL,2026-01-09T05:53:53.000000000Z,54.75,55.6,1.5525,176510,1.4129
TOMCL,2026-01-09T05:54:44.000000000Z,54.49,55.6,2.0371,191583,1.5336
TOMCL,2026-01-09T05:55:35.000000000Z,53.93,55.7,3.2820,117844,0.9433
TOMCL,2026-01-09T05:56:25.000000000Z,53.7,55.55,3.4451,163935,1.3123
TOMCL,2026-01-09T05:57:18.000000000Z,53.95,55.5,2.8730,211671,1.6944
TOMCL,2026-01-09T05:58:13.000000000Z,53.9,55.79,3.5065,272821,2.1839
TOMCL,2026-01-09T05:59:10.000000000Z,54.25,55.58,2.4516,229350,1.8359
TOMCL,2026-01-09T06:00:01.000000000Z,54.35,55.5,2.1159,327904,2.6248
TOMCL,2026-01-09T06:00:56.000000000Z,54.5,55.25,1.3761,142871,1.1437
TOMCL,2026-01-09T06:01:46.000000000Z,54.34,55.2,1.5826,280095,2.2421
TOMCL,2026-01-09T06:02:41.000000000Z,54.4,55.1,1.2868,88602,0.7092
TOMCL,2026-01-09T06:03:35.000000000Z,54.4,55.14,1.3603,87096,0.6972
TOMCL,2026-01-09T06:04:39.000000000Z,54.29,55.3,1.8604,240385,1.9243
TOMCL,2026-01-09T06:05:39.000000000Z,54.09,55.4,2.4219,224768,1.7992
TOMCL,2026-01-09T06:06:35.000000000Z,54.08,55.39,2.4223,67525,0.5405
BECO,2026-01-08T10:29:54.000000000Z,6.31,6.38,1.1094,44141,0.3492
KSBP,2026-01-06T08:09:36.000000000Z,197.02,199,1.0050,1364,0.2098
KSBP,2026-01-07T04:47:38.000000000Z,196.02,197.99,1.0050,1942,0.2987
KSBP,2026-01-08T07:58:53.000000000Z,202.8,205.5,1.3314,13500,2.0767
KSBP,2026-01-08T08:03:20.000000000Z,205.5,208,1.2165,26281,4.0429
CTM,2026-01-05T04:32:00.000000000Z,7.99,8.12,1.6270,202349,1.0705
CTM,2026-01-05T04:33:23.000000000Z,7.7,8.15,5.8442,907739,4.8023
CTM,2026-01-05T04:34:41.000000000Z,8.1,8.44,4.1975,729611,3.8599
CTM,2026-01-05T04:36:45.000000000Z,7.9,8.31,5.1899,657699,3.4795
CTM,2026-01-05T04:38:20.000000000Z,8,8.74,9.2500,377243,1.9958
CTM,2026-01-05T04:39:49.000000000Z,7.89,8.63,9.3790,653364,3.4565
CTM,2026-01-05T04:42:02.000000000Z,7.7,8.75,13.6364,358572,1.8970
CTM,2026-01-05T04:56:14.000000000Z,7.74,8.8,13.6951,206463,1.0923
CTM,2026-01-05T04:59:16.000000000Z,7.74,8.88,14.7287,255829,1.3534
CTM,2026-01-05T05:48:25.000000000Z,7.5,8.87,18.2667,137412,0.7270
CTM,2026-01-05T05:52:19.000000000Z,7.5,8.84,17.8667,124728,0.6599
CTM,2026-01-05T06:00:18.000000000Z,7.42,8.85,19.2722,67514,0.3572
CTM,2026-01-05T06:10:31.000000000Z,7.4,8.85,19.5946,110990,0.5872
CTM,2026-01-05T06:18:58.000000000Z,7.31,8.8,20.3830,55703,0.2947
CTM,2026-01-05T06:22:27.000000000Z,7.41,8.76,18.2186,240226,1.2709
CTM,2026-01-05T06:31:51.000000000Z,7.4,8.75,18.2432,137844,0.7292
CTM,2026-01-05T06:48:48.000000000Z,7.41,8.8,18.7584,81036,0.4287
CTM,2026-01-05T07:00:07.000000000Z,7.43,8.75,17.7658,144554,0.7647
CTM,2026-01-05T07:09:56.000000000Z,7.32,8.86,21.0383,44469,0.2353
CTM,2026-01-05T07:19:38.000000000Z,7.38,8.89,20.4607,117297,0.6205
CTM,2026-01-05T07:35:37.000000000Z,7.38,8.75,18.5637,135815,0.7185
CTM,2026-01-05T07:47:12.000000000Z,7.45,8.76,17.5839,119030,0.6297
CTM,2026-01-05T08:06:31.000000000Z,7.47,8.66,15.9304,251109,1.3285
CTM,2026-01-05T08:11:47.000000000Z,7.7,8.6,11.6883,38807,0.2053
CTM,2026-01-05T08:14:30.000000000Z,7.7,8.51,10.5195,140103,0.7412
CTM,2026-01-05T08:17:25.000000000Z,7.68,8.63,12.3698,80913,0.4281
CTM,2026-01-05T08:20:38.000000000Z,7.65,8.52,11.3725,63612,0.3365
CTM,2026-01-05T08:27:38.000000000Z,7.54,8.55,13.3952,113054,0.5981
CTM,2026-01-05T08:38:11.000000000Z,7.66,8.54,11.4883,116160,0.6145
CTM,2026-01-05T08:47:21.000000000Z,7.7,8.8,14.2857,369197,1.9532
CTM,2026-01-05T08:52:47.000000000Z,7.8,8.94,14.6154,169057,0.8944
CTM,2026-01-05T08:57:32.000000000Z,7.79,8.91,14.3774,142926,0.7561
CTM,2026-01-05T09:05:55.000000000Z,7.6,8.9,17.1053,254943,1.3487
CTM,2026-01-05T09:21:28.000000000Z,7.65,8.51,11.2418,315545,1.6694
CTM,2026-01-05T09:28:45.000000000Z,7.8,8.8,12.8205,901827,4.7710
CTM,2026-01-05T09:32:15.000000000Z,8.05,9.1,13.0435,1091025,5.7719
CTM,2026-01-05T09:33:30.000000000Z,7.9,9.06,14.6835,551204,2.9161
CTM,2026-01-05T09:35:09.000000000Z,8.05,9.01,11.9255,488859,2.5862
CTM,2026-01-05T09:37:13.000000000Z,8.1,9,11.1111,2513110,13.2953
CTM,2026-01-05T09:38:47.000000000Z,8.2,8.99,9.6341,1486135,7.8622
CTM,2026-01-05T09:40:05.000000000Z,8.2,8.95,9.1463,177614,0.9396
CTM,2026-01-05T09:47:20.000000000Z,8.2,8.96,9.2683,668730,3.5378
CTM,2026-01-05T09:53:54.000000000Z,8.2,8.95,9.1463,178243,0.9430
CTM,2026-01-05T10:12:28.000000000Z,8.2,8.81,7.4390,310135,1.6407
CTM,2026-01-06T04:32:07.000000000Z,8.48,8.94,5.4245,130108,0.6883
CTM,2026-01-06T04:34:13.000000000Z,8.49,8.95,5.4181,112091,0.5930
CTM,2026-01-06T04:37:28.000000000Z,8.2,8.98,9.5122,145556,0.7700
CTM,2026-01-06T04:39:49.000000000Z,8.12,9,10.8374,257864,1.3642
CTM,2026-01-06T04:41:50.000000000Z,7.99,8.9,11.3892,229716,1.2153
CTM,2026-01-06T04:43:41.000000000Z,7.98,8.89,11.4035,229951,1.2165
CTM,2026-01-06T04:46:08.000000000Z,7.99,8.95,12.0150,92725,0.4905
CTM,2026-01-06T04:48:12.000000000Z,7.98,9,12.7820,116113,0.6143
CTM,2026-01-06T04:51:21.000000000Z,7.94,8.91,12.2166,149500,0.7909
CTM,2026-01-06T04:54:29.000000000Z,7.8,8.91,14.2308,172526,0.9127
CTM,2026-01-06T04:57:22.000000000Z,7.85,9.05,15.2866,314060,1.6615
CTM,2026-01-06T05:03:24.000000000Z,7.85,9.17,16.8153,487105,2.5770
CTM,2026-01-06T05:10:58.000000000Z,7.9,9.2,16.4557,651688,3.4477
CTM,2026-01-06T05:14:15.000000000Z,8,9.2,15.0000,149896,0.7930
CTM,2026-01-06T05:18:46.000000000Z,7.9,9.15,15.8228,123218,0.6519
CTM,2026-01-06T05:26:51.000000000Z,7.89,9.25,17.2370,185947,0.9837
CTM,2026-01-06T05:37:13.000000000Z,7.9,9.25,17.0886,296549,1.5689
CTM,2026-01-06T05:45:38.000000000Z,7.9,9.21,16.5823,685877,3.6285
CTM,2026-01-06T05:54:28.000000000Z,7.78,9.15,17.6093,85130,0.4504
CTM,2026-01-06T06:02:29.000000000Z,7.8,9.1,16.6667,127440,0.6742
CTM,2026-01-06T06:15:58.000000000Z,7.85,9.12,16.1783,106949,0.5658
CTM,2026-01-06T06:20:47.000000000Z,7.7,9.02,17.1429,153280,0.8109
CTM,2026-01-06T06:22:29.000000000Z,7.69,9.05,17.6853,271901,1.4385
CTM,2026-01-06T06:23:52.000000000Z,7.59,9.15,20.5534,210921,1.1159
CTM,2026-01-06T06:25:44.000000000Z,7.68,9.17,19.4010,272710,1.4427
CTM,2026-01-06T06:28:09.000000000Z,7.65,9.15,19.6078,190289,1.0067
CTM,2026-01-06T06:35:02.000000000Z,7.75,9.1,17.4194,164481,0.8702
CTM,2026-01-06T06:39:23.000000000Z,7.83,9.1,16.2197,241364,1.2769
CTM,2026-01-06T06:41:50.000000000Z,7.78,8.98,15.4242,91623,0.4847
CTM,2026-01-06T06:46:41.000000000Z,7.8,9.2,17.9487,567015,2.9997
CTM,2026-01-06T07:00:59.000000000Z,7.79,9.12,17.0732,84809,0.4487
CTM,2026-01-06T07:16:12.000000000Z,7.94,9.14,15.1134,282311,1.4935
CTM,2026-01-06T07:23:09.000000000Z,7.87,8.99,14.2313,387918,2.0522
CTM,2026-01-06T07:24:34.000000000Z,8,9.14,14.2500,105100,0.5560
CTM,2026-01-06T07:26:13.000000000Z,8.1,9,11.1111,92544,0.4896
CTM,2026-01-06T07:27:49.000000000Z,8.12,9,10.8374,86782,0.4591
CTM,2026-01-06T07:30:51.000000000Z,8.14,9.12,12.0393,255311,1.3507
CTM,2026-01-06T07:33:06.000000000Z,8.25,9.02,9.3333,273939,1.4492
CTM,2026-01-06T07:34:40.000000000Z,8.3,9.13,10.0000,64422,0.3408
CTM,2026-01-06T07:36:48.000000000Z,8.25,9.08,10.0606,127391,0.6739
CTM,2026-01-06T07:38:22.000000000Z,8.21,8.9,8.4044,230788,1.2210
CTM,2026-01-06T07:40:09.000000000Z,8.45,8.85,4.7337,337548,1.7858
CTM,2026-01-06T07:41:06.000000000Z,8.5,8.79,3.4118,460893,2.4383
CTM,2026-01-07T05:41:25.000000000Z,9.04,9.3,2.8761,117427,0.6212
CTM,2026-01-07T05:54:33.000000000Z,9.2,9.3,1.0870,20468,0.1083
CTM,2026-01-07T06:10:21.000000000Z,9.31,9.5,2.0408,357140,1.8894
CTM,2026-01-07T06:14:46.000000000Z,9.5,9.7,2.1053,505025,2.6718
CTM,2026-01-07T06:21:45.000000000Z,9.53,9.64,1.1542,211804,1.1205
CTM,2026-01-07T06:58:26.000000000Z,9.14,9.5,3.9387,94083,0.4977
CTM,2026-01-07T08:27:34.000000000Z,8.78,8.9,1.3667,80645,0.4266
CTM,2026-01-07T08:45:01.000000000Z,8.98,9.1,1.3363,87001,0.4603
CTM,2026-01-07T10:13:42.000000000Z,8.8,8.9,1.1364,29133,0.1541
CTM,2026-01-07T10:20:40.000000000Z,8.9,9,1.1236,126520,0.6693
CTM,2026-01-08T04:33:59.000000000Z,8.98,9.08,1.1136,3046,0.0161
CTM,2026-01-08T04:59:55.000000000Z,8.72,8.91,2.1789,4600,0.0243
CTM,2026-01-08T05:55:50.000000000Z,8.7,8.85,1.7241,49370,0.2612
CTM,2026-01-08T06:10:08.000000000Z,8.7,8.97,3.1034,61176,0.3236
CTM,2026-01-08T06:18:31.000000000Z,8.7,8.81,1.2644,21292,0.1126
CTM,2026-01-08T06:44:35.000000000Z,8.52,8.7,2.1127,44783,0.2369
CTM,2026-01-08T07:49:22.000000000Z,8.62,8.85,2.6682,130580,0.6908
CTM,2026-01-08T10:12:02.000000000Z,8.03,8.15,1.4944,110737,0.5858
CTM,2026-01-09T04:41:16.000000000Z,7.75,7.86,1.4194,14785,0.0782
CTM,2026-01-09T04:57:47.000000000Z,7.87,7.98,1.3977,11110,0.0588
CTM,2026-01-09T05:02:53.000000000Z,7.98,8.15,2.1303,140599,0.7438
CTM,2026-01-09T05:06:49.000000000Z,8.2,8.4,2.4390,180673,0.9558
CTM,2026-01-09T05:30:02.000000000Z,8.2,8.48,3.4146,104091,0.5507
CTM,2026-01-09T05:45:36.000000000Z,8.25,8.43,2.1818,16362,0.0866
CTM,2026-01-09T05:52:02.000000000Z,8.5,8.6,1.1765,100519,0.5318
CTM,2026-01-09T05:53:29.000000000Z,8.6,8.7,1.1628,84472,0.4469
CTM,2026-01-09T05:55:14.000000000Z,8.65,8.78,1.5029,88672,0.4691
CTM,2026-01-09T06:19:15.000000000Z,8.55,8.66,1.2865,15147,0.0801
CTM,2026-01-09T06:57:19.000000000Z,8.4,8.5,1.1905,116034,0.6139
CTM,2026-01-09T06:59:54.000000000Z,8.5,8.64,1.6471,5400,0.0286
CTM,2026-01-09T09:35:11.000000000Z,8.64,8.79,1.7361,62811,0.3323
CTM,2026-01-09T10:01:51.000000000Z,8.35,8.45,1.1976,12885,0.0682
CTM,2026-01-09T10:06:37.000000000Z,8.45,8.68,2.7219,82803,0.4381
PIBTL,2026-01-05T04:32:01.000000000Z,20.38,20.7,1.5702,1129238,3.2449
PIBTL,2026-01-05T04:35:51.000000000Z,20.4,20.69,1.4216,815457,2.3432
PIBTL,2026-01-05T04:37:35.000000000Z,20.36,20.72,1.7682,1588930,4.5658
PIBTL,2026-01-05T04:38:43.000000000Z,20.3,20.7,1.9704,2789502,8.0156
PIBTL,2026-01-05T04:39:53.000000000Z,20.25,20.75,2.4691,3601886,10.3500
PIBTL,2026-01-05T04:40:58.000000000Z,20.22,20.78,2.7695,2878119,8.2703
PIBTL,2026-01-05T04:42:25.000000000Z,20.28,20.8,2.5641,1784351,5.1273
ANL,2026-01-05T04:32:00.000000000Z,11.68,12.5,7.0205,130277,0.9289
ANL,2026-01-05T04:38:52.000000000Z,11.88,12.4,4.3771,223296,1.5922
ANL,2026-01-05T04:59:17.000000000Z,11.76,12.48,6.1224,373048,2.6600
ANL,2026-01-05T05:12:40.000000000Z,12.2,12.48,2.2951,158510,1.1303
ANL,2026-01-05T05:13:54.000000000Z,12.15,12.52,3.0453,142045,1.0129
ANL,2026-01-05T05:16:17.000000000Z,12.1,12.56,3.8017,69719,0.4971
ANL,2026-01-05T05:19:17.000000000Z,11.92,12.58,5.5369,83126,0.5927
ANL,2026-01-05T05:21:57.000000000Z,12.06,12.63,4.7264,141578,1.0095
ANL,2026-01-05T05:28:07.000000000Z,12,12.6,5.0000,289130,2.0616
ANL,2026-01-05T05:37:41.000000000Z,12.01,12.8,6.5779,543583,3.8760
ANL,2026-01-05T05:46:46.000000000Z,12,12.9,7.5000,404046,2.8810
ANL,2026-01-05T05:56:17.000000000Z,11.91,12.9,8.3123,204309,1.4568
ANL,2026-01-05T06:07:43.000000000Z,11.95,12.95,8.3682,291468,2.0783
ANL,2026-01-05T06:16:02.000000000Z,11.8,12.98,10.0000,394564,2.8134
ANL,2026-01-05T06:37:16.000000000Z,11.82,12.9,9.1371,61834,0.4409
ANL,2026-01-05T06:56:57.000000000Z,11.82,12.92,9.3063,146840,1.0470
ANL,2026-01-05T07:13:43.000000000Z,11.84,12.95,9.3750,611963,4.3636
ANL,2026-01-05T07:38:32.000000000Z,11.8,12.9,9.3220,179889,1.2827
ANL,2026-01-05T07:55:03.000000000Z,11.78,12.9,9.5076,49335,0.3518
ANL,2026-01-05T08:14:24.000000000Z,11.79,12.89,9.3299,78160,0.5573
ANL,2026-01-05T08:35:03.000000000Z,11.81,12.8,8.3827,85977,0.6131
ANL,2026-01-05T08:52:36.000000000Z,11.95,12.8,7.1130,76952,0.5487
ANL,2026-01-05T09:04:24.000000000Z,11.77,12.7,7.9014,189741,1.3529
ANL,2026-01-05T09:21:03.000000000Z,11.85,12.84,8.3544,70732,0.5044
ANL,2026-01-05T09:38:30.000000000Z,11.8,12.85,8.8983,44074,0.3143
ANL,2026-01-05T09:51:11.000000000Z,11.8,12.82,8.6441,111937,0.7982
ANL,2026-01-05T10:07:36.000000000Z,11.78,12.78,8.4890,92660,0.6607
ANL,2026-01-05T10:21:11.000000000Z,11.77,12.78,8.5811,131734,0.9393
ANL,2026-01-05T10:28:30.000000000Z,11.77,12.65,7.4766,240567,1.7154
ANL,2026-01-06T04:38:34.000000000Z,11.98,12.8,6.8447,142175,1.0138
ANL,2026-01-06T04:43:40.000000000Z,11.85,12.71,7.2574,75937,0.5415
ANL,2026-01-06T04:51:28.000000000Z,11.83,12.8,8.1995,120355,0.8582
ANL,2026-01-06T04:57:09.000000000Z,11.65,12.82,10.0429,100914,0.7196
ANL,2026-01-06T05:05:17.000000000Z,11.65,13,11.5880,628592,4.4822
ANL,2026-01-06T05:17:13.000000000Z,11.75,13.05,11.0638,155142,1.1062
ANL,2026-01-06T05:29:07.000000000Z,11.64,13.03,11.9416,51887,0.3700
ANL,2026-01-06T05:43:33.000000000Z,11.75,12.99,10.5532,123073,0.8776
ANL,2026-01-06T06:06:15.000000000Z,11.81,12.98,9.9069,37262,0.2657
ANL,2026-01-06T06:27:40.000000000Z,11.8,12.98,10.0000,58919,0.4201
ANL,2026-01-06T06:49:43.000000000Z,11.85,12.95,9.2827,25084,0.1789
ANL,2026-01-06T07:26:49.000000000Z,11.76,12.9,9.6939,138631,0.9885
ANL,2026-01-06T07:46:33.000000000Z,11.83,12.93,9.2984,88529,0.6313
ANL,2026-01-06T08:04:44.000000000Z,11.82,12.85,8.7140,105741,0.7540
ANL,2026-01-06T08:29:54.000000000Z,11.75,12.85,9.3617,43773,0.3121
ANL,2026-01-06T08:59:31.000000000Z,11.72,12.78,9.0444,274264,1.9556
ANL,2026-01-06T09:35:12.000000000Z,11.71,12.8,9.3083,71198,0.5077
ANL,2026-01-06T09:55:25.000000000Z,11.65,12.8,9.8712,61145,0.4360
ANL,2026-01-06T10:22:06.000000000Z,11.64,12.75,9.5361,52339,0.3732
ANL,2026-01-07T04:33:38.000000000Z,11.66,12.75,9.3482,35613,0.2539
ANL,2026-01-07T04:39:53.000000000Z,11.79,12.66,7.3791,64704,0.4614
ANL,2026-01-07T04:45:45.000000000Z,11.69,12.65,8.2121,48408,0.3452
ANL,2026-01-07T04:52:06.000000000Z,11.75,12.7,8.0851,43301,0.3088
ANL,2026-01-07T05:10:19.000000000Z,11.8,12.78,8.3051,74316,0.5299
ANL,2026-01-07T05:25:56.000000000Z,11.8,12.82,8.6441,186618,1.3307
ANL,2026-01-07T05:33:57.000000000Z,11.86,12.85,8.3474,197790,1.4103
ANL,2026-01-07T05:42:05.000000000Z,11.81,12.79,8.2981,84561,0.6030
ANL,2026-01-07T05:54:16.000000000Z,11.89,12.63,6.2237,99691,0.7108
ANL,2026-01-07T06:04:41.000000000Z,11.88,12.66,6.5657,26974,0.1923
ANL,2026-01-07T06:23:30.000000000Z,11.85,12.61,6.4135,140935,1.0049
ANL,2026-01-07T06:45:35.000000000Z,11.86,12.6,6.2395,128131,0.9136
ANL,2026-01-07T07:05:21.000000000Z,11.91,12.5,4.9538,180862,1.2896
ANL,2026-01-07T07:17:37.000000000Z,11.92,12.46,4.5302,124974,0.8911
ANL,2026-01-07T07:32:52.000000000Z,11.91,12.48,4.7859,138170,0.9852
ANL,2026-01-07T07:59:14.000000000Z,11.7,12.5,6.8376,172653,1.2311
ANL,2026-01-07T08:09:22.000000000Z,11.72,12.5,6.6553,171764,1.2248
ANL,2026-01-07T08:23:57.000000000Z,11.8,12.62,6.9492,76780,0.5475
ANL,2026-01-07T08:42:20.000000000Z,11.7,12.6,7.6923,278603,1.9866
ANL,2026-01-07T09:04:05.000000000Z,11.68,12.55,7.4486,173794,1.2392
ANL,2026-01-07T09:16:12.000000000Z,11.7,12.81,9.4872,151473,1.0801
ANL,2026-01-07T09:45:33.000000000Z,11.8,12.75,8.0508,42350,0.3020
ANL,2026-01-07T10:11:00.000000000Z,11.7,12.65,8.1197,129087,0.9205
ANL,2026-01-07T10:29:02.000000000Z,11.7,12.72,8.7179,297625,2.1222
ANL,2026-01-08T04:33:13.000000000Z,11.83,12.52,5.8326,37406,0.2667
ANL,2026-01-08T04:42:19.000000000Z,11.82,12.5,5.7530,30689,0.2188
ANL,2026-01-08T04:48:25.000000000Z,11.7,12.59,7.6068,38307,0.2731
ANL,2026-01-08T05:01:54.000000000Z,11.65,12.51,7.3820,62139,0.4431
ANL,2026-01-08T05:22:03.000000000Z,11.7,12.55,7.2650,161475,1.1514
ANL,2026-01-08T05:41:36.000000000Z,11.7,12.65,8.1197,109349,0.7797
ANL,2026-01-08T05:57:17.000000000Z,11.7,12.64,8.0342,84735,0.6042
ANL,2026-01-08T06:10:05.000000000Z,11.7,12.6,7.6923,44417,0.3167
ANL,2026-01-08T06:33:17.000000000Z,11.71,12.53,7.0026,81890,0.5839
ANL,2026-01-08T06:56:19.000000000Z,11.76,12.55,6.7177,111532,0.7953
ANL,2026-01-08T07:12:50.000000000Z,11.77,12.55,6.6270,50965,0.3634
ANL,2026-01-08T07:33:31.000000000Z,11.8,12.44,5.4237,82687,0.5896
ANL,2026-01-08T07:59:32.000000000Z,11.76,12.45,5.8673,151769,1.0822
ANL,2026-01-08T08:32:11.000000000Z,11.7,12.45,6.4103,267821,1.9097
ANL,2026-01-08T08:39:30.000000000Z,11.81,12.55,6.2659,164845,1.1754
ANL,2026-01-08T08:42:39.000000000Z,11.89,12.5,5.1304,422108,3.0098
ANL,2026-01-08T08:52:19.000000000Z,11.95,12.55,5.0209,546476,3.8966
ANL,2026-01-08T08:54:17.000000000Z,12.1,12.54,3.6364,393451,2.8055
ANL,2026-01-08T08:55:32.000000000Z,12.1,12.5,3.3058,564935,4.0283
ANL,2026-01-08T08:57:17.000000000Z,12.03,12.48,3.7406,71470,0.5096
ANL,2026-01-08T09:00:26.000000000Z,12,12.51,4.2500,65014,0.4636
ANL,2026-01-08T09:06:55.000000000Z,11.95,12.51,4.6862,44256,0.3156
ANL,2026-01-08T09:13:30.000000000Z,11.85,12.45,5.0633,189608,1.3520
ANL,2026-01-08T09:20:13.000000000Z,11.87,12.4,4.4650,28783,0.2052
ANL,2026-01-08T09:29:59.000000000Z,11.85,12.4,4.6414,231567,1.6512
ANL,2026-01-08T09:39:04.000000000Z,11.85,12.37,4.3882,206665,1.4736
ANL,2026-01-08T09:49:10.000000000Z,11.9,12.44,4.5378,78439,0.5593
ANL,2026-01-08T10:00:03.000000000Z,11.8,12.4,5.0847,40207,0.2867
ANL,2026-01-08T10:15:16.000000000Z,11.8,12.4,5.0847,229927,1.6395
ANL,2026-01-08T10:23:59.000000000Z,11.9,12.32,3.5294,99626,0.7104
ANL,2026-01-09T04:17:29.000000000Z,12,12.3,2.5000,25503,0.1818
ANL,2026-01-09T04:21:03.000000000Z,12,12.28,2.3333,121780,0.8684
ANL,2026-01-09T04:23:46.000000000Z,12.05,12.26,1.7427,121982,0.8698
ANL,2026-01-09T04:26:34.000000000Z,12,12.2,1.6667,106469,0.7592
ANL,2026-01-09T06:59:47.000000000Z,12.35,12.49,1.1336,60018,0.4280
GWLC,2026-01-05T04:32:00.000000000Z,62.85,63.99,1.8138,31082,0.7617
GWLC,2026-01-05T04:40:47.000000000Z,62.99,63.85,1.3653,28373,0.6953
GWLC,2026-01-05T05:58:40.000000000Z,62.8,63.85,1.6720,11333,0.2777
GWLC,2026-01-05T06:32:49.000000000Z,62.84,64,1.8460,36934,0.9051
GWLC,2026-01-05T06:47:08.000000000Z,63.3,64.47,1.8483,13390,0.3282
GWLC,2026-01-05T06:52:19.000000000Z,63.31,64.64,2.1008,91117,2.2330
GWLC,2026-01-05T07:01:08.000000000Z,63.65,64.6,1.4925,30269,0.7418
GWLC,2026-01-05T07:11:28.000000000Z,63.35,64.3,1.4996,18668,0.4575
GWLC,2026-01-05T07:26:57.000000000Z,63.35,64.7,2.1310,18763,0.4598
GWLC,2026-01-05T07:44:41.000000000Z,63.2,65.9,4.2722,83559,2.0478
GWLC,2026-01-05T08:22:33.000000000Z,63.02,65.5,3.9353,21951,0.5380
GWLC,2026-01-05T08:46:27.000000000Z,63.45,65.79,3.6879,27711,0.6791
GWLC,2026-01-05T09:19:28.000000000Z,62.95,65,3.2566,23013,0.5640
GWLC,2026-01-05T09:34:32.000000000Z,63.2,64.9,2.6899,10445,0.2560
GWLC,2026-01-05T09:43:17.000000000Z,63.31,65.64,3.6803,42705,1.0466
GWLC,2026-01-05T09:59:45.000000000Z,63.3,64.5,1.8957,68211,1.6717
GWLC,2026-01-05T10:13:30.000000000Z,63,65.2,3.4921,55427,1.3584
GWLC,2026-01-05T10:26:20.000000000Z,63.5,65.5,3.1496,73113,1.7918
GWLC,2026-01-06T04:34:49.000000000Z,63.7,65.8,3.2967,43989,1.0780
GWLC,2026-01-06T04:44:27.000000000Z,63.75,65.73,3.1059,58415,1.4316
GWLC,2026-01-06T04:56:40.000000000Z,63.49,65.5,3.1659,14266,0.3496
GWLC,2026-01-06T05:14:56.000000000Z,63,65.5,3.9683,10137,0.2484
GWLC,2026-01-06T05:32:02.000000000Z,62.85,64.89,3.2458,39572,0.9698
GWLC,2026-01-06T05:57:02.000000000Z,62.91,64.5,2.5274,62458,1.5307
GWLC,2026-01-06T06:37:44.000000000Z,62.9,63.65,1.1924,75602,1.8528
GWLC,2026-01-06T10:29:41.000000000Z,65.55,66.57,1.5561,15765,0.3864
GWLC,2026-01-07T04:56:09.000000000Z,66.68,67.5,1.2298,199470,4.8884
GWLC,2026-01-07T05:14:01.000000000Z,67.5,68.31,1.2000,22819,0.5592
GWLC,2026-01-07T09:35:27.000000000Z,67.2,68,1.1905,22786,0.5584
GWLC,2026-01-08T04:44:06.000000000Z,67.01,67.99,1.4625,9236,0.2263
GWLC,2026-01-08T04:54:18.000000000Z,67.5,69.15,2.4444,63987,1.5681
GWLC,2026-01-09T05:22:27.000000000Z,65.5,66.26,1.1603,7648,0.1874
SNGP,2026-01-05T04:32:01.000000000Z,119.53,120.99,1.2215,56010,1.0013
SNGP,2026-01-05T04:41:07.000000000Z,120.32,121.54,1.0140,62367,1.1149
SNGP,2026-01-05T04:54:36.000000000Z,120.01,122.23,1.8498,114447,2.0459
SNGP,2026-01-05T04:56:52.000000000Z,120.4,122.04,1.3621,107064,1.9139
SNGP,2026-01-05T04:58:57.000000000Z,120.49,121.97,1.2283,104127,1.8614
SNGP,2026-01-05T05:01:05.000000000Z,120.73,122.5,1.4661,99118,1.7719
SNGP,2026-01-05T05:22:51.000000000Z,120.97,122.31,1.1077,99340,1.7758
SNGP,2026-01-05T05:25:28.000000000Z,121.09,122.38,1.0653,58531,1.0463
SNGP,2026-01-05T05:27:32.000000000Z,121,122.35,1.1157,70791,1.2655
SNGP,2026-01-05T06:01:19.000000000Z,120.95,122.2,1.0335,148896,2.6617
SNGP,2026-01-05T06:16:04.000000000Z,120.95,122.24,1.0666,110539,1.9760
SNGP,2026-01-05T06:30:00.000000000Z,120.61,122,1.1525,23379,0.4179
SNGP,2026-01-05T06:53:52.000000000Z,120.5,121.86,1.1286,47858,0.8555
SYM,2026-01-07T04:32:54.000000000Z,13.97,14.12,1.0737,11503,0.1502
NML,2026-01-05T04:32:01.000000000Z,176.78,192,8.6096,364637,3.7856
NML,2026-01-05T04:34:13.000000000Z,178,193,8.4270,352524,3.6598
NML,2026-01-05T04:37:06.000000000Z,177.51,193,8.7263,177093,1.8385
NML,2026-01-05T04:40:42.000000000Z,177.49,192,8.1751,279231,2.8989
NML,2026-01-05T04:53:41.000000000Z,177.97,191.55,7.6305,221979,2.3045
NML,2026-01-05T04:55:47.000000000Z,178.5,191.69,7.3894,264918,2.7503
NML,2026-01-05T04:57:16.000000000Z,178,192,7.8652,183112,1.9010
NML,2026-01-05T05:00:05.000000000Z,177.5,191.99,8.1634,172990,1.7959
NML,2026-01-05T05:29:15.000000000Z,177.25,191.55,8.0677,149888,1.5561
NML,2026-01-05T05:34:19.000000000Z,177.42,192.72,8.6236,143219,1.4869
NML,2026-01-05T05:38:32.000000000Z,177.8,193.48,8.8189,294060,3.0529
NML,2026-01-05T05:41:04.000000000Z,179.5,193.99,8.0724,151190,1.5696
NML,2026-01-05T05:43:10.000000000Z,178.94,195.39,9.1930,400529,4.1582
NML,2026-01-05T05:45:48.000000000Z,178.5,194.99,9.2381,242637,2.5190
NML,2026-01-05T05:49:50.000000000Z,178.4,194,8.7444,116503,1.2095
NML,2026-01-05T05:54:29.000000000Z,178.01,194.6,9.3197,110009,1.1421
NML,2026-01-05T05:58:41.000000000Z,178.7,194.89,9.0599,155646,1.6159
NML,2026-01-05T06:00:43.000000000Z,179.5,194.49,8.3510,111612,1.1587
NML,2026-01-05T06:02:18.000000000Z,179.51,194.6,8.4062,136819,1.4204
NML,2026-01-05T06:03:39.000000000Z,180.2,194.43,7.8968,180084,1.8696
NML,2026-01-05T06:04:44.000000000Z,181.5,194.4,7.1074,147892,1.5354
NML,2026-01-05T06:05:44.000000000Z,181,194.47,7.4420,54635,0.5672
NML,2026-01-05T06:07:17.000000000Z,180.8,194.05,7.3285,71640,0.7437
NML,2026-01-05T06:08:56.000000000Z,180.49,194.06,7.5184,43764,0.4543
NML,2026-01-05T06:10:31.000000000Z,180,194.07,7.8167,89419,0.9283
NML,2026-01-05T06:12:19.000000000Z,179.98,194.1,7.8453,63686,0.6612
NML,2026-01-05T06:15:23.000000000Z,179.76,194.11,7.9829,63855,0.6629
NML,2026-01-05T06:18:14.000000000Z,179,194.06,8.4134,56924,0.5910
NML,2026-01-05T06:20:31.000000000Z,179.01,194.15,8.4576,39603,0.4111
NML,2026-01-05T06:27:11.000000000Z,178.7,194.06,8.5954,29289,0.3041
NML,2026-01-05T06:31:34.000000000Z,179,194.2,8.4916,51209,0.5316
NML,2026-01-05T06:35:24.000000000Z,178.99,194.49,8.6597,77242,0.8019
NML,2026-01-05T06:40:35.000000000Z,179.3,196,9.3140,217399,2.2570
NML,2026-01-05T06:45:08.000000000Z,179.58,196.61,9.4832,109325,1.1350
NML,2026-01-05T06:53:06.000000000Z,179.5,197.93,10.2674,236983,2.4603
NML,2026-01-05T07:00:04.000000000Z,179.6,197.02,9.6993,203131,2.1089
NML,2026-01-05T07:04:46.000000000Z,179.51,197.39,9.9604,55443,0.5756
NML,2026-01-05T07:09:25.000000000Z,179.66,197.98,10.1970,249616,2.5914
NML,2026-01-05T07:14:01.000000000Z,180,197.75,9.8611,122057,1.2672
NML,2026-01-05T07:18:14.000000000Z,180,197.53,9.7389,59322,0.6159
NML,2026-01-05T07:22:45.000000000Z,179.56,198.39,10.4867,338880,3.5182
NML,2026-01-05T07:26:03.000000000Z,179.2,197.1,9.9888,101506,1.0538
NML,2026-01-05T07:31:41.000000000Z,179.4,197.2,9.9220,78922,0.8193
NML,2026-01-05T07:36:24.000000000Z,178.99,196.46,9.7603,112597,1.1690
NML,2026-01-05T07:44:11.000000000Z,178.7,195.8,9.5691,95348,0.9899
NML,2026-01-05T07:51:23.000000000Z,180,195.35,8.5278,79265,0.8229
NML,2026-01-05T07:56:01.000000000Z,179.85,194.96,8.4014,65217,0.6771
NML,2026-01-05T07:59:33.000000000Z,179.8,195.35,8.6485,48898,0.5076
NML,2026-01-05T08:05:53.000000000Z,179.75,196.5,9.3185,86401,0.8970
NML,2026-01-05T08:10:57.000000000Z,179.1,198.15,10.6365,192064,1.9940
NML,2026-01-05T08:15:27.000000000Z,179.39,200.55,11.7955,469356,4.8727
NML,2026-01-05T08:20:19.000000000Z,179.1,200.82,12.1273,286591,2.9753
NML,2026-01-05T08:25:56.000000000Z,179.58,200.7,11.7608,90512,0.9397
NML,2026-01-05T08:32:54.000000000Z,179.6,199.86,11.2806,211099,2.1916
NML,2026-01-05T08:42:26.000000000Z,179.6,201.6,12.2494,278706,2.8935
NML,2026-01-05T08:49:10.000000000Z,179.98,202,12.2347,556930,5.7819
NML,2026-01-05T08:59:11.000000000Z,179.84,200.99,11.7605,42742,0.4437
NML,2026-01-05T09:07:08.000000000Z,180,200.5,11.3889,88226,0.9159
NML,2026-01-05T09:11:28.000000000Z,180,200.45,11.3611,55120,0.5722
NML,2026-01-05T09:14:25.000000000Z,179.9,199.99,11.1673,138080,1.4335
NML,2026-01-05T09:20:25.000000000Z,181,200,10.4972,200964,2.0864
NML,2026-01-05T09:21:28.000000000Z,181,200.44,10.7403,40031,0.4156
NML,2026-01-05T09:22:59.000000000Z,180.7,200,10.6807,53134,0.5516
NML,2026-01-05T09:25:32.000000000Z,180.5,200.04,10.8255,57459,0.5965
NML,2026-01-05T09:27:39.000000000Z,180.99,200,10.5033,291976,3.0312
NML,2026-01-05T09:30:40.000000000Z,180.8,200.19,10.7246,61369,0.6371
NML,2026-01-05T09:32:47.000000000Z,181.37,199.05,9.7480,38980,0.4047
NML,2026-01-05T09:34:41.000000000Z,181.32,199.1,9.8059,24441,0.2537
NML,2026-01-05T09:36:59.000000000Z,181.47,199,9.6600,47545,0.4936
NML,2026-01-05T09:39:14.000000000Z,181.2,198.84,9.7351,50947,0.5289
NML,2026-01-05T09:41:06.000000000Z,180.8,199.01,10.0719,48475,0.5033
NML,2026-01-05T09:43:34.000000000Z,180.9,199.68,10.3814,112923,1.1723
NML,2026-01-05T09:45:55.000000000Z,181.47,199.39,9.8749,158252,1.6429
NML,2026-01-05T09:47:06.000000000Z,181.98,198.76,9.2208,153173,1.5902
NML,2026-01-05T09:48:03.000000000Z,181.59,198.2,9.1470,212765,2.2089
NML,2026-01-05T09:49:04.000000000Z,180,198,10.0000,70687,0.7339
NML,2026-01-05T09:50:34.000000000Z,179.5,198,10.3064,41923,0.4352
NML,2026-01-05T09:52:09.000000000Z,179.4,198.3,10.5351,180745,1.8764
NML,2026-01-05T09:53:21.000000000Z,178.48,198.44,11.1833,95781,0.9944
NML,2026-01-05T09:54:22.000000000Z,178.43,198.2,11.0800,35541,0.3690
NML,2026-01-05T09:56:09.000000000Z,177.81,198.2,11.4673,96204,0.9988
NML,2026-01-05T09:57:31.000000000Z,178.7,198.45,11.0520,123653,1.2837
NML,2026-01-05T09:59:33.000000000Z,178,198.01,11.2416,64386,0.6684
NML,2026-01-05T10:01:17.000000000Z,177.99,198.3,11.4108,97303,1.0102
NML,2026-01-05T10:02:48.000000000Z,177.97,197.62,11.0412,86807,0.9012
NML,2026-01-05T10:04:03.000000000Z,177.5,197.52,11.2789,93230,0.9679
NML,2026-01-05T10:05:50.000000000Z,177,197.55,11.6102,97538,1.0126
NML,2026-01-05T10:07:31.000000000Z,176.97,197.9,11.8269,11800,0.1225
NML,2026-01-05T10:09:12.000000000Z,177.55,197.9,11.4616,55303,0.5741
NML,2026-01-05T10:11:19.000000000Z,177.8,197,10.7987,320040,3.3226
NML,2026-01-05T10:13:15.000000000Z,177.65,197,10.8922,81835,0.8496
NML,2026-01-05T10:15:31.000000000Z,176.99,196.96,11.2831,134931,1.4008
NML,2026-01-05T10:18:32.000000000Z,177.49,196.8,10.8795,10610,0.1102
NML,2026-01-05T10:20:46.000000000Z,177.68,196.94,10.8397,45578,0.4732
NML,2026-01-05T10:24:00.000000000Z,177.01,196.53,11.0276,30256,0.3141
NML,2026-01-05T10:26:16.000000000Z,177.6,195.38,10.0113,218149,2.2648
NML,2026-01-05T10:28:08.000000000Z,177.5,196,10.4225,122716,1.2740
NML,2026-01-05T10:29:51.000000000Z,177,195.75,10.5932,126899,1.3174
NML,2026-01-06T04:32:14.000000000Z,178.5,195.75,9.6639,52407,0.5441
NML,2026-01-06T04:34:05.000000000Z,178.55,195.75,9.6332,43664,0.4533
NML,2026-01-06T04:35:58.000000000Z,178.51,195.49,9.5121,46996,0.4879
NML,2026-01-06T04:38:06.000000000Z,178.5,195.01,9.2493,153676,1.5954
NML,2026-01-06T04:40:09.000000000Z,178.31,195.3,9.5283,26815,0.2784
NML,2026-01-06T04:42:44.000000000Z,178.8,195.51,9.3456,100901,1.0475
NML,2026-01-06T04:45:00.000000000Z,178.88,195.61,9.3526,19376,0.2012
NML,2026-01-06T04:47:52.000000000Z,178.5,195.93,9.7647,14768,0.1533
NML,2026-01-06T04:50:44.000000000Z,178.73,196.38,9.8752,31754,0.3297
NML,2026-01-06T04:52:46.000000000Z,178.4,196.5,10.1457,41497,0.4308
NML,2026-01-06T04:55:32.000000000Z,178,196.99,10.6685,236220,2.4524
NML,2026-01-06T04:57:39.000000000Z,172.5,196.55,13.9420,64351,0.6681
NML,2026-01-06T04:58:33.000000000Z,174.5,196.4,12.5501,44974,0.4669
NML,2026-01-06T04:59:37.000000000Z,174.85,196.8,12.5536,32475,0.3371
NML,2026-01-06T05:01:11.000000000Z,174,196,12.6437,45716,0.4746
NML,2026-01-06T05:02:39.000000000Z,174.52,196.74,12.7321,85167,0.8842
NML,2026-01-06T05:03:47.000000000Z,175,197,12.5714,167975,1.7439
NML,2026-01-06T05:04:53.000000000Z,175.5,196.9,12.1937,96550,1.0024
NML,2026-01-06T05:06:03.000000000Z,176.5,197.2,11.7280,62292,0.6467
NML,2026-01-06T05:07:31.000000000Z,176.33,197.35,11.9208,80220,0.8328
NML,2026-01-06T05:09:09.000000000Z,176.38,197.35,11.8891,59229,0.6149
NML,2026-01-06T05:10:53.000000000Z,176.5,197,11.6147,95712,0.9937
NML,2026-01-06T05:12:17.000000000Z,176.2,197.2,11.9183,93448,0.9702
NML,2026-01-06T05:14:16.000000000Z,175.98,197.25,12.0866,25007,0.2596
NML,2026-01-06T05:16:51.000000000Z,175.78,197.6,12.4132,29819,0.3096
NML,2026-01-06T05:19:13.000000000Z,175.01,197.5,12.8507,15865,0.1647
NML,2026-01-06T05:21:52.000000000Z,175.44,197.5,12.5741,24066,0.2498
NML,2026-01-06T05:24:10.000000000Z,175.35,197.26,12.4950,51696,0.5367
NML,2026-01-06T05:26:01.000000000Z,175,197.44,12.8229,39572,0.4108
NML,2026-01-06T05:28:00.000000000Z,174.11,197.5,13.4340,39245,0.4074
NML,2026-01-06T05:29:57.000000000Z,175,197.3,12.7429,53824,0.5588
NML,2026-01-06T05:31:49.000000000Z,175,197.1,12.6286,158923,1.6499
NML,2026-01-06T05:33:38.000000000Z,175.2,197.29,12.6084,399546,4.1480
NML,2026-01-06T05:34:59.000000000Z,175.99,197.3,12.1086,241582,2.5080
NML,2026-01-06T05:36:04.000000000Z,175.39,197.5,12.6062,115426,1.1983
NML,2026-01-06T05:37:35.000000000Z,175,197.48,12.8457,240472,2.4965
NML,2026-01-06T05:38:37.000000000Z,175,197.51,12.8629,67108,0.6967
NML,2026-01-06T05:39:53.000000000Z,175.47,197.99,12.8341,37942,0.3939
NML,2026-01-06T05:41:17.000000000Z,175.47,198.25,12.9823,63502,0.6593
NML,2026-01-06T05:42:57.000000000Z,175,198.1,13.2000,37792,0.3923
NML,2026-01-06T05:44:09.000000000Z,175.49,198.23,12.9580,43629,0.4529
NML,2026-01-06T05:45:22.000000000Z,175.85,198,12.5960,66598,0.6914
NML,2026-01-06T05:46:42.000000000Z,175.65,198,12.7242,92047,0.9556
NML,2026-01-06T05:48:15.000000000Z,175.49,197.55,12.5705,44913,0.4663
NML,2026-01-06T05:51:41.000000000Z,175.5,197.5,12.5356,98926,1.0270
NML,2026-01-06T05:53:17.000000000Z,176,197.35,12.1307,28322,0.2940
NML,2026-01-06T05:54:49.000000000Z,175.9,197.39,12.2172,19853,0.2061
NML,2026-01-06T05:56:55.000000000Z,175.91,197.21,12.1085,40677,0.4223
NML,2026-01-06T05:58:58.000000000Z,176,197.1,11.9886,17251,0.1791
NML,2026-01-06T06:01:07.000000000Z,176,197.5,12.2159,40744,0.4230
NML,2026-01-06T06:04:25.000000000Z,176.22,197.62,12.1439,13376,0.1389
NML,2026-01-06T06:07:31.000000000Z,175.8,197.5,12.3436,22916,0.2379
NML,2026-01-06T06:10:55.000000000Z,175.83,197.71,12.4438,16190,0.1681
NML,2026-01-06T06:13:44.000000000Z,176,197.7,12.3295,72923,0.7571
NML,2026-01-06T06:17:52.000000000Z,175.9,197.7,12.3934,16336,0.1696
NML,2026-01-06T06:20:59.000000000Z,175.89,197.55,12.3145,6256,0.0649
NML,2026-01-06T06:24:32.000000000Z,175.78,197.7,12.4701,46920,0.4871
NML,2026-01-06T06:27:54.000000000Z,175.84,197.58,12.3635,140350,1.4571
NML,2026-01-06T06:30:26.000000000Z,175,197.78,13.0171,53702,0.5575
NML,2026-01-06T06:32:58.000000000Z,175,197.7,12.9714,26678,0.2770
NML,2026-01-06T06:35:26.000000000Z,174.99,197.9,13.0922,60703,0.6302
NML,2026-01-06T06:38:20.000000000Z,175,198,13.1429,22149,0.2299
NML,2026-01-06T06:42:22.000000000Z,174.95,197.6,12.9466,38563,0.4004
NML,2026-01-06T06:45:40.000000000Z,175,197.5,12.8571,77745,0.8071
NML,2026-01-06T06:47:56.000000000Z,175.09,197.79,12.9648,22199,0.2305
NML,2026-01-06T06:51:54.000000000Z,174.91,197.55,12.9438,7591,0.0788
NML,2026-01-06T06:56:44.000000000Z,174.75,197.51,13.0243,25877,0.2686
NML,2026-01-06T07:02:16.000000000Z,174.9,197.51,12.9274,56801,0.5897
NML,2026-01-06T07:04:43.000000000Z,175.52,197.45,12.4943,64539,0.6700
NML,2026-01-06T07:06:01.000000000Z,175.5,197.6,12.5926,23647,0.2455
NML,2026-01-06T07:07:34.000000000Z,175.45,197.57,12.6076,122788,1.2748
NML,2026-01-06T07:08:57.000000000Z,175.25,198.99,13.5464,137304,1.4255
NML,2026-01-06T07:10:15.000000000Z,175.49,198.71,13.2315,99140,1.0292
NML,2026-01-06T07:11:41.000000000Z,175.75,199.17,13.3257,209072,2.1705
NML,2026-01-06T07:14:24.000000000Z,176,197.65,12.3011,110787,1.1502
NML,2026-01-06T07:16:14.000000000Z,176.25,197.91,12.2894,73957,0.7678
NML,2026-01-06T07:18:34.000000000Z,176,197.11,11.9943,40428,0.4197
NML,2026-01-06T07:21:26.000000000Z,176.1,197,11.8683,29732,0.3087
NML,2026-01-06T07:24:48.000000000Z,176,196.75,11.7898,35869,0.3724
NML,2026-01-06T07:27:46.000000000Z,176.19,196.75,11.6692,105924,1.0997
NML,2026-01-06T07:31:46.000000000Z,176.1,196.8,11.7547,64499,0.6696
NML,2026-01-06T07:36:58.000000000Z,175.75,197.02,12.1024,62227,0.6460
NML,2026-01-06T07:41:12.000000000Z,176.39,197.35,11.8828,30673,0.3184
NML,2026-01-06T07:43:57.000000000Z,176.47,197.4,11.8604,49553,0.5144
NML,2026-01-06T07:47:54.000000000Z,176.45,197,11.6464,100504,1.0434
NML,2026-01-06T07:52:07.000000000Z,176.51,197.16,11.6991,76854,0.7979
NML,2026-01-06T07:55:18.000000000Z,177.5,197.26,11.1324,81588,0.8470
NML,2026-01-06T07:56:36.000000000Z,177.2,197,11.1738,96936,1.0064
NML,2026-01-06T07:58:30.000000000Z,177.5,196.84,10.8958,34915,0.3625
NML,2026-01-06T08:00:33.000000000Z,177.9,196.78,10.6127,29859,0.3100
NML,2026-01-06T08:02:17.000000000Z,178,196.55,10.4213,47390,0.4920
NML,2026-01-06T08:04:38.000000000Z,178,196.25,10.2528,49661,0.5156
NML,2026-01-06T08:06:33.000000000Z,177.5,195.9,10.3662,110477,1.1469
NML,2026-01-06T08:08:35.000000000Z,177.24,195.95,10.5563,41977,0.4358
NML,2026-01-06T08:11:16.000000000Z,177.48,195.69,10.2603,15247,0.1583
NML,2026-01-06T08:14:41.000000000Z,177.01,195.89,10.6661,81601,0.8472
NML,2026-01-06T08:17:56.000000000Z,177.9,195.6,9.9494,57679,0.5988
NML,2026-01-06T08:19:34.000000000Z,177.5,195.6,10.1972,111678,1.1594
NML,2026-01-06T08:22:14.000000000Z,177.98,195.5,9.8438,184434,1.9147
NML,2026-01-06T08:23:37.000000000Z,178.25,195.29,9.5596,68266,0.7087
NML,2026-01-06T08:25:02.000000000Z,178,195.35,9.7472,281032,2.9176
NML,2026-01-06T08:26:19.000000000Z,178.75,195.5,9.3706,158618,1.6467
NML,2026-01-06T08:27:41.000000000Z,178.5,195.25,9.3838,44957,0.4667
NML,2026-01-06T08:29:32.000000000Z,178.05,195.96,10.0590,57144,0.5933
NML,2026-01-06T08:31:33.000000000Z,178.25,195.96,9.9355,106444,1.1051
NML,2026-01-06T08:33:33.000000000Z,177,195.92,10.6893,83698,0.8689
NML,2026-01-06T08:34:50.000000000Z,177.6,196.1,10.4167,55184,0.5729
NML,2026-01-06T08:36:41.000000000Z,178,196.5,10.3933,148101,1.5375
NML,2026-01-06T08:38:46.000000000Z,178,196.78,10.5506,65136,0.6762
NML,2026-01-06T08:42:23.000000000Z,177.5,196.6,10.7606,41839,0.4344
NML,2026-01-06T08:45:54.000000000Z,177.5,196.84,10.8958,52975,0.5500
NML,2026-01-06T08:47:55.000000000Z,177,196.5,11.0169,31984,0.3320
NML,2026-01-06T08:51:54.000000000Z,176.95,196.4,10.9918,104786,1.0879
NML,2026-01-06T08:55:41.000000000Z,177.37,196.7,10.8981,19623,0.2037
NML,2026-01-06T08:57:15.000000000Z,177,196.26,10.8814,90698,0.9416
NML,2026-01-06T08:59:28.000000000Z,176.3,196.9,11.6846,97306,1.0102
NML,2026-01-06T09:01:15.000000000Z,176.89,196.89,11.3065,42345,0.4396
NML,2026-01-06T09:03:32.000000000Z,176.74,197.4,11.6895,79227,0.8225
NML,2026-01-06T09:06:21.000000000Z,177,197.58,11.6271,27642,0.2870
NML,2026-01-06T09:11:43.000000000Z,176.99,197.7,11.7012,34255,0.3556
NML,2026-01-06T09:16:02.000000000Z,176.32,197.73,12.1427,47497,0.4931
NML,2026-01-06T09:21:21.000000000Z,176.5,197.5,11.8980,28536,0.2963
NML,2026-01-06T09:25:53.000000000Z,176.51,198.93,12.7018,154524,1.6042
NML,2026-01-06T09:31:25.000000000Z,176.75,197.71,11.8586,115895,1.2032
NML,2026-01-06T09:35:29.000000000Z,176.5,197.9,12.1246,40812,0.4237
NML,2026-01-06T09:38:44.000000000Z,176.25,197.2,11.8865,80155,0.8321
NML,2026-01-06T09:41:53.000000000Z,176.5,197.2,11.7280,88840,0.9223
NML,2026-01-06T09:45:05.000000000Z,176.8,197.6,11.7647,75561,0.7845
NML,2026-01-06T09:48:45.000000000Z,176.9,197,11.3624,86691,0.9000
NML,2026-01-06T09:54:01.000000000Z,176.5,197.3,11.7847,101159,1.0502
NML,2026-01-06T09:57:47.000000000Z,176.8,197.01,11.4310,46141,0.4790
NML,2026-01-06T10:02:01.000000000Z,176.52,197.1,11.6587,74644,0.7749
NML,2026-01-06T10:05:46.000000000Z,176.85,197.69,11.7840,68981,0.7161
NML,2026-01-06T10:10:20.000000000Z,176.89,198,11.9340,171789,1.7835
NML,2026-01-06T10:13:46.000000000Z,176.98,198,11.8770,104317,1.0830
NML,2026-01-06T10:17:14.000000000Z,177,197.5,11.5819,130710,1.3570
NML,2026-01-06T10:20:47.000000000Z,177,196.6,11.0734,97581,1.0131
NML,2026-01-06T10:23:45.000000000Z,176.8,196.79,11.3066,98617,1.0238
NML,2026-01-06T10:27:18.000000000Z,176.64,196.8,11.4130,47153,0.4895
NML,2026-01-06T10:29:14.000000000Z,176.88,196.7,11.2053,67718,0.7030
NML,2026-01-07T04:32:06.000000000Z,178.59,196.6,10.0846,18160,0.1885
NML,2026-01-07T04:33:31.000000000Z,178.45,197.45,10.6472,98624,1.0239
NML,2026-01-07T04:35:39.000000000Z,178.55,197.29,10.4957,66622,0.6917
NML,2026-01-07T04:36:45.000000000Z,179,197,10.0559,175685,1.8239
NML,2026-01-07T04:37:49.000000000Z,180,196.51,9.1722,170994,1.7752
NML,2026-01-07T04:39:07.000000000Z,179.7,197,9.6272,28040,0.2911
NML,2026-01-07T04:40:18.000000000Z,179.54,197.1,9.7806,67780,0.7037
NML,2026-01-07T04:41:23.000000000Z,179.48,196.62,9.5498,67567,0.7015
NML,2026-01-07T04:43:04.000000000Z,179.1,196.41,9.6650,80178,0.8324
NML,2026-01-07T04:45:05.000000000Z,178.6,196.9,10.2464,33627,0.3491
NML,2026-01-07T04:46:37.000000000Z,179.45,196.73,9.6294,114859,1.1924
NML,2026-01-07T04:47:47.000000000Z,179.91,197,9.4992,146393,1.5198
NML,2026-01-07T04:48:44.000000000Z,181,197,8.8398,154738,1.6064
NML,2026-01-07T04:49:45.000000000Z,181.48,196.98,8.5409,154952,1.6087
NML,2026-01-07T04:50:44.000000000Z,180.67,196.7,8.8725,138467,1.4375
NML,2026-01-07T04:51:44.000000000Z,180.98,196.9,8.7966,121528,1.2617
NML,2026-01-07T04:52:44.000000000Z,180.39,197,9.2078,69448,0.7210
NML,2026-01-07T04:54:02.000000000Z,180.09,197,9.3897,176789,1.8354
NML,2026-01-07T04:55:25.000000000Z,179.7,197.04,9.6494,346858,3.6010
NML,2026-01-07T04:56:33.000000000Z,180.8,197.25,9.0985,120863,1.2548
NML,2026-01-07T04:58:06.000000000Z,180,197.4,9.6667,96146,0.9982
NML,2026-01-07T04:59:18.000000000Z,180.05,197.25,9.5529,75618,0.7850
NML,2026-01-07T05:00:54.000000000Z,180.12,197.05,9.3993,255957,2.6573
NML,2026-01-07T05:02:19.000000000Z,179.9,197.15,9.5887,109994,1.1419
NML,2026-01-07T05:03:51.000000000Z,180,197.15,9.5278,250950,2.6053
NML,2026-01-07T05:05:48.000000000Z,180,198.88,10.4889,286866,2.9782
NML,2026-01-07T05:07:40.000000000Z,180,197,9.4444,314234,3.2623
NML,2026-01-07T05:08:41.000000000Z,181.99,195.95,7.6708,429151,4.4553
NML,2026-01-07T05:09:35.000000000Z,182.5,196.9,7.8904,48719,0.5058
NML,2026-01-07T05:10:30.000000000Z,182.25,197.9,8.5871,227928,2.3663
NML,2026-01-07T05:11:37.000000000Z,182,198.03,8.8077,406806,4.2234
NML,2026-01-07T05:12:31.000000000Z,183.2,197.6,7.8603,281599,2.9235
NML,2026-01-07T05:13:26.000000000Z,182.5,198.4,8.7123,74179,0.7701
NML,2026-01-07T05:14:26.000000000Z,182.25,198.79,9.0754,122126,1.2679
NML,2026-01-07T05:15:30.000000000Z,181.95,198.5,9.0959,212353,2.2046
NML,2026-01-07T05:16:41.000000000Z,181.65,197.5,8.7256,76044,0.7895
NML,2026-01-07T05:18:17.000000000Z,181.88,197.5,8.5881,19680,0.2043
NML,2026-01-07T05:20:07.000000000Z,181.89,197.03,8.3237,37777,0.3922
NML,2026-01-07T05:21:34.000000000Z,181.89,197.01,8.3127,53155,0.5518
NML,2026-01-07T05:23:36.000000000Z,181.5,196.3,8.1543,65654,0.6816
NML,2026-01-07T05:25:09.000000000Z,181.49,196.5,8.2704,59768,0.6205
NML,2026-01-07T05:27:07.000000000Z,182.3,196.7,7.8991,47243,0.4905
NML,2026-01-07T05:28:19.000000000Z,182.3,196.4,7.7345,55117,0.5722
NML,2026-01-07T05:31:01.000000000Z,182.31,195.4,7.1801,103428,1.0738
NML,2026-01-07T05:33:00.000000000Z,182.4,194.8,6.7982,137168,1.4240
NML,2026-01-07T05:34:16.000000000Z,182,194.76,7.0110,35510,0.3687
NML,2026-01-07T05:36:19.000000000Z,182.4,194.6,6.6886,182149,1.8910
NML,2026-01-07T05:38:04.000000000Z,183,195,6.5574,141355,1.4675
NML,2026-01-07T05:39:22.000000000Z,182.5,194.78,6.7288,52812,0.5483
NML,2026-01-07T05:41:06.000000000Z,183,194.48,6.2732,67819,0.7041
NML,2026-01-07T05:42:40.000000000Z,183.25,194.48,6.1282,54793,0.5688
NML,2026-01-07T05:44:14.000000000Z,183.52,194.6,6.0375,61953,0.6432
NML,2026-01-07T05:45:30.000000000Z,183.01,195,6.5516,385082,3.9978
NML,2026-01-07T05:46:54.000000000Z,182.6,195.4,7.0099,164859,1.7115
NML,2026-01-07T05:48:36.000000000Z,182.69,195,6.7382,197794,2.0534
NML,2026-01-07T05:50:23.000000000Z,182.3,195.69,7.3450,69236,0.7188
NML,2026-01-07T05:52:12.000000000Z,182.4,195.99,7.4507,66922,0.6948
NML,2026-01-07T05:55:00.000000000Z,182.39,196,7.4620,66075,0.6860
NML,2026-01-07T05:57:05.000000000Z,182.5,196.49,7.6658,118842,1.2338
NML,2026-01-07T05:59:27.000000000Z,182.34,196.64,7.8425,42026,0.4363
NML,2026-01-07T06:03:45.000000000Z,182.44,196.49,7.7012,186210,1.9332
NML,2026-01-07T06:06:44.000000000Z,182,196.63,8.0385,42055,0.4366
NML,2026-01-07T06:09:43.000000000Z,181.82,196.49,8.0684,56954,0.5913
NML,2026-01-07T06:13:30.000000000Z,181.6,196.3,8.0947,72530,0.7530
NML,2026-01-07T06:17:05.000000000Z,182.29,195.48,7.2357,51702,0.5368
NML,2026-01-07T06:21:15.000000000Z,182.03,195.1,7.1801,53751,0.5580
NML,2026-01-07T06:25:33.000000000Z,182,195.2,7.2527,78119,0.8110
NML,2026-01-07T06:27:43.000000000Z,183,195.01,6.5628,188670,1.9587
NML,2026-01-07T06:28:49.000000000Z,183.9,194.71,5.8782,172258,1.7883
NML,2026-01-07T06:29:46.000000000Z,183.65,194.75,6.0441,170757,1.7728
NML,2026-01-07T06:30:57.000000000Z,183.75,194.49,5.8449,114336,1.1870
NML,2026-01-07T06:32:07.000000000Z,184.37,194.2,5.3317,150332,1.5607
NML,2026-01-07T06:33:02.000000000Z,184.5,194.4,5.3659,216100,2.2435
NML,2026-01-07T06:34:03.000000000Z,183.87,194.05,5.5365,47142,0.4894
NML,2026-01-07T06:35:31.000000000Z,183.6,193,5.1198,94089,0.9768
NML,2026-01-07T06:36:49.000000000Z,183.98,193.5,5.1745,62460,0.6484
NML,2026-01-07T06:38:06.000000000Z,183.6,193.7,5.5011,71724,0.7446
NML,2026-01-07T06:39:42.000000000Z,184.25,193.4,4.9661,98658,1.0242
NML,2026-01-07T06:40:56.000000000Z,184.24,193,4.7547,119490,1.2405
NML,2026-01-07T06:42:15.000000000Z,184.29,192.75,4.5906,72656,0.7543
NML,2026-01-07T06:43:36.000000000Z,184.18,192.99,4.7834,39391,0.4089
NML,2026-01-07T06:45:11.000000000Z,184.48,192.92,4.5750,55037,0.5714
NML,2026-01-07T06:46:39.000000000Z,184.15,192.95,4.7787,73012,0.7580
NML,2026-01-07T06:47:59.000000000Z,184.7,192.74,4.3530,211333,2.1940
NML,2026-01-07T06:49:14.000000000Z,185,193,4.3243,241705,2.5093
NML,2026-01-07T06:50:26.000000000Z,185,192.95,4.2973,276844,2.8741
NML,2026-01-07T06:51:22.000000000Z,185,192.95,4.2973,117937,1.2244
NML,2026-01-07T06:52:29.000000000Z,185.03,193.89,4.7884,374991,3.8931
NML,2026-01-07T06:53:32.000000000Z,186,193.5,4.0323,129221,1.3415
NML,2026-01-07T06:54:32.000000000Z,185.9,193.78,4.2388,75614,0.7850
NML,2026-01-07T06:55:38.000000000Z,186.1,193.85,4.1644,50883,0.5283
NML,2026-01-07T06:56:45.000000000Z,185.5,194.3,4.7439,62582,0.6497
NML,2026-01-07T06:57:50.000000000Z,185.7,194.3,4.6311,18454,0.1916
NML,2026-01-07T06:59:04.000000000Z,185.5,194.2,4.6900,31984,0.3320
NML,2026-01-07T07:00:49.000000000Z,185.4,194.01,4.6440,40228,0.4176
NML,2026-01-07T07:02:32.000000000Z,185.3,194,4.6951,14031,0.1457
NML,2026-01-07T07:04:16.000000000Z,185.15,193.75,4.6449,22859,0.2373
NML,2026-01-07T07:06:21.000000000Z,185.35,193.31,4.2946,10499,0.1090
NML,2026-01-07T07:08:22.000000000Z,185.52,193.56,4.3338,88540,0.9192
NML,2026-01-07T07:10:01.000000000Z,184.92,193.01,4.3749,37642,0.3908
NML,2026-01-07T07:11:36.000000000Z,184.8,193.01,4.4426,25741,0.2672
NML,2026-01-07T07:13:32.000000000Z,184.06,193.11,4.9169,42815,0.4445
NML,2026-01-07T07:15:13.000000000Z,183.82,192.75,4.8580,44306,0.4600
NML,2026-01-07T07:16:55.000000000Z,183.99,192.72,4.7448,31235,0.3243
NML,2026-01-07T07:19:12.000000000Z,184.78,193,4.4485,87826,0.9118
NML,2026-01-07T07:20:43.000000000Z,184,193,4.8913,43171,0.4482
NML,2026-01-07T07:22:32.000000000Z,184.47,193,4.6241,14516,0.1507
NML,2026-01-07T07:24:59.000000000Z,184.4,193.27,4.8102,23658,0.2456
NML,2026-01-07T07:27:23.000000000Z,184,193.12,4.9565,13989,0.1452
NML,2026-01-07T07:30:39.000000000Z,183.8,192.95,4.9782,12338,0.1281
NML,2026-01-07T07:35:02.000000000Z,183.97,192.75,4.7725,37434,0.3886
NML,2026-01-07T07:38:55.000000000Z,183.81,193.74,5.4023,35422,0.3677
NML,2026-01-07T07:43:20.000000000Z,183.7,193.69,5.4382,17952,0.1864
NML,2026-01-07T07:47:02.000000000Z,183.8,193.7,5.3863,14715,0.1528
NML,2026-01-07T07:52:00.000000000Z,183.8,193.75,5.4135,53179,0.5521
NML,2026-01-07T07:55:11.000000000Z,183.5,193.78,5.6022,56858,0.5903
NML,2026-01-07T07:57:15.000000000Z,183.87,193.75,5.3734,46226,0.4799
NML,2026-01-07T07:59:07.000000000Z,183.7,193.9,5.5525,13319,0.1383
NML,2026-01-07T08:01:13.000000000Z,183.94,194.5,5.7410,32617,0.3386
NML,2026-01-07T08:03:31.000000000Z,183.93,194.01,5.4803,41544,0.4313
NML,2026-01-07T08:05:58.000000000Z,183.5,194,5.7221,40994,0.4256
NML,2026-01-07T08:08:15.000000000Z,184,193.97,5.4185,35710,0.3707
NML,2026-01-07T08:10:29.000000000Z,184,194.47,5.6902,66475,0.6901
NML,2026-01-07T08:12:53.000000000Z,184,194.15,5.5163,23630,0.2453
NML,2026-01-07T08:15:54.000000000Z,183.8,194.05,5.5767,71458,0.7419
NML,2026-01-07T08:19:23.000000000Z,183.8,194.05,5.5767,47406,0.4922
NML,2026-01-07T08:22:52.000000000Z,183.9,194.61,5.8238,26637,0.2765
NML,2026-01-07T08:27:34.000000000Z,183.75,194.75,5.9864,29704,0.3084
NML,2026-01-07T08:30:48.000000000Z,183.5,194.7,6.1035,53731,0.5578
NML,2026-01-07T08:32:28.000000000Z,182.88,194.85,6.5453,44038,0.4572
NML,2026-01-07T08:34:15.000000000Z,183.42,194.64,6.1171,62057,0.6443
NML,2026-01-07T08:36:25.000000000Z,182.45,195,6.8786,65406,0.6790
NML,2026-01-07T08:38:11.000000000Z,182.89,195.39,6.8347,50956,0.5290
NML,2026-01-07T08:40:48.000000000Z,182.62,195.5,7.0529,32662,0.3391
NML,2026-01-07T08:44:49.000000000Z,183,195.5,6.8306,44152,0.4584
NML,2026-01-07T08:47:23.000000000Z,183.49,195.5,6.5453,19444,0.2019
NML,2026-01-07T08:51:17.000000000Z,183.46,195.25,6.4265,47577,0.4939
NML,2026-01-07T08:55:20.000000000Z,183.5,195.04,6.2888,22135,0.2298
NML,2026-01-07T08:59:05.000000000Z,183.75,194.5,5.8503,100899,1.0475
NML,2026-01-07T09:01:47.000000000Z,183.6,194.6,5.9913,76000,0.7890
NML,2026-01-07T09:04:37.000000000Z,183.55,194.01,5.6987,30281,0.3144
NML,2026-01-07T09:10:00.000000000Z,183.49,193.8,5.6188,100561,1.0440
NML,2026-01-07T09:12:41.000000000Z,183.4,194,5.7797,21370,0.2219
NML,2026-01-07T09:15:42.000000000Z,183,194.02,6.0219,48300,0.5014
NML,2026-01-07T09:19:44.000000000Z,183,193.9,5.9563,53846,0.5590
NML,2026-01-07T09:22:56.000000000Z,183.4,193.89,5.7197,16575,0.1721
NML,2026-01-07T09:26:24.000000000Z,183.4,193.94,5.7470,29795,0.3093
NML,2026-01-07T09:29:46.000000000Z,183.42,193.78,5.6482,18614,0.1932
NML,2026-01-07T09:33:22.000000000Z,183.5,194.29,5.8801,55028,0.5713
NML,2026-01-07T09:36:43.000000000Z,183.35,194.3,5.9722,39955,0.4148
NML,2026-01-07T09:39:17.000000000Z,183.2,194.6,6.2227,69617,0.7227
NML,2026-01-07T09:42:18.000000000Z,183.5,194.75,6.1308,27429,0.2848
NML,2026-01-07T09:45:16.000000000Z,183.7,194.74,6.0098,87967,0.9132
NML,2026-01-07T09:48:04.000000000Z,183.75,194.36,5.7741,40567,0.4212
NML,2026-01-07T09:52:08.000000000Z,183.69,194.89,6.0972,13861,0.1439
NML,2026-01-07T09:56:32.000000000Z,183.6,194.74,6.0675,27435,0.2848
NML,2026-01-07T10:00:47.000000000Z,183.25,194.6,6.1937,62777,0.6517
NML,2026-01-07T10:02:33.000000000Z,183.25,195,6.4120,100492,1.0433
NML,2026-01-07T10:05:18.000000000Z,183.24,195.46,6.6688,77660,0.8062
NML,2026-01-07T10:08:10.000000000Z,183,195.4,6.7760,117980,1.2248
NML,2026-01-07T10:11:19.000000000Z,182.98,195.78,6.9953,135846,1.4103
NML,2026-01-07T10:13:28.000000000Z,182.89,195.89,7.1081,89108,0.9251
NML,2026-01-07T10:16:07.000000000Z,182.5,195.74,7.2548,26236,0.2724
NML,2026-01-07T10:18:10.000000000Z,182.61,195.49,7.0533,31584,0.3279
NML,2026-01-07T10:20:06.000000000Z,183.44,195.03,6.3181,56429,0.5858
NML,2026-01-07T10:21:33.000000000Z,183.65,195.04,6.2020,37170,0.3859
NML,2026-01-07T10:23:43.000000000Z,183.5,195,6.2670,33933,0.3523
NML,2026-01-07T10:26:09.000000000Z,183.5,195.16,6.3542,99685,1.0349
NML,2026-01-07T10:27:59.000000000Z,183.32,195.73,6.7696,42331,0.4395
NML,2026-01-07T10:29:55.000000000Z,183.13,195,6.4817,82451,0.8560
NML,2026-01-08T04:32:11.000000000Z,183.5,196.5,7.0845,135860,1.4105
NML,2026-01-08T04:34:08.000000000Z,184,196.5,6.7935,99440,1.0324
NML,2026-01-08T04:35:16.000000000Z,183.9,196.95,7.0962,151399,1.5718
NML,2026-01-08T04:36:21.000000000Z,183.75,196.69,7.0422,127544,1.3241
NML,2026-01-08T04:37:43.000000000Z,184.46,196,6.2561,77644,0.8061
NML,2026-01-08T04:39:16.000000000Z,185,195.29,5.5622,88938,0.9233
NML,2026-01-08T04:40:25.000000000Z,186.45,195.5,4.8538,73913,0.7673
NML,2026-01-08T04:41:26.000000000Z,186,195.8,5.2688,39106,0.4060
NML,2026-01-08T04:42:30.000000000Z,185.84,196.39,5.6769,139563,1.4489
NML,2026-01-08T04:43:32.000000000Z,186.09,196.25,5.4597,40215,0.4175
NML,2026-01-08T04:44:47.000000000Z,186.2,196.04,5.2846,36831,0.3824
NML,2026-01-08T04:45:58.000000000Z,186.18,195.82,5.1778,120108,1.2469
NML,2026-01-08T04:47:01.000000000Z,185.5,195.82,5.5633,54543,0.5663
NML,2026-01-08T04:48:07.000000000Z,185.45,195.75,5.5541,56314,0.5846
NML,2026-01-08T04:49:19.000000000Z,185.16,196.1,5.9084,32792,0.3404
NML,2026-01-08T04:50:53.000000000Z,185.01,196,5.9402,36037,0.3741
NML,2026-01-08T04:52:13.000000000Z,185.01,195.82,5.8429,69261,0.7190
NML,2026-01-08T04:53:41.000000000Z,184.31,196,6.3426,140020,1.4537
NML,2026-01-08T04:54:51.000000000Z,183.6,196,6.7538,67912,0.7050
NML,2026-01-08T04:56:31.000000000Z,184.1,196.25,6.5997,73172,0.7597
NML,2026-01-08T04:57:52.000000000Z,184.51,196.44,6.4658,21033,0.2184
NML,2026-01-08T04:59:42.000000000Z,184.89,196.9,6.4958,90295,0.9374
NML,2026-01-08T05:01:21.000000000Z,185.5,196.5,5.9299,23397,0.2429
NML,2026-01-08T05:02:42.000000000Z,185.7,196.7,5.9235,15126,0.1570
NML,2026-01-08T05:04:19.000000000Z,185.8,196.49,5.7535,53094,0.5512
NML,2026-01-08T05:05:49.000000000Z,186,196.14,5.4516,143997,1.4949
NML,2026-01-08T05:07:14.000000000Z,185.64,196.65,5.9308,104992,1.0900
NML,2026-01-08T05:08:37.000000000Z,186.01,197.17,5.9997,141002,1.4638
NML,2026-01-08T05:10:01.000000000Z,186.5,197.2,5.7373,50263,0.5218
NML,2026-01-08T05:11:13.000000000Z,186.44,197.19,5.7659,44043,0.4572
NML,2026-01-08T05:12:38.000000000Z,186,197.5,6.1828,68882,0.7151
NML,2026-01-08T05:14:22.000000000Z,185.8,197.66,6.3832,50381,0.5230
NML,2026-01-08T05:16:01.000000000Z,185.45,198,6.7673,172850,1.7945
NML,2026-01-08T05:17:58.000000000Z,185,198.87,7.4973,138164,1.4344
NML,2026-01-08T05:19:38.000000000Z,184.84,199.5,7.9312,705696,7.3263
NML,2026-01-08T05:21:38.000000000Z,184.5,201.2,9.0515,542159,5.6285
NML,2026-01-08T05:24:02.000000000Z,184.5,201.7,9.3225,340583,3.5358
NML,2026-01-08T05:26:52.000000000Z,184.4,201.2,9.1106,234882,2.4385
NML,2026-01-08T05:28:45.000000000Z,184.75,200.79,8.6820,130509,1.3549
NML,2026-01-08T05:31:04.000000000Z,184.69,200.64,8.6361,242263,2.5151
NML,2026-01-08T05:33:13.000000000Z,184.5,202.25,9.6206,451017,4.6823
NML,2026-01-08T05:36:28.000000000Z,184.45,201.75,9.3792,389279,4.0414
NML,2026-01-08T05:39:05.000000000Z,184.25,204.25,10.8548,424852,4.4107
NML,2026-01-08T05:42:31.000000000Z,184.3,204.4,10.9061,759043,7.8802
NML,2026-01-08T05:45:40.000000000Z,184.35,204.47,10.9140,222469,2.3096
NML,2026-01-08T05:49:59.000000000Z,184.5,205.5,11.3821,481883,5.0028
NML,2026-01-08T05:53:56.000000000Z,184.49,204.75,10.9816,302725,3.1428
NML,2026-01-08T05:56:54.000000000Z,184.7,205.86,11.4564,241553,2.5077
NML,2026-01-08T06:01:34.000000000Z,184.55,206,11.6229,372766,3.8700
NML,2026-01-08T06:06:19.000000000Z,184.5,206.23,11.7778,311142,3.2302
NML,2026-01-08T06:09:32.000000000Z,184.7,205.25,11.1262,131034,1.3604
NML,2026-01-08T06:14:23.000000000Z,184.7,205.89,11.4727,143479,1.4896
NML,2026-01-08T06:19:58.000000000Z,184.5,205.8,11.5447,210260,2.1829
NML,2026-01-08T06:25:46.000000000Z,184.5,205.75,11.5176,87442,0.9078
NML,2026-01-08T06:31:25.000000000Z,184.41,204.34,10.8074,244098,2.5342
NML,2026-01-08T06:35:48.000000000Z,184.85,203.7,10.1975,141012,1.4639
NML,2026-01-08T06:39:54.000000000Z,184.5,204,10.5691,143624,1.4911
NML,2026-01-08T06:44:50.000000000Z,184.5,203.99,10.5637,123170,1.2787
NML,2026-01-08T06:49:00.000000000Z,184.2,203.3,10.3692,99360,1.0315
NML,2026-01-08T06:52:57.000000000Z,183.85,204.37,11.1613,144480,1.5000
NML,2026-01-08T06:57:00.000000000Z,184.45,203.5,10.3280,155574,1.6151
NML,2026-01-08T06:59:53.000000000Z,185.02,203.48,9.9773,90884,0.9435
NML,2026-01-08T07:02:34.000000000Z,184.9,203.85,10.2488,223017,2.3153
NML,2026-01-08T07:05:57.000000000Z,185.5,203.88,9.9084,101451,1.0532
NML,2026-01-08T07:09:47.000000000Z,184.65,203.9,10.4251,46294,0.4806
NML,2026-01-08T07:15:42.000000000Z,184.95,204,10.3001,29797,0.3093
NML,2026-01-08T07:18:51.000000000Z,184.98,204.3,10.4444,86352,0.8965
NML,2026-01-08T07:21:54.000000000Z,185,204,10.2703,101654,1.0553
NML,2026-01-08T07:25:20.000000000Z,184.8,204.55,10.6872,31390,0.3259
NML,2026-01-08T07:30:18.000000000Z,184.8,204.5,10.6602,64019,0.6646
NML,2026-01-08T07:33:53.000000000Z,184.8,204.5,10.6602,79051,0.8207
NML,2026-01-08T07:36:50.000000000Z,184.52,204.35,10.7468,89226,0.9263
NML,2026-01-08T07:40:57.000000000Z,184.5,204.2,10.6775,77878,0.8085
NML,2026-01-08T07:45:17.000000000Z,184.7,204.2,10.5577,29541,0.3067
NML,2026-01-08T07:52:40.000000000Z,184.94,204.14,10.3817,147379,1.5300
NML,2026-01-08T07:57:01.000000000Z,184.87,205.69,11.2620,100902,1.0475
NML,2026-01-08T08:02:48.000000000Z,184.92,206,11.3995,144517,1.5003
NML,2026-01-08T08:09:21.000000000Z,184.84,206.35,11.6371,116900,1.2136
NML,2026-01-08T08:16:04.000000000Z,184.67,206.9,12.0377,306366,3.1806
NML,2026-01-08T08:24:22.000000000Z,184.5,206.99,12.1897,141358,1.4675
NML,2026-01-08T08:30:22.000000000Z,185,206.74,11.7514,160246,1.6636
NML,2026-01-08T08:32:41.000000000Z,186,206,10.7527,146041,1.5162
NML,2026-01-08T08:34:17.000000000Z,186.11,205.7,10.5260,106472,1.1054
NML,2026-01-08T08:35:28.000000000Z,186.3,204.5,9.7692,142994,1.4845
NML,2026-01-08T08:37:10.000000000Z,186.4,204.65,9.7908,129069,1.3400
NML,2026-01-08T08:38:34.000000000Z,186.6,204.5,9.5927,89816,0.9324
NML,2026-01-08T08:39:51.000000000Z,186.37,203.8,9.3524,46202,0.4797
NML,2026-01-08T08:41:42.000000000Z,185.65,203.5,9.6149,38732,0.4021
NML,2026-01-08T08:43:47.000000000Z,185.5,202.11,8.9542,49738,0.5164
NML,2026-01-08T08:47:49.000000000Z,185.7,203.46,9.5638,130570,1.3555
NML,2026-01-08T08:51:15.000000000Z,186.5,203.75,9.2493,77298,0.8025
NML,2026-01-08T08:54:35.000000000Z,185.13,204.5,10.4629,92295,0.9582
NML,2026-01-08T08:56:45.000000000Z,186,204.1,9.7312,179129,1.8597
NML,2026-01-08T09:00:42.000000000Z,185.87,204.65,10.1038,24043,0.2496
NML,2026-01-08T09:02:54.000000000Z,185.51,204.2,10.0749,60221,0.6252
NML,2026-01-08T09:06:09.000000000Z,186,204.8,10.1075,55760,0.5789
NML,2026-01-08T09:09:07.000000000Z,186,204.75,10.0806,40006,0.4153
NML,2026-01-08T09:14:29.000000000Z,185.75,205.4,10.5787,67136,0.6970
NML,2026-01-08T09:17:42.000000000Z,185.64,205.98,10.9567,116498,1.2095
NML,2026-01-08T09:23:03.000000000Z,185.8,206.23,10.9957,105904,1.0995
NML,2026-01-08T09:27:26.000000000Z,185,206.6,11.6757,82787,0.8595
NML,2026-01-08T09:30:35.000000000Z,184.98,206.3,11.5256,187615,1.9478
NML,2026-01-08T09:33:02.000000000Z,184.5,205.4,11.3279,65570,0.6807
NML,2026-01-08T09:36:24.000000000Z,184.6,205,11.0509,165301,1.7161
NML,2026-01-08T09:40:43.000000000Z,184,205,11.4130,60372,0.6268
NML,2026-01-08T09:45:02.000000000Z,184.34,205.3,11.3703,29648,0.3078
NML,2026-01-08T09:49:24.000000000Z,183.99,205.7,11.7996,39772,0.4129
NML,2026-01-08T09:54:01.000000000Z,183.98,205.99,11.9633,66406,0.6894
NML,2026-01-08T09:58:25.000000000Z,183.51,206.1,12.3100,32863,0.3412
NML,2026-01-08T10:02:00.000000000Z,183.5,206.1,12.3161,69839,0.7250
NML,2026-01-08T10:05:33.000000000Z,183.12,205.92,12.4509,47361,0.4917
NML,2026-01-08T10:07:54.000000000Z,183.12,205.7,12.3307,67117,0.6968
NML,2026-01-08T10:09:37.000000000Z,182.05,205.7,12.9909,84140,0.8735
NML,2026-01-08T10:11:16.000000000Z,181.7,205.71,13.2141,56312,0.5846
NML,2026-01-08T10:12:43.000000000Z,180,205.95,14.4167,142858,1.4831
NML,2026-01-08T10:13:55.000000000Z,180.9,206,13.8751,42347,0.4396
NML,2026-01-08T10:15:16.000000000Z,181.48,206.98,14.0511,275457,2.8597
NML,2026-01-08T10:16:36.000000000Z,180,206.39,14.6611,69949,0.7262
NML,2026-01-08T10:17:53.000000000Z,180,206.02,14.4556,46664,0.4845
NML,2026-01-08T10:19:13.000000000Z,180.33,205.95,14.2073,28629,0.2972
NML,2026-01-08T10:20:48.000000000Z,180.45,206,14.1590,37489,0.3892
NML,2026-01-08T10:22:44.000000000Z,179.99,206.37,14.6564,211126,2.1919
NML,2026-01-08T10:23:58.000000000Z,179.88,206.28,14.6765,50261,0.5218
NML,2026-01-08T10:25:15.000000000Z,179.5,206,14.7632,73285,0.7608
NML,2026-01-08T10:26:32.000000000Z,179.5,205.94,14.7298,115942,1.2037
NML,2026-01-08T10:27:52.000000000Z,178.89,206.25,15.2943,82940,0.8611
NML,2026-01-08T10:28:47.000000000Z,179.49,206.25,14.9089,63047,0.6545
NML,2026-01-08T10:29:58.000000000Z,179.5,206.75,15.1811,124518,1.2927
NML,2026-01-09T04:17:16.000000000Z,179,206.52,15.3743,12884,0.1338
NML,2026-01-09T04:19:32.000000000Z,179,206.4,15.3073,24642,0.2558
NML,2026-01-09T04:21:49.000000000Z,179,206.3,15.2514,10613,0.1102
NML,2026-01-09T04:24:53.000000000Z,179.89,206.21,14.6312,32190,0.3342
NML,2026-01-09T04:27:34.000000000Z,179.5,206.5,15.0418,33314,0.3459
NML,2026-01-09T04:31:01.000000000Z,180,206.6,14.7778,78572,0.8157
NML,2026-01-09T04:32:37.000000000Z,181.5,206.6,13.8292,23819,0.2473
NML,2026-01-09T04:34:19.000000000Z,181.25,206,13.6552,19237,0.1997
NML,2026-01-09T04:36:19.000000000Z,180.78,204.9,13.3422,80146,0.8321
NML,2026-01-09T04:38:38.000000000Z,180.99,204.65,13.0725,47456,0.4927
NML,2026-01-09T04:41:02.000000000Z,181.25,204.78,12.9821,24374,0.2530
NML,2026-01-09T04:44:36.000000000Z,181,204.76,13.1271,28473,0.2956
NML,2026-01-09T04:46:26.000000000Z,180.75,205,13.4163,58135,0.6035
NML,2026-01-09T04:48:53.000000000Z,180.5,205,13.5734,69346,0.7199
NML,2026-01-09T04:52:56.000000000Z,179.56,204.98,14.1568,38164,0.3962
NML,2026-01-09T04:55:15.000000000Z,179.61,204.7,13.9692,20142,0.2091
NML,2026-01-09T04:58:12.000000000Z,180.47,204.1,13.0936,39897,0.4142
NML,2026-01-09T05:01:26.000000000Z,180.3,203.9,13.0893,31930,0.3315
NML,2026-01-09T05:05:15.000000000Z,180.39,204.09,13.1382,119401,1.2396
NML,2026-01-09T05:08:03.000000000Z,180,203.75,13.1944,111785,1.1605
NML,2026-01-09T05:10:32.000000000Z,180,203.3,12.9444,120104,1.2469
NML,2026-01-09T05:12:26.000000000Z,180,203.3,12.9444,67805,0.7039
NML,2026-01-09T05:16:19.000000000Z,180.5,203.55,12.7701,77507,0.8047
NML,2026-01-09T05:19:28.000000000Z,180.1,204,13.2704,111314,1.1556
NML,2026-01-09T05:21:20.000000000Z,180.27,204.42,13.3966,113541,1.1788
NML,2026-01-09T05:24:00.000000000Z,180.61,204.49,13.2219,24699,0.2564
NML,2026-01-09T05:26:54.000000000Z,180.63,204.55,13.2425,110842,1.1507
NML,2026-01-09T05:28:50.000000000Z,182.2,204.52,12.2503,105267,1.0929
NML,2026-01-09T05:29:50.000000000Z,181.99,204.1,12.1490,43663,0.4533
NML,2026-01-09T05:31:15.000000000Z,181.5,203.66,12.2094,28784,0.2988
NML,2026-01-09T05:33:21.000000000Z,181.95,203.89,12.0583,31603,0.3281
NML,2026-01-09T05:36:33.000000000Z,181.9,203.5,11.8747,40674,0.4223
NML,2026-01-09T05:41:33.000000000Z,181.84,203.5,11.9116,73282,0.7608
NML,2026-01-09T05:44:28.000000000Z,182.01,203.3,11.6972,6083,0.0632
NML,2026-01-09T05:48:36.000000000Z,182.01,203,11.5323,72750,0.7553
NML,2026-01-09T05:52:56.000000000Z,181.97,202.98,11.5459,49580,0.5147
NML,2026-01-09T05:55:56.000000000Z,181.86,202.96,11.6023,14448,0.1500
NML,2026-01-09T06:02:20.000000000Z,181.05,203,12.1237,58701,0.6094
NML,2026-01-09T06:06:41.000000000Z,181.37,203.49,12.1961,11265,0.1170
NML,2026-01-09T06:14:19.000000000Z,181.38,203.5,12.1954,29612,0.3074
NML,2026-01-09T06:19:37.000000000Z,181.01,203.25,12.2866,71679,0.7442
NML,2026-01-09T06:25:33.000000000Z,181,203.06,12.1878,70334,0.7302
NML,2026-01-09T06:31:16.000000000Z,180.51,203,12.4591,16758,0.1740
NML,2026-01-09T06:38:25.000000000Z,180.86,203,12.2415,218839,2.2719
NML,2026-01-09T06:42:14.000000000Z,180,203.27,12.9278,68577,0.7119
NML,2026-01-09T06:47:28.000000000Z,180.11,203.7,13.0976,44897,0.4661
NML,2026-01-09T06:52:29.000000000Z,180,203.75,13.1944,125286,1.3007
NML,2026-01-09T06:55:32.000000000Z,180,203.5,13.0556,19699,0.2045
NML,2026-01-09T06:59:56.000000000Z,179.91,203.61,13.1733,6146,0.0638
NML,2026-01-09T06:59:56.000000000Z,179.91,203.8,13.2789,15329,0.1591
NML,2026-01-09T06:59:56.000000000Z,179.91,203.89,13.3289,5945,0.0617
NML,2026-01-09T06:59:56.000000000Z,179.91,203.55,13.1399,25518,0.2649
NML,2026-01-09T09:33:19.000000000Z,179.1,203.2,13.4562,16141,0.1676
NML,2026-01-09T09:35:04.000000000Z,179.01,203.6,13.7367,12962,0.1346
NML,2026-01-09T09:36:47.000000000Z,178.58,203.68,14.0553,21717,0.2255
NML,2026-01-09T09:38:34.000000000Z,178.48,204.44,14.5450,44865,0.4658
NML,2026-01-09T09:40:55.000000000Z,178.5,204.48,14.5546,33962,0.3526
NML,2026-01-09T09:42:23.000000000Z,178.5,204.39,14.5042,37664,0.3910
NML,2026-01-09T09:44:47.000000000Z,178.35,203.73,14.2304,18708,0.1942
NML,2026-01-09T09:47:25.000000000Z,178.35,203.95,14.3538,10243,0.1063
NML,2026-01-09T09:49:18.000000000Z,179.74,204,13.4973,14003,0.1454
NML,2026-01-09T09:52:13.000000000Z,179.67,203.7,13.3745,32578,0.3382
NML,2026-01-09T09:54:35.000000000Z,180.49,203.49,12.7431,12701,0.1319
NML,2026-01-09T09:56:16.000000000Z,180.5,203.36,12.6648,16980,0.1763
NML,2026-01-09T09:58:41.000000000Z,180,203.25,12.9167,96712,1.0040
NML,2026-01-09T10:00:03.000000000Z,180,203.5,13.0556,34411,0.3572
NML,2026-01-09T10:02:51.000000000Z,180.33,203.3,12.7378,32195,0.3342
NML,2026-01-09T10:07:37.000000000Z,180.34,203,12.5652,115079,1.1947
NML,2026-01-09T10:12:10.000000000Z,180.2,203.25,12.7913,21068,0.2187
NML,2026-01-09T10:16:02.000000000Z,180.05,203.69,13.1297,23669,0.2457
NML,2026-01-09T10:19:39.000000000Z,180.35,203.5,12.8362,44777,0.4649
NML,2026-01-09T10:22:37.000000000Z,180.5,203.5,12.7424,20404,0.2118
NML,2026-01-09T10:24:31.000000000Z,180.6,203,12.4031,126292,1.3111
NML,2026-01-09T10:26:10.000000000Z,182.2,203,11.4160,151443,1.5722
NML,2026-01-09T10:27:09.000000000Z,182.5,203,11.2329,219931,2.2833
NML,2026-01-09T10:28:07.000000000Z,183.5,203,10.6267,64058,0.6650
NML,2026-01-09T10:29:03.000000000Z,183.69,202.51,10.2455,310349,3.2220
NML,2026-01-09T10:29:53.000000000Z,185.6,202.79,9.2619,711242,7.3839
NML,2026-01-09T10:30:44.000000000Z,183.7,202.58,10.2776,226959,2.3562
NML,2026-01-09T10:31:39.000000000Z,183.71,202.57,10.2662,32511,0.3375
NML,2026-01-09T10:32:41.000000000Z,183.8,202.86,10.3700,19417,0.2016
NML,2026-01-09T10:33:53.000000000Z,183.98,202.21,9.9087,90952,0.9442
NML,2026-01-09T10:35:15.000000000Z,184.25,202.32,9.8073,88184,0.9155
NML,2026-01-09T10:36:13.000000000Z,184.95,202.3,9.3809,159050,1.6512
NML,2026-01-09T10:37:10.000000000Z,185,202.49,9.4541,82313,0.8546
NML,2026-01-09T10:38:20.000000000Z,184.9,202.25,9.3835,25796,0.2678
NML,2026-01-09T10:39:30.000000000Z,184.03,203,10.3081,33756,0.3504
NML,2026-01-09T10:40:32.000000000Z,183.71,203,10.5002,33496,0.3477
NML,2026-01-09T10:41:50.000000000Z,184,202.32,9.9565,35859,0.3723
NML,2026-01-09T10:43:08.000000000Z,184,202.5,10.0543,25481,0.2645
NML,2026-01-09T10:44:30.000000000Z,183.71,202.41,10.1791,23845,0.2476
NML,2026-01-09T10:46:16.000000000Z,183.89,202.5,10.1202,18664,0.1938
NML,2026-01-09T10:48:19.000000000Z,183.7,202.41,10.1851,13020,0.1352
NML,2026-01-09T10:50:32.000000000Z,183.66,202.48,10.2472,45102,0.4682
NML,2026-01-09T10:52:22.000000000Z,183.06,202.2,10.4556,129914,1.3487
NML,2026-01-09T10:53:44.000000000Z,183.49,201,9.5428,166582,1.7294
NML,2026-01-09T10:55:54.000000000Z,184,201,9.2391,147873,1.5352
NML,2026-01-09T10:57:28.000000000Z,184.4,201.9,9.4902,29897,0.3104
NML,2026-01-09T10:58:44.000000000Z,184.15,201.8,9.5846,200862,2.0853
NML,2026-01-09T10:59:56.000000000Z,185,201.79,9.0757,42811,0.4445
NML,2026-01-09T11:01:09.000000000Z,184.54,202,9.4614,94629,0.9824
NML,2026-01-09T11:02:30.000000000Z,185.15,202.24,9.2304,170729,1.7725
NML,2026-01-09T11:03:34.000000000Z,185.05,202.84,9.6136,126478,1.3131
NML,2026-01-09T11:04:36.000000000Z,184.51,203,10.0211,392577,4.0756
NML,2026-01-09T11:06:01.000000000Z,185,203.5,10.0000,132818,1.3789
NML,2026-01-09T11:07:25.000000000Z,184,204,10.8696,21880,0.2272
NML,2026-01-09T11:09:26.000000000Z,183.71,203.64,10.8486,108825,1.1298
NML,2026-01-09T11:10:59.000000000Z,184,203.26,10.4674,57625,0.5982
NML,2026-01-09T11:13:06.000000000Z,184.18,203.48,10.4789,16586,0.1722
NML,2026-01-09T11:15:43.000000000Z,183.9,203.33,10.5655,32233,0.3346
NML,2026-01-09T11:18:11.000000000Z,183.88,203,10.3981,126010,1.3082
NML,2026-01-09T11:19:48.000000000Z,182.5,203.2,11.3425,203475,2.1124
NML,2026-01-09T11:21:05.000000000Z,184.5,203.6,10.3523,196527,2.0403
NML,2026-01-09T11:22:09.000000000Z,184.52,203.9,10.5029,39156,0.4065
NML,2026-01-09T11:23:25.000000000Z,184.53,203.5,10.2802,112775,1.1708
NML,2026-01-09T11:24:37.000000000Z,184.67,204.06,10.4998,95652,0.9930
NML,2026-01-09T11:26:02.000000000Z,184.7,204.1,10.5035,73507,0.7631
NML,2026-01-09T11:27:43.000000000Z,184.6,203.6,10.2925,52545,0.5455
NML,2026-01-09T11:29:17.000000000Z,184.75,203.41,10.1001,235337,2.4432
NML,2026-01-09T11:38:29.000000000Z,184.62,204,10.4972,38919,0.4040
AVN,2026-01-08T05:25:46.000000000Z,44.5,44.95,1.0112,107251,2.9452
ISL,2026-01-09T09:48:14.000000000Z,107.5,108.9,1.3023,1211,0.0756
MACFL,2026-01-09T04:22:37.000000000Z,28.6,29.25,2.2727,139916,3.0061
MACFL,2026-01-09T05:14:34.000000000Z,28.86,29.29,1.4900,16973,0.3647
MLCF,2026-01-05T06:05:40.000000000Z,117.2,118.55,1.1519,97844,1.3265
MLCF,2026-01-05T06:17:54.000000000Z,117.49,118.69,1.0214,69854,0.9470
MLCF,2026-01-05T06:21:19.000000000Z,117.41,118.84,1.2180,33501,0.4542
MLCF,2026-01-05T06:25:01.000000000Z,117.35,118.79,1.2271,20583,0.2791
MLCF,2026-01-05T06:28:43.000000000Z,117.4,118.65,1.0647,145650,1.9746
MLCF,2026-01-05T06:31:56.000000000Z,117.2,118.7,1.2799,19425,0.2634
MLCF,2026-01-05T06:36:07.000000000Z,117.08,118.9,1.5545,88445,1.1991
MLCF,2026-01-05T06:39:11.000000000Z,117.09,118.91,1.5544,63853,0.8657
MLCF,2026-01-05T06:41:21.000000000Z,117,119.2,1.8803,82810,1.1227
MLCF,2026-01-05T06:44:10.000000000Z,117.02,119.1,1.7775,109349,1.4825
MLCF,2026-01-05T06:46:54.000000000Z,117.14,119.11,1.6817,61846,0.8385
MLCF,2026-01-05T06:49:13.000000000Z,117.24,119.39,1.8338,74819,1.0144
MLCF,2026-01-05T06:52:09.000000000Z,117.09,119.14,1.7508,72512,0.9831
MLCF,2026-01-05T06:54:48.000000000Z,117.37,119.24,1.5933,89608,1.2149
MLCF,2026-01-05T06:58:23.000000000Z,117.35,119.28,1.6447,63554,0.8616
MLCF,2026-01-05T07:00:29.000000000Z,117.4,119.29,1.6099,76090,1.0316
MLCF,2026-01-05T07:02:29.000000000Z,117.49,119.75,1.9236,216315,2.9327
MLCF,2026-01-05T07:04:26.000000000Z,117.43,119.5,1.7628,37289,0.5055
MLCF,2026-01-05T07:06:27.000000000Z,117.49,119.2,1.4554,29445,0.3992
MLCF,2026-01-05T07:09:24.000000000Z,117.3,119.5,1.8755,76333,1.0349
MLCF,2026-01-05T07:12:06.000000000Z,117.11,119.5,2.0408,19045,0.2582
MLCF,2026-01-05T07:14:29.000000000Z,117.4,119.36,1.6695,31579,0.4281
MLCF,2026-01-05T07:16:56.000000000Z,117.4,119.15,1.4906,59298,0.8039
MLCF,2026-01-05T07:19:37.000000000Z,117.44,119.15,1.4561,42444,0.5754
MLCF,2026-01-05T07:22:47.000000000Z,117.4,119.1,1.4480,63741,0.8642
MLCF,2026-01-05T07:26:52.000000000Z,117.45,119.35,1.6177,40456,0.5485
MLCF,2026-01-05T07:30:14.000000000Z,117.46,119,1.3111,39122,0.5304
MLCF,2026-01-05T07:34:10.000000000Z,117.35,118.94,1.3549,100422,1.3615
MLCF,2026-01-05T07:36:41.000000000Z,117.3,118.93,1.3896,12582,0.1706
MLCF,2026-01-05T07:40:15.000000000Z,117.12,118.71,1.3576,35198,0.4772
MLCF,2026-01-05T07:42:50.000000000Z,117.3,118.71,1.2020,25280,0.3427
MLCF,2026-01-05T07:46:24.000000000Z,117.25,119,1.4925,26049,0.3532
MLCF,2026-01-05T07:50:49.000000000Z,117.39,119.1,1.4567,33318,0.4517
MLCF,2026-01-05T07:54:47.000000000Z,117.15,119.13,1.6901,42045,0.5700
MLCF,2026-01-05T07:58:45.000000000Z,117.24,119.1,1.5865,130103,1.7639
MLCF,2026-01-05T08:02:21.000000000Z,117.5,119.01,1.2851,55702,0.7552
MLCF,2026-01-05T08:04:41.000000000Z,117.5,119.18,1.4298,90786,1.2308
MLCF,2026-01-05T08:06:51.000000000Z,117.62,119.3,1.4283,28731,0.3895
MLCF,2026-01-05T08:09:32.000000000Z,117.55,119.3,1.4887,61995,0.8405
MLCF,2026-01-05T08:13:21.000000000Z,117.54,119.44,1.6165,103844,1.4079
MLCF,2026-01-05T08:17:54.000000000Z,117.55,119.49,1.6504,14977,0.2031
MLCF,2026-01-05T08:21:28.000000000Z,117.49,119.2,1.4554,29402,0.3986
MLCF,2026-01-05T08:24:53.000000000Z,117.47,119.1,1.3876,115362,1.5640
MLCF,2026-01-05T08:29:25.000000000Z,117.65,119.12,1.2495,48609,0.6590
MLCF,2026-01-05T08:32:26.000000000Z,117.38,119.2,1.5505,78330,1.0620
MLCF,2026-01-05T08:35:37.000000000Z,117.43,119.18,1.4902,21152,0.2868
MLCF,2026-01-05T08:39:59.000000000Z,117.5,119.19,1.4383,48623,0.6592
MLCF,2026-01-05T08:44:12.000000000Z,117.48,118.8,1.1236,75735,1.0268
MLCF,2026-01-05T08:48:46.000000000Z,117.3,118.74,1.2276,45854,0.6217
MLCF,2026-01-05T08:54:14.000000000Z,117.33,118.73,1.1932,35451,0.4806
MLCF,2026-01-05T08:57:48.000000000Z,117.47,118.72,1.0641,77483,1.0505
MLCF,2026-01-05T09:56:40.000000000Z,116.69,118.39,1.4569,240396,3.2592
MLCF,2026-01-05T09:57:32.000000000Z,116.63,118.31,1.4405,210671,2.8562
MLCF,2026-01-05T09:58:22.000000000Z,116.73,118.16,1.2250,150406,2.0391
MLCF,2026-01-05T09:59:14.000000000Z,116.75,118.16,1.2077,148049,2.0072
MLCF,2026-01-05T10:00:09.000000000Z,116.8,118.29,1.2757,56669,0.7683
MLCF,2026-01-05T10:01:03.000000000Z,116.73,118.15,1.2165,140298,1.9021
MLCF,2026-01-05T10:01:58.000000000Z,116.7,118.2,1.2853,102544,1.3902
MLCF,2026-01-05T10:02:52.000000000Z,116.93,118.29,1.1631,77190,1.0465
MLCF,2026-01-06T04:35:45.000000000Z,117.25,118.5,1.0661,17907,0.2428
MLCF,2026-01-06T04:36:49.000000000Z,117.04,118.35,1.1193,84247,1.1422
MLCF,2026-01-06T04:57:08.000000000Z,116.6,118,1.2007,189520,2.5694
MLCF,2026-01-06T04:58:20.000000000Z,116.75,118,1.0707,127619,1.7302
MLCF,2026-01-06T04:59:32.000000000Z,116.67,118.05,1.1828,148963,2.0196
MLCF,2026-01-06T05:01:06.000000000Z,116.65,118.01,1.1659,105080,1.4246
MLCF,2026-01-06T05:02:22.000000000Z,116.51,117.99,1.2703,143023,1.9390
MLCF,2026-01-06T05:03:52.000000000Z,116.6,118,1.2007,115332,1.5636
MLCF,2026-01-06T05:05:19.000000000Z,116.55,117.8,1.0725,84334,1.1434
MLCF,2026-01-06T05:06:48.000000000Z,116.55,117.9,1.1583,31097,0.4216
NETSOL,2026-01-05T10:20:32.000000000Z,131.5,133.5,1.5209,47108,1.6803
NETSOL,2026-01-05T10:22:53.000000000Z,131.65,133.01,1.0330,21688,0.7736
NETSOL,2026-01-05T10:25:25.000000000Z,131.5,133,1.1407,63788,2.2752
NETSOL,2026-01-06T05:27:49.000000000Z,131,132.75,1.3359,18219,0.6498
NETSOL,2026-01-06T05:31:49.000000000Z,131,132.56,1.1908,26375,0.9407
NETSOL,2026-01-06T05:39:13.000000000Z,131.24,132.71,1.1201,16569,0.5910
NETSOL,2026-01-06T05:42:49.000000000Z,131,132.68,1.2824,6072,0.2166
NETSOL,2026-01-06T05:47:57.000000000Z,131,132.66,1.2672,17538,0.6255
NETSOL,2026-01-06T06:07:21.000000000Z,131.19,132.56,1.0443,12215,0.4357
NETSOL,2026-01-06T06:26:03.000000000Z,131.03,132.86,1.3966,38778,1.3831
NETSOL,2026-01-06T06:31:14.000000000Z,131.5,132.94,1.0951,20394,0.7274
NETSOL,2026-01-06T06:38:33.000000000Z,131.5,132.9,1.0646,30186,1.0767
NETSOL,2026-01-06T06:46:51.000000000Z,130.97,132.88,1.4583,24147,0.8613
NETSOL,2026-01-06T07:15:15.000000000Z,130.48,132.7,1.7014,36293,1.2945
NETSOL,2026-01-06T07:17:31.000000000Z,130.7,133.06,1.8057,65954,2.3525
NETSOL,2026-01-06T07:21:11.000000000Z,130.99,134.56,2.7254,46416,1.6556
NETSOL,2026-01-06T07:25:03.000000000Z,131.35,133.25,1.4465,13206,0.4710
NETSOL,2026-01-06T07:35:02.000000000Z,131.4,133.61,1.6819,17384,0.6201
NETSOL,2026-01-06T07:44:34.000000000Z,131.3,134,2.0564,32080,1.1442
NETSOL,2026-01-06T07:58:49.000000000Z,131.21,133.15,1.4785,5765,0.2056
NETSOL,2026-01-06T08:14:49.000000000Z,131.49,133.26,1.3461,6700,0.2390
NETSOL,2026-01-06T08:24:17.000000000Z,131.23,133.66,1.8517,44592,1.5905
NETSOL,2026-01-06T08:28:42.000000000Z,131,133.65,2.0229,3304,0.1178
NETSOL,2026-01-06T08:34:24.000000000Z,131.23,133.5,1.7298,28070,1.0012
NETSOL,2026-01-06T08:43:58.000000000Z,131,133.5,1.9084,23222,0.8283
NETSOL,2026-01-06T08:50:05.000000000Z,130.8,133.25,1.8731,62598,2.2328
NETSOL,2026-01-06T08:56:11.000000000Z,130.75,133.02,1.7361,22625,0.8070
NETSOL,2026-01-06T09:01:04.000000000Z,130.85,133.32,1.8877,14808,0.5282
NETSOL,2026-01-06T09:06:01.000000000Z,130.5,132.55,1.5709,36694,1.3088
NETSOL,2026-01-06T09:11:26.000000000Z,130.5,132.66,1.6552,18949,0.6759
NETSOL,2026-01-06T09:17:49.000000000Z,130.4,132.52,1.6258,22939,0.8182
NETSOL,2026-01-06T09:22:08.000000000Z,130.98,132.31,1.0154,11742,0.4188
NETSOL,2026-01-06T09:28:09.000000000Z,130.87,133,1.6276,85776,3.0595
NETSOL,2026-01-06T09:35:09.000000000Z,130.39,133.35,2.2701,26145,0.9325
NETSOL,2026-01-06T09:39:53.000000000Z,130.5,133.53,2.3218,81279,2.8991
NETSOL,2026-01-06T09:45:06.000000000Z,130.22,134,2.9028,171478,6.1163
NETSOL,2026-01-06T09:50:56.000000000Z,130.85,134.06,2.4532,105180,3.7516
NETSOL,2026-01-06T10:00:30.000000000Z,130.8,134.3,2.6758,24781,0.8839
NETSOL,2026-01-06T10:08:54.000000000Z,130.99,134.05,2.3361,35093,1.2517
NETSOL,2026-01-06T10:15:59.000000000Z,131.13,134.1,2.2649,28558,1.0186
NETSOL,2026-01-06T10:21:04.000000000Z,131.1,133.5,1.8307,11895,0.4243
NETSOL,2026-01-06T10:25:30.000000000Z,131.09,134,2.2198,45716,1.6306
NETSOL,2026-01-06T10:28:36.000000000Z,131.2,134,2.1341,51929,1.8522
NETSOL,2026-01-06T10:43:17.000000000Z,131.34,134,2.0253,38786,1.3834
NETSOL,2026-01-07T04:35:39.000000000Z,132.5,134.47,1.4868,139514,4.9762
NETSOL,2026-01-07T04:37:00.000000000Z,133,134.5,1.1278,64078,2.2855
NETSOL,2026-01-07T04:38:35.000000000Z,133.01,134.41,1.0526,22251,0.7937
NETSOL,2026-01-07T04:40:56.000000000Z,132.65,134.2,1.1685,11196,0.3993
NETSOL,2026-01-07T04:52:35.000000000Z,132,134.17,1.6439,20915,0.7460
NETSOL,2026-01-07T05:15:42.000000000Z,133,134.86,1.3985,56427,2.0126
NETSOL,2026-01-07T08:13:46.000000000Z,133.75,135.1,1.0093,340436,12.1427
FCL,2026-01-07T10:25:21.000000000Z,26.58,26.89,1.1663,503500,6.4561
ASL,2026-01-05T10:04:55.000000000Z,13.29,13.46,1.2792,750812,3.8072
ASL,2026-01-06T04:34:43.000000000Z,13.2,13.38,1.3636,22461,0.1139
ASL,2026-01-06T05:26:03.000000000Z,13.21,13.35,1.0598,99459,0.5043
ASL,2026-01-06T05:36:35.000000000Z,13.25,13.4,1.1321,264517,1.3413
ASL,2026-01-06T05:48:03.000000000Z,13.2,13.44,1.8182,151507,0.7683
ASL,2026-01-06T06:07:40.000000000Z,13.2,13.5,2.2727,478330,2.4255
ASL,2026-01-06T06:20:15.000000000Z,13.28,13.45,1.2801,398700,2.0217
ASL,2026-01-06T06:28:55.000000000Z,13.26,13.42,1.2066,78059,0.3958
ASL,2026-01-06T07:28:24.000000000Z,13.22,13.39,1.2859,16690,0.0846
ASL,2026-01-06T07:36:43.000000000Z,13.2,13.35,1.1364,380626,1.9301
ASL,2026-01-06T07:56:49.000000000Z,13.12,13.32,1.5244,52918,0.2683
ASL,2026-01-06T09:13:26.000000000Z,13.2,13.5,2.2727,619205,3.1399
ASL,2026-01-06T09:28:07.000000000Z,13.15,13.44,2.2053,254265,1.2893
ASL,2026-01-06T09:33:33.000000000Z,13.1,13.37,2.0611,125985,0.6388
ASL,2026-01-06T09:35:31.000000000Z,13.06,13.36,2.2971,73295,0.3717
ASL,2026-01-06T09:37:46.000000000Z,13.08,13.4,2.4465,72756,0.3689
ASL,2026-01-06T09:41:41.000000000Z,13.08,13.4,2.4465,46000,0.2333
ASL,2026-01-06T09:50:06.000000000Z,13.08,13.45,2.8287,57985,0.2940
ASL,2026-01-06T10:06:50.000000000Z,13.1,13.36,1.9847,89966,0.4562
ASL,2026-01-06T10:20:01.000000000Z,13.09,13.53,3.3613,564068,2.8603
ASL,2026-01-06T10:40:36.000000000Z,13.11,13.58,3.5850,181163,0.9186
ASL,2026-01-07T04:37:49.000000000Z,13.15,13.55,3.0418,263017,1.3337
ASL,2026-01-07T04:44:29.000000000Z,13.14,13.5,2.7397,134524,0.6821
ASL,2026-01-07T04:53:44.000000000Z,13.13,13.43,2.2848,19506,0.0989
ASL,2026-01-07T05:05:55.000000000Z,13.19,13.41,1.6679,145330,0.7369
ASL,2026-01-07T05:18:23.000000000Z,13.05,13.41,2.7586,237401,1.2038
ASL,2026-01-07T05:22:03.000000000Z,13.1,13.38,2.1374,143109,0.7257
ASL,2026-01-07T05:30:30.000000000Z,13.1,13.5,3.0534,162939,0.8262
ASL,2026-01-07T05:37:47.000000000Z,13.16,13.52,2.7356,326019,1.6532
ASL,2026-01-07T05:40:40.000000000Z,13.3,13.46,1.2030,426069,2.1605
ASL,2026-01-07T05:57:44.000000000Z,13.2,13.43,1.7424,35751,0.1813
ASL,2026-01-07T06:06:10.000000000Z,13.2,13.43,1.7424,52750,0.2675
ASL,2026-01-07T06:22:03.000000000Z,13.19,13.46,2.0470,58673,0.2975
ASL,2026-01-07T06:46:04.000000000Z,13.2,13.42,1.6667,178563,0.9055
ASL,2026-01-07T07:00:17.000000000Z,13.45,13.65,1.4870,289353,1.4673
ASL,2026-01-07T07:03:41.000000000Z,13.43,13.65,1.6381,634827,3.2191
ASL,2026-01-07T08:05:28.000000000Z,13.31,13.55,1.8032,250774,1.2716
ASL,2026-01-07T08:31:33.000000000Z,13.21,13.4,1.4383,212905,1.0796
ASL,2026-01-07T08:45:47.000000000Z,13.2,13.36,1.2121,549320,2.7855
ASL,2026-01-07T09:03:12.000000000Z,13.1,13.38,2.1374,544200,2.7595
ASL,2026-01-07T09:05:15.000000000Z,13.2,13.35,1.1364,69498,0.3524
WAVES,2026-01-06T08:48:01.000000000Z,14.56,14.73,1.1676,629135,4.9961
WAVES,2026-01-08T06:38:29.000000000Z,14.44,14.59,1.0388,340129,2.7011
WAVES,2026-01-09T04:26:05.000000000Z,14.55,14.7,1.0309,43688,0.3469
FECTC,2026-01-05T07:11:38.000000000Z,148,149.69,1.1419,20375,1.3255
FECTC,2026-01-06T05:54:52.000000000Z,146.95,148.99,1.3882,24172,1.5725
FECTC,2026-01-06T06:45:16.000000000Z,146.06,147.79,1.1844,2869,0.1866
FECTC,2026-01-06T08:09:40.000000000Z,147.09,148.78,1.1490,45649,2.9696
FECTC,2026-01-06T08:54:15.000000000Z,146.28,148.76,1.6954,27608,1.7960
FECTC,2026-01-06T09:43:36.000000000Z,146.49,148,1.0308,16693,1.0859
FECTC,2026-01-06T09:51:13.000000000Z,146.45,148.05,1.0925,10522,0.6845
FECTC,2026-01-06T09:57:29.000000000Z,146.39,148.4,1.3730,21016,1.3672
FECTC,2026-01-07T04:49:54.000000000Z,145.55,147.65,1.4428,14553,0.9467
FECTC,2026-01-07T04:53:51.000000000Z,145.68,147.15,1.0091,2183,0.1420
FECTC,2026-01-07T07:42:33.000000000Z,148.18,150,1.2282,29294,1.9057
FECTC,2026-01-07T07:43:57.000000000Z,150.09,152.49,1.5990,57780,3.7588
FECTC,2026-01-07T08:08:35.000000000Z,155.51,157.5,1.2797,101234,6.5857
FECTC,2026-01-07T08:47:02.000000000Z,156.02,159,1.9100,51158,3.3280
FECTC,2026-01-07T09:21:10.000000000Z,153,155,1.3072,10265,0.6678
FECTC,2026-01-07T10:09:17.000000000Z,154,155.89,1.2273,13017,0.8468
FECTC,2026-01-07T10:29:22.000000000Z,155.85,157.75,1.2191,20800,1.3531
FECTC,2026-01-08T04:51:30.000000000Z,154.2,156,1.1673,11368,0.7395
FECTC,2026-01-08T05:26:39.000000000Z,155.4,157,1.0296,13140,0.8548
POWER,2026-01-09T09:59:59.000000000Z,17.87,18.05,1.0073,28650,0.2045
GGGL,2026-01-05T05:34:52.000000000Z,11,11.18,1.6364,119953,1.6825
GGGL,2026-01-05T05:44:29.000000000Z,11,11.12,1.0909,183607,2.5753
GGGL,2026-01-05T06:42:42.000000000Z,11.06,11.2,1.2658,103569,1.4527
GGGL,2026-01-05T06:58:42.000000000Z,11.03,11.25,1.9946,113985,1.5988
GGGL,2026-01-05T07:09:33.000000000Z,11.15,11.3,1.3453,73431,1.0300
GGGL,2026-01-05T09:42:20.000000000Z,11.11,11.27,1.4401,21445,0.3008
GGGL,2026-01-06T05:05:23.000000000Z,11.06,11.19,1.1754,37428,0.5250
GGGL,2026-01-07T06:37:09.000000000Z,10.91,11.02,1.0082,5601,0.0786
GGGL,2026-01-07T09:37:08.000000000Z,11.03,11.19,1.4506,26700,0.3745
GGGL,2026-01-07T10:26:04.000000000Z,11.05,11.2,1.3575,7900,0.1108
GGGL,2026-01-08T04:36:07.000000000Z,10.91,11.2,2.6581,1001,0.0140
GGGL,2026-01-09T04:20:34.000000000Z,11.1,11.25,1.3514,4000,0.0561
GGGL,2026-01-09T06:55:19.000000000Z,11,11.15,1.3636,36776,0.5158
GGGL,2026-01-09T11:13:13.000000000Z,11.01,11.13,1.0899,31533,0.4423
SGPL,2026-01-06T04:33:24.000000000Z,28.5,29.48,3.4386,32261,0.6849
SGPL,2026-01-06T04:35:16.000000000Z,28.5,29.37,3.0526,25501,0.5414
SGPL,2026-01-06T04:36:53.000000000Z,29,29.5,1.7241,59088,1.2545
SGPL,2026-01-06T04:38:46.000000000Z,28.51,29.35,2.9463,20632,0.4380
SGPL,2026-01-06T04:41:00.000000000Z,28.75,29.35,2.0870,18274,0.3880
SGPL,2026-01-06T04:43:51.000000000Z,28.51,29.49,3.4374,156230,3.3170
SGPL,2026-01-06T04:45:43.000000000Z,28.75,29.35,2.0870,27359,0.5809
SGPL,2026-01-06T04:46:46.000000000Z,28.23,29.3,3.7903,29737,0.6314
SGPL,2026-01-06T04:48:51.000000000Z,28.32,29.23,3.2133,50863,1.0799
SGPL,2026-01-06T04:51:12.000000000Z,28.9,29.2,1.0381,36448,0.7738
SGPL,2026-01-06T04:53:31.000000000Z,28.8,29.2,1.3889,47600,1.0106
SGPL,2026-01-06T04:56:37.000000000Z,28.5,29.4,3.1579,41514,0.8814
SGPL,2026-01-06T05:00:39.000000000Z,28.5,29.3,2.8070,143240,3.0412
SGPL,2026-01-06T05:04:11.000000000Z,28.4,29.2,2.8169,48814,1.0364
SGPL,2026-01-06T05:06:29.000000000Z,28.02,29.59,5.6031,72012,1.5289
SGPL,2026-01-06T05:08:35.000000000Z,28.5,29.6,3.8596,31513,0.6691
SGPL,2026-01-06T05:11:04.000000000Z,28.3,29.78,5.2297,68149,1.4469
SGPL,2026-01-06T05:14:44.000000000Z,28.8,29.51,2.4653,31124,0.6608
SGPL,2026-01-06T05:16:56.000000000Z,28.5,29.52,3.5789,31988,0.6791
SGPL,2026-01-06T05:21:46.000000000Z,28.22,29.49,4.5004,42061,0.8930
SGPL,2026-01-06T05:25:00.000000000Z,28.1,28.99,3.1673,308386,6.5474
SGPL,2026-01-06T05:29:32.000000000Z,28,29,3.5714,30992,0.6580
SGPL,2026-01-06T05:33:11.000000000Z,27.97,28.9,3.3250,24062,0.5109
SGPL,2026-01-06T05:35:58.000000000Z,27.9,28.99,3.9068,36297,0.7706
SGPL,2026-01-06T05:38:40.000000000Z,28.25,28.9,2.3009,71732,1.5230
SGPL,2026-01-06T05:41:24.000000000Z,28.3,29.89,5.6184,69571,1.4771
SGPL,2026-01-06T05:45:04.000000000Z,28.49,29.7,4.2471,13058,0.2772
SGPL,2026-01-06T05:52:33.000000000Z,28.3,29.51,4.2756,33710,0.7157
SGPL,2026-01-06T05:56:18.000000000Z,28.35,29.4,3.7037,36684,0.7788
SGPL,2026-01-06T06:04:54.000000000Z,28.5,29,1.7544,31915,0.6776
SGPL,2026-01-06T06:15:28.000000000Z,28.4,29.25,2.9930,109966,2.3347
SGPL,2026-01-06T06:19:59.000000000Z,28.03,29.15,3.9957,25940,0.5507
SGPL,2026-01-06T06:24:55.000000000Z,28.34,28.69,1.2350,45550,0.9671
SGPL,2026-01-06T06:30:06.000000000Z,28.1,28.99,3.1673,24424,0.5186
SGPL,2026-01-06T06:35:47.000000000Z,28.17,28.8,2.2364,124811,2.6499
SGPL,2026-01-06T06:43:49.000000000Z,28.11,28.9,2.8104,42681,0.9062
SGPL,2026-01-06T06:47:48.000000000Z,28,28.9,3.2143,49293,1.0466
SGPL,2026-01-06T06:54:31.000000000Z,28.07,28.75,2.4225,21380,0.4539
SGPL,2026-01-06T07:06:26.000000000Z,28.09,29,3.2396,54776,1.1630
SGPL,2026-01-06T07:12:07.000000000Z,28.35,29.25,3.1746,43172,0.9166
SGPL,2026-01-06T07:19:23.000000000Z,28.45,29.25,2.8120,28575,0.6067
SGPL,2026-01-06T07:21:40.000000000Z,28.9,29.3,1.3841,65574,1.3922
SGPL,2026-01-06T07:27:32.000000000Z,28.7,29.24,1.8815,18015,0.3825
SGPL,2026-01-07T06:38:13.000000000Z,29.6,29.95,1.1824,2360,0.0501
SGPL,2026-01-07T07:48:15.000000000Z,29.61,30.4,2.6680,51130,1.0856
SGPL,2026-01-07T09:00:02.000000000Z,29.8,30.7,3.0201,120558,2.5596
SGPL,2026-01-07T09:11:17.000000000Z,30,30.4,1.3333,13119,0.2785
SGPL,2026-01-07T10:12:26.000000000Z,30.49,31.99,4.9196,417010,8.8536
SGPL,2026-01-07T10:17:26.000000000Z,31,31.5,1.6129,22260,0.4726
SGPL,2026-01-07T10:29:58.000000000Z,31.25,32.59,4.2880,166193,3.5285
SGPL,2026-01-08T04:32:58.000000000Z,32.01,32.52,1.5933,62357,1.3239
SGPL,2026-01-08T04:39:51.000000000Z,32.15,33.2,3.2659,361762,7.6806
SGPL,2026-01-08T04:47:27.000000000Z,32.4,33.01,1.8827,153069,3.2498
SGPL,2026-01-08T04:57:58.000000000Z,33.2,34.3,3.3133,267771,5.6851
SGPL,2026-01-08T05:29:35.000000000Z,32.67,33,1.0101,17300,0.3673
SGPL,2026-01-08T05:51:33.000000000Z,33.4,33.78,1.1377,71780,1.5240
SGPL,2026-01-08T05:58:59.000000000Z,33.3,33.64,1.0210,47800,1.0149
SGPL,2026-01-08T06:06:15.000000000Z,33.36,33.85,1.4688,26600,0.5648
SGPL,2026-01-08T06:56:19.000000000Z,33,33.39,1.1818,18880,0.4008
SGPL,2026-01-08T08:44:02.000000000Z,32.9,33.4,1.5198,12219,0.2594
SGPL,2026-01-08T09:57:44.000000000Z,32,32.49,1.5313,30924,0.6566
SGPL,2026-01-09T04:32:58.000000000Z,31.3,31.78,1.5335,21750,0.4618
SGPL,2026-01-09T05:39:59.000000000Z,31,32,3.2258,25408,0.5394
SGPL,2026-01-09T06:00:08.000000000Z,30.86,31.25,1.2638,38610,0.8197
SGPL,2026-01-09T11:28:05.000000000Z,30,30.39,1.3000,42777,0.9082
TPLP,2026-01-05T04:32:01.000000000Z,12.35,12.49,1.1336,275869,1.5720
LOADS,2026-01-05T04:32:00.000000000Z,18.4,19.49,5.9239,159916,0.7647
LOADS,2026-01-05T04:36:58.000000000Z,18.33,19.55,6.6558,89950,0.4301
LOADS,2026-01-05T04:41:59.000000000Z,18.47,19.3,4.4938,192261,0.9194
LOADS,2026-01-05T04:56:34.000000000Z,18.32,19.35,5.6223,264318,1.2640
LOADS,2026-01-05T05:22:46.000000000Z,18.3,19.44,6.2295,89069,0.4259
LOADS,2026-01-05T05:31:09.000000000Z,18.33,19.42,5.9465,164740,0.7878
LOADS,2026-01-05T05:35:24.000000000Z,18.35,19.5,6.2670,188580,0.9018
LOADS,2026-01-05T05:46:15.000000000Z,18.35,19.52,6.3760,193806,0.9268
LOADS,2026-01-05T05:51:31.000000000Z,18.3,19.6,7.1038,277833,1.3286
LOADS,2026-01-05T05:59:30.000000000Z,18.35,19.65,7.0845,359710,1.7201
LOADS,2026-01-05T06:08:14.000000000Z,18.38,19.64,6.8553,351543,1.6811
LOADS,2026-01-05T06:13:29.000000000Z,18.29,19.7,7.7091,378607,1.8105
LOADS,2026-01-05T06:20:59.000000000Z,18.3,19.74,7.8689,113606,0.5433
LOADS,2026-01-05T06:33:17.000000000Z,18.29,19.88,8.6933,311138,1.4879
LOADS,2026-01-05T06:41:17.000000000Z,18.32,19.95,8.8974,897377,4.2913
LOADS,2026-01-05T06:53:12.000000000Z,18.26,19.91,9.0361,120216,0.5749
LOADS,2026-01-05T07:03:13.000000000Z,18.38,19.89,8.2155,105021,0.5022
LOADS,2026-01-05T07:19:15.000000000Z,18.34,19.86,8.2879,91213,0.4362
LOADS,2026-01-05T07:45:01.000000000Z,18.3,19.76,7.9781,160458,0.7673
LOADS,2026-01-05T07:58:51.000000000Z,18.3,19.65,7.3770,100051,0.4784
LOADS,2026-01-05T08:20:57.000000000Z,18.3,19.72,7.7596,144327,0.6902
LOADS,2026-01-05T08:42:54.000000000Z,18.25,19.7,7.9452,74851,0.3579
LOADS,2026-01-05T08:58:56.000000000Z,18.34,19.72,7.5245,69300,0.3314
LOADS,2026-01-05T09:08:19.000000000Z,18.35,19.75,7.6294,250899,1.1998
LOADS,2026-01-05T09:24:37.000000000Z,18.31,19.73,7.7553,135763,0.6492
LOADS,2026-01-05T09:39:07.000000000Z,18.32,19.68,7.4236,113943,0.5449
LOADS,2026-01-05T09:47:36.000000000Z,18.3,19.73,7.8142,43061,0.2059
LOADS,2026-01-05T09:57:12.000000000Z,18.28,19.66,7.5492,190496,0.9110
LOADS,2026-01-05T10:10:24.000000000Z,18.26,19.68,7.7766,80108,0.3831
LOADS,2026-01-05T10:20:10.000000000Z,18.26,19.75,8.1599,243387,1.1639
LOADS,2026-01-05T10:27:02.000000000Z,18.26,19.7,7.8861,140798,0.6733
LOADS,2026-01-06T04:33:48.000000000Z,18.27,19.65,7.5534,169322,0.8097
LOADS,2026-01-06T04:38:32.000000000Z,18.26,19.65,7.6123,105141,0.5028
LOADS,2026-01-06T04:44:05.000000000Z,18.23,19.6,7.5151,85734,0.4100
LOADS,2026-01-06T04:48:13.000000000Z,18.34,19.56,6.6521,157015,0.7508
LOADS,2026-01-06T04:55:12.000000000Z,18.22,19.6,7.5741,226110,1.0813
LOADS,2026-01-06T04:59:38.000000000Z,18.03,19.6,8.7077,14782,0.0707
LOADS,2026-01-06T05:04:53.000000000Z,18.09,19.6,8.3472,22980,0.1099
LOADS,2026-01-06T05:10:56.000000000Z,18.16,19.57,7.7643,60746,0.2905
LOADS,2026-01-06T05:17:12.000000000Z,18.17,19.6,7.8701,64435,0.3081
LOADS,2026-01-06T05:23:56.000000000Z,18.12,19.64,8.3885,74004,0.3539
LOADS,2026-01-06T05:31:38.000000000Z,18.1,19.8,9.3923,197836,0.9461
LOADS,2026-01-06T05:37:34.000000000Z,18.19,19.75,8.5761,169493,0.8105
LOADS,2026-01-06T05:47:37.000000000Z,18.13,19.74,8.8803,162860,0.7788
LOADS,2026-01-06T06:01:32.000000000Z,18.18,19.75,8.6359,76230,0.3645
LOADS,2026-01-06T06:12:33.000000000Z,18.2,19.8,8.7912,104856,0.5014
LOADS,2026-01-06T06:28:37.000000000Z,18.2,19.95,9.6154,348599,1.6670
LOADS,2026-01-06T06:41:39.000000000Z,18.2,20.05,10.1648,1162947,5.5612
LOADS,2026-01-06T06:59:26.000000000Z,18.2,20.1,10.4396,547082,2.6162
LOADS,2026-01-06T07:11:33.000000000Z,18.2,20.31,11.5934,1379427,6.5965
LOADS,2026-01-06T07:26:18.000000000Z,18.17,20.28,11.6125,684832,3.2749
LOADS,2026-01-06T07:46:20.000000000Z,18.16,20.09,10.6278,246824,1.1803
LOADS,2026-01-06T08:01:21.000000000Z,18.2,20,9.8901,284771,1.3618
LOADS,2026-01-06T08:12:47.000000000Z,18.14,20.2,11.3561,463941,2.2186
LOADS,2026-01-06T08:31:23.000000000Z,18.16,20.1,10.6828,526939,2.5198
LOADS,2026-01-06T08:48:56.000000000Z,18.19,20.1,10.5003,137367,0.6569
LOADS,2026-01-06T09:05:24.000000000Z,18.18,20.1,10.5611,136938,0.6548
LOADS,2026-01-06T09:16:02.000000000Z,18.17,20.3,11.7226,663696,3.1738
LOADS,2026-01-06T09:32:21.000000000Z,18.16,20.19,11.1784,206515,0.9876
LOADS,2026-01-06T09:41:40.000000000Z,18.13,20.23,11.5830,212810,1.0177
LOADS,2026-01-06T09:59:44.000000000Z,18.25,20.2,10.6849,102690,0.4911
LOADS,2026-01-06T10:07:07.000000000Z,18.15,20.27,11.6804,447746,2.1411
LOADS,2026-01-06T10:20:16.000000000Z,18.15,20.21,11.3499,335550,1.6046
LOADS,2026-01-06T10:28:58.000000000Z,18.11,20.31,12.1480,445014,2.1281
LOADS,2026-01-07T04:33:42.000000000Z,18.24,20.45,12.1162,712534,3.4074
LOADS,2026-01-07T04:38:53.000000000Z,18.23,20.56,12.7811,1033845,4.9439
LOADS,2026-01-07T04:43:55.000000000Z,18.21,20.55,12.8501,454762,2.1747
LOADS,2026-01-07T04:48:48.000000000Z,18.2,20.55,12.9121,531776,2.5430
LOADS,2026-01-07T04:55:06.000000000Z,18.16,20.54,13.1057,286063,1.3680
LOADS,2026-01-07T05:02:46.000000000Z,18.16,20.51,12.9405,157250,0.7520
LOADS,2026-01-07T05:13:58.000000000Z,18.17,20.4,12.2730,351348,1.6802
LOADS,2026-01-07T05:23:51.000000000Z,18.19,20.15,10.7752,315989,1.5111
LOADS,2026-01-07T05:36:37.000000000Z,18.2,20.22,11.0989,471514,2.2548
LOADS,2026-01-07T05:45:42.000000000Z,18.29,20.1,9.8961,294754,1.4095
LOADS,2026-01-07T05:54:01.000000000Z,18.25,20.35,11.5068,397345,1.9001
LOADS,2026-01-07T06:00:40.000000000Z,18.26,20.4,11.7196,476386,2.2781
LOADS,2026-01-07T06:13:13.000000000Z,18.24,20.41,11.8969,90199,0.4313
LOADS,2026-01-07T06:19:22.000000000Z,18.33,20.47,11.6748,122824,0.5873
LOADS,2026-01-07T06:26:17.000000000Z,18.25,20.46,12.1096,150317,0.7188
LOADS,2026-01-07T06:36:02.000000000Z,18.3,20.43,11.6393,113116,0.5409
LOADS,2026-01-07T06:46:30.000000000Z,18.3,20.47,11.8579,239192,1.1438
LOADS,2026-01-07T06:51:37.000000000Z,18.4,20.43,11.0326,103980,0.4972
LOADS,2026-01-07T07:00:58.000000000Z,18.32,20.5,11.8996,444474,2.1255
LOADS,2026-01-07T07:12:06.000000000Z,18.34,20.5,11.7775,375476,1.7955
LOADS,2026-01-07T07:25:14.000000000Z,18.3,20.58,12.4590,144816,0.6925
LOADS,2026-01-07T07:45:26.000000000Z,18.34,20.45,11.5049,131165,0.6272
LOADS,2026-01-07T08:01:39.000000000Z,18.25,20.38,11.6712,318063,1.5210
LOADS,2026-01-07T08:31:07.000000000Z,18.25,20.35,11.5068,257749,1.2326
LOADS,2026-01-07T08:49:32.000000000Z,18.24,20.35,11.5680,53288,0.2548
LOADS,2026-01-07T09:13:08.000000000Z,18.26,20.35,11.4458,70867,0.3389
LOADS,2026-01-07T09:34:26.000000000Z,18.32,20.28,10.6987,98697,0.4720
LOADS,2026-01-07T09:48:39.000000000Z,18.3,20.18,10.2732,234448,1.1211
LOADS,2026-01-07T10:00:18.000000000Z,18.28,20.19,10.4486,65358,0.3125
LOADS,2026-01-07T10:13:07.000000000Z,18.26,20.17,10.4600,142153,0.6798
LOADS,2026-01-07T10:21:40.000000000Z,18.24,20.16,10.5263,106477,0.5092
LOADS,2026-01-07T10:38:17.000000000Z,18.26,20.18,10.5148,77737,0.3717
LOADS,2026-01-08T04:35:14.000000000Z,18.2,20.24,11.2088,87031,0.4162
LOADS,2026-01-08T04:38:01.000000000Z,18.22,20.18,10.7574,113058,0.5406
LOADS,2026-01-08T04:40:56.000000000Z,18.24,20.25,11.0197,248829,1.1899
LOADS,2026-01-08T04:45:07.000000000Z,18.35,20.3,10.6267,122737,0.5869
LOADS,2026-01-08T04:49:15.000000000Z,18.25,20.25,10.9589,21117,0.1010
LOADS,2026-01-08T04:54:03.000000000Z,18.29,20.3,10.9896,127027,0.6074
LOADS,2026-01-08T04:58:30.000000000Z,18.34,20.25,10.4144,87777,0.4198
LOADS,2026-01-08T05:06:47.000000000Z,18.3,20.25,10.6557,97520,0.4663
LOADS,2026-01-08T05:15:18.000000000Z,18.23,20.35,11.6292,143705,0.6872
LOADS,2026-01-08T05:26:47.000000000Z,18.26,20.2,10.6243,57311,0.2741
LOADS,2026-01-08T05:35:24.000000000Z,18.25,20.22,10.7945,536140,2.5638
LOADS,2026-01-08T05:40:42.000000000Z,18.59,20.18,8.5530,235360,1.1255
LOADS,2026-01-08T05:41:43.000000000Z,18.69,20.2,8.0792,350868,1.6779
LOADS,2026-01-08T05:42:43.000000000Z,18.69,20.15,7.8117,324576,1.5521
LOADS,2026-01-08T05:43:55.000000000Z,18.77,20.15,7.3522,121357,0.5803
LOADS,2026-01-08T05:44:56.000000000Z,18.74,20.14,7.4707,161274,0.7712
LOADS,2026-01-08T05:46:19.000000000Z,18.76,20.15,7.4094,180734,0.8643
LOADS,2026-01-08T05:47:42.000000000Z,18.67,20.25,8.4628,251457,1.2025
LOADS,2026-01-08T05:49:20.000000000Z,18.65,20.2,8.3110,36400,0.1741
LOADS,2026-01-08T05:51:37.000000000Z,18.61,20.2,8.5438,177949,0.8510
LOADS,2026-01-08T05:54:14.000000000Z,18.51,20.15,8.8601,164569,0.7870
LOADS,2026-01-08T05:56:39.000000000Z,18.5,20.13,8.8108,189129,0.9044
LOADS,2026-01-08T06:00:31.000000000Z,18.45,20.14,9.1599,166339,0.7954
LOADS,2026-01-08T06:06:49.000000000Z,18.5,20.16,8.9730,167514,0.8011
LOADS,2026-01-08T06:10:54.000000000Z,18.5,20.23,9.3514,121096,0.5791
LOADS,2026-01-08T06:14:22.000000000Z,18.5,20.3,9.7297,217322,1.0392
LOADS,2026-01-08T06:19:56.000000000Z,18.56,20.2,8.8362,228181,1.0912
LOADS,2026-01-08T06:26:31.000000000Z,18.7,20.18,7.9144,227208,1.0865
LOADS,2026-01-08T06:29:37.000000000Z,18.62,20.11,8.0021,193031,0.9231
LOADS,2026-01-08T06:32:51.000000000Z,18.74,20.09,7.2038,547843,2.6198
LOADS,2026-01-08T06:35:11.000000000Z,18.82,20.08,6.6950,425422,2.0344
LOADS,2026-01-08T06:36:16.000000000Z,18.88,20.2,6.9915,231114,1.1052
LOADS,2026-01-08T06:37:45.000000000Z,18.87,20.2,7.0482,158597,0.7584
LOADS,2026-01-08T06:39:06.000000000Z,18.8,20.16,7.2340,63490,0.3036
LOADS,2026-01-08T06:40:41.000000000Z,18.8,20.18,7.3404,160734,0.7686
LOADS,2026-01-08T06:42:43.000000000Z,18.8,20.16,7.2340,200406,0.9583
LOADS,2026-01-08T06:44:44.000000000Z,18.85,20.17,7.0027,550497,2.6325
LOADS,2026-01-08T06:46:09.000000000Z,18.9,20.15,6.6138,187835,0.8982
LOADS,2026-01-08T06:47:28.000000000Z,18.94,20.11,6.1774,725226,3.4680
LOADS,2026-01-08T06:48:43.000000000Z,19.1,20.21,5.8115,478135,2.2865
LOADS,2026-01-08T06:49:38.000000000Z,19,20.47,7.7368,601474,2.8763
LOADS,2026-01-08T06:50:38.000000000Z,18.97,20.4,7.5382,243456,1.1642
LOADS,2026-01-08T06:51:41.000000000Z,18.99,20.31,6.9510,183816,0.8790
LOADS,2026-01-08T06:52:56.000000000Z,18.97,20.2,6.4839,105061,0.5024
LOADS,2026-01-08T06:54:53.000000000Z,18.96,20.2,6.5401,111616,0.5338
LOADS,2026-01-08T06:56:43.000000000Z,18.99,20.27,6.7404,194956,0.9323
LOADS,2026-01-08T06:58:37.000000000Z,18.95,20.25,6.8602,177981,0.8511
LOADS,2026-01-08T07:01:19.000000000Z,19,20.18,6.2105,182634,0.8734
LOADS,2026-01-08T07:03:16.000000000Z,19,20.13,5.9474,135153,0.6463
LOADS,2026-01-08T07:04:54.000000000Z,18.99,20.01,5.3712,322523,1.5423
LOADS,2026-01-08T07:06:59.000000000Z,18.95,20,5.5409,338457,1.6185
LOADS,2026-01-08T07:09:50.000000000Z,18.93,20,5.6524,126945,0.6071
LOADS,2026-01-08T07:12:09.000000000Z,18.91,20.05,6.0286,204820,0.9795
LOADS,2026-01-08T07:14:21.000000000Z,18.86,20.03,6.2036,119706,0.5724
LOADS,2026-01-08T07:18:36.000000000Z,18.86,20,6.0445,100457,0.4804
LOADS,2026-01-08T07:23:07.000000000Z,18.85,20.1,6.6313,116801,0.5585
LOADS,2026-01-08T07:26:48.000000000Z,18.88,20.1,6.4619,136718,0.6538
LOADS,2026-01-08T07:30:14.000000000Z,18.8,19.91,5.9043,251222,1.2013
LOADS,2026-01-08T07:34:51.000000000Z,18.81,19.89,5.7416,314109,1.5021
LOADS,2026-01-08T07:38:52.000000000Z,18.84,19.89,5.5732,103815,0.4964
LOADS,2026-01-08T07:44:24.000000000Z,18.87,19.9,5.4584,153135,0.7323
LOADS,2026-01-08T07:50:18.000000000Z,18.9,19.85,5.0265,198959,0.9514
LOADS,2026-01-08T07:56:38.000000000Z,18.84,19.9,5.6263,156442,0.7481
LOADS,2026-01-08T08:02:20.000000000Z,18.83,19.9,5.6824,133174,0.6368
LOADS,2026-01-08T08:09:10.000000000Z,18.9,19.9,5.2910,90269,0.4317
LOADS,2026-01-08T08:14:29.000000000Z,18.88,19.94,5.6144,370493,1.7717
LOADS,2026-01-08T08:18:38.000000000Z,18.89,19.98,5.7702,504440,2.4122
LOADS,2026-01-08T08:21:16.000000000Z,19.05,20.05,5.2493,308177,1.4737
LOADS,2026-01-08T08:22:42.000000000Z,19,19.95,5.0000,276065,1.3201
LOADS,2026-01-08T08:25:05.000000000Z,19,19.9,4.7368,205451,0.9825
LOADS,2026-01-08T08:28:47.000000000Z,19,19.85,4.4737,276138,1.3205
LOADS,2026-01-08T08:33:40.000000000Z,18.92,20.09,6.1839,252435,1.2071
LOADS,2026-01-08T08:40:26.000000000Z,18.92,20.1,6.2368,150970,0.7219
LOADS,2026-01-08T08:45:17.000000000Z,18.9,20.09,6.2963,67510,0.3228
LOADS,2026-01-08T08:53:17.000000000Z,18.89,20.18,6.8290,67801,0.3242
LOADS,2026-01-08T09:00:30.000000000Z,18.81,20.18,7.2834,138636,0.6630
LOADS,2026-01-08T09:06:27.000000000Z,18.8,20.05,6.6489,71201,0.3405
LOADS,2026-01-08T09:12:21.000000000Z,18.93,19.9,5.1241,286119,1.3682
LOADS,2026-01-08T09:16:07.000000000Z,19,19.8,4.2105,319312,1.5270
LOADS,2026-01-08T09:18:32.000000000Z,19,19.65,3.4211,315963,1.5109
LOADS,2026-01-08T09:20:55.000000000Z,19.1,19.72,3.2461,226750,1.0843
LOADS,2026-01-08T09:23:20.000000000Z,19.06,19.7,3.3578,175627,0.8399
LOADS,2026-01-08T09:25:23.000000000Z,19,19.76,4.0000,149118,0.7131
LOADS,2026-01-08T09:28:01.000000000Z,18.9,19.77,4.6032,103173,0.4934
LOADS,2026-01-08T09:30:36.000000000Z,18.8,19.78,5.2128,184201,0.8809
LOADS,2026-01-08T09:33:29.000000000Z,18.8,19.76,5.1064,183716,0.8785
LOADS,2026-01-08T09:37:01.000000000Z,18.85,19.8,5.0398,118736,0.5678
LOADS,2026-01-08T09:44:05.000000000Z,18.99,19.9,4.7920,99304,0.4749
LOADS,2026-01-08T09:47:01.000000000Z,19,19.9,4.7368,228892,1.0946
LOADS,2026-01-08T09:49:24.000000000Z,19.05,19.77,3.7795,133957,0.6406
LOADS,2026-01-08T09:52:58.000000000Z,18.84,19.7,4.5648,146539,0.7008
LOADS,2026-01-08T09:58:41.000000000Z,18.92,19.71,4.1755,73981,0.3538
LOADS,2026-01-08T10:04:50.000000000Z,18.82,19.74,4.8884,101092,0.4834
LOADS,2026-01-08T10:09:21.000000000Z,18.75,19.72,5.1733,135901,0.6499
LOADS,2026-01-08T10:12:28.000000000Z,18.8,19.73,4.9468,148339,0.7094
LOADS,2026-01-08T10:15:47.000000000Z,18.7,19.61,4.8663,92629,0.4430
LOADS,2026-01-08T10:19:21.000000000Z,18.7,19.69,5.2941,203381,0.9726
LOADS,2026-01-08T10:23:24.000000000Z,18.61,19.6,5.3197,57383,0.2744
LOADS,2026-01-08T10:26:40.000000000Z,18.69,19.63,5.0294,154313,0.7379
LOADS,2026-01-08T10:35:00.000000000Z,18.69,19.71,5.4575,248857,1.1900
LOADS,2026-01-09T04:17:43.000000000Z,18.75,19.7,5.0667,286558,1.3703
LOADS,2026-01-09T04:18:56.000000000Z,19.05,19.57,2.7297,86348,0.4129
LOADS,2026-01-09T04:20:01.000000000Z,19.05,19.69,3.3596,113084,0.5408
LOADS,2026-01-09T04:21:10.000000000Z,19.03,19.71,3.5733,144690,0.6919
LOADS,2026-01-09T04:22:38.000000000Z,19.1,19.75,3.4031,200750,0.9600
LOADS,2026-01-09T04:23:40.000000000Z,19.1,19.75,3.4031,233277,1.1155
LOADS,2026-01-09T04:25:01.000000000Z,19.15,19.62,2.4543,215153,1.0289
LOADS,2026-01-09T04:26:11.000000000Z,19.2,19.6,2.0833,281588,1.3466
LOADS,2026-01-09T04:27:19.000000000Z,19.25,19.6,1.8182,94723,0.4530
LOADS,2026-01-09T04:28:20.000000000Z,19.21,19.55,1.7699,212432,1.0159
LOADS,2026-01-09T04:46:27.000000000Z,19.57,19.79,1.1242,198642,0.9499
LOADS,2026-01-09T04:47:40.000000000Z,19.55,19.78,1.1765,52461,0.2509
LOADS,2026-01-09T05:18:22.000000000Z,19.3,19.52,1.1399,155876,0.7454
LOADS,2026-01-09T06:04:18.000000000Z,19.37,19.63,1.3423,37000,0.1769
LOADS,2026-01-09T06:08:31.000000000Z,19.31,19.6,1.5018,53881,0.2577
LOADS,2026-01-09T06:33:13.000000000Z,19.25,19.45,1.0390,134379,0.6426
LOADS,2026-01-09T06:54:09.000000000Z,19.16,19.38,1.1482,93930,0.4492
HUBC,2026-01-05T04:32:00.000000000Z,226.2,232,2.5641,267363,3.0197
HUBC,2026-01-05T04:33:00.000000000Z,226.61,231.26,2.0520,172631,1.9498
HUBC,2026-01-05T04:33:59.000000000Z,227.01,231.6,2.0219,89764,1.0138
HUBC,2026-01-05T04:35:04.000000000Z,226.9,231.99,2.2433,68604,0.7748
HUBC,2026-01-05T04:36:35.000000000Z,226.69,231.55,2.1439,72060,0.8139
HUBC,2026-01-05T04:37:46.000000000Z,226.7,231.25,2.0071,119405,1.3486
HUBC,2026-01-05T04:38:50.000000000Z,226.59,231,1.9462,82756,0.9347
HUBC,2026-01-05T04:40:10.000000000Z,226.9,231,1.8070,231199,2.6112
HUBC,2026-01-05T04:41:20.000000000Z,226.8,231.02,1.8607,162641,1.8369
HUBC,2026-01-05T04:42:22.000000000Z,226.84,231.25,1.9441,268983,3.0380
HUBC,2026-01-05T04:57:06.000000000Z,226.51,231.59,2.2427,134597,1.5202
HUBC,2026-01-05T04:58:33.000000000Z,226.8,231.2,1.9400,155717,1.7587
HUBC,2026-01-05T04:59:43.000000000Z,227,231.37,1.9251,159734,1.8041
HUBC,2026-01-05T05:00:43.000000000Z,227.25,231.1,1.6942,105249,1.1887
HUBC,2026-01-05T05:18:00.000000000Z,227.51,231,1.5340,62557,0.7065
HUBC,2026-01-05T05:19:16.000000000Z,227.5,231,1.5385,36535,0.4126
HUBC,2026-01-05T05:20:34.000000000Z,227.49,231.25,1.6528,65640,0.7414
HUBC,2026-01-05T05:22:18.000000000Z,227.4,231.19,1.6667,88744,1.0023
HUBC,2026-01-05T05:23:35.000000000Z,227.3,231.16,1.6982,66567,0.7518
HUBC,2026-01-05T05:25:14.000000000Z,227.5,231.25,1.6484,85839,0.9695
HUBC,2026-01-05T05:26:45.000000000Z,227.5,231.5,1.7582,67280,0.7599
HUBC,2026-01-05T05:28:18.000000000Z,227.66,231.59,1.7263,934211,10.5513
HUBC,2026-01-05T05:29:12.000000000Z,228.98,231.33,1.0263,614016,6.9349
HUBC,2026-01-05T05:30:03.000000000Z,229,231.51,1.0961,2078519,23.4755
HUBC,2026-01-05T05:36:58.000000000Z,229.3,231.6,1.0031,18989,0.2145
HUBC,2026-01-05T05:53:02.000000000Z,229.5,231.9,1.0458,83759,0.9460
HUBC,2026-01-05T05:56:08.000000000Z,229.5,231.89,1.0414,48708,0.5501
HUBC,2026-01-05T05:57:30.000000000Z,229.25,232.37,1.3610,58530,0.6611
HUBC,2026-01-05T05:58:53.000000000Z,229.21,232,1.2172,101820,1.1500
HUBC,2026-01-05T06:00:09.000000000Z,229.31,232.3,1.3039,40592,0.4585
HUBC,2026-01-05T06:01:16.000000000Z,229.5,231.8,1.0022,56825,0.6418
HUBC,2026-01-05T06:02:23.000000000Z,229.53,232,1.0761,23909,0.2700
HUBC,2026-01-05T06:04:26.000000000Z,229.52,232,1.0805,41078,0.4639
HUBC,2026-01-05T06:05:51.000000000Z,229.25,232.2,1.2868,56407,0.6371
HUBC,2026-01-05T06:07:28.000000000Z,229.11,232,1.2614,7324,0.0827
HUBC,2026-01-05T06:08:47.000000000Z,229.3,231.89,1.1295,22676,0.2561
HUBC,2026-01-05T06:10:14.000000000Z,229.2,231.81,1.1387,16986,0.1918
HUBC,2026-01-05T06:12:02.000000000Z,229.12,231.55,1.0606,50555,0.5710
HUBC,2026-01-05T06:13:38.000000000Z,229.15,231.56,1.0517,34563,0.3904
HUBC,2026-01-05T06:15:32.000000000Z,229.24,231.85,1.1385,14126,0.1595
HUBC,2026-01-05T06:17:44.000000000Z,229.2,231.7,1.0908,22693,0.2563
HUBC,2026-01-05T06:21:36.000000000Z,229.3,231.61,1.0074,17494,0.1976
HUBC,2026-01-05T06:23:39.000000000Z,229.2,231.89,1.1736,23315,0.2633
HUBC,2026-01-05T06:25:46.000000000Z,229.37,232,1.1466,41605,0.4699
HUBC,2026-01-05T06:27:32.000000000Z,229.3,232,1.1775,15920,0.1798
HUBC,2026-01-05T06:29:36.000000000Z,229.34,232.01,1.1642,23065,0.2605
HUBC,2026-01-05T06:31:32.000000000Z,229.16,232.01,1.2437,6537,0.0738
HUBC,2026-01-05T06:33:26.000000000Z,229.2,232.19,1.3045,38035,0.4296
HUBC,2026-01-05T06:35:23.000000000Z,229.34,232.19,1.2427,22086,0.2494
HUBC,2026-01-05T06:37:45.000000000Z,229.25,232.12,1.2519,39950,0.4512
HUBC,2026-01-05T06:40:18.000000000Z,229.2,232,1.2216,18492,0.2089
HUBC,2026-01-05T06:43:10.000000000Z,229.35,232.25,1.2644,80873,0.9134
HUBC,2026-01-05T06:44:59.000000000Z,229.55,231.91,1.0281,461282,5.2099
HUBC,2026-01-05T06:46:12.000000000Z,229.25,231.89,1.1516,21621,0.2442
HUBC,2026-01-05T06:53:15.000000000Z,229.02,231.35,1.0174,41378,0.4673
HUBC,2026-01-05T06:54:57.000000000Z,228.92,231.8,1.2581,19407,0.2192
HUBC,2026-01-05T06:57:23.000000000Z,229,231.7,1.1790,31179,0.3521
HUBC,2026-01-05T06:58:52.000000000Z,229.2,231.5,1.0035,36033,0.4070
HUBC,2026-01-05T07:00:25.000000000Z,229.38,231.84,1.0725,26476,0.2990
HUBC,2026-01-05T07:37:33.000000000Z,229.75,232.19,1.0620,36966,0.4175
HUBC,2026-01-05T07:39:35.000000000Z,229.8,232.2,1.0444,30063,0.3395
HUBC,2026-01-05T07:41:29.000000000Z,229.65,232.8,1.3717,75310,0.8506
HUBC,2026-01-05T07:44:40.000000000Z,229.52,232.3,1.2112,75526,0.8530
HUBC,2026-01-05T07:47:27.000000000Z,229.41,232,1.1290,17764,0.2006
HUBC,2026-01-05T07:54:03.000000000Z,229.3,231.68,1.0379,38580,0.4357
HUBC,2026-01-05T07:56:08.000000000Z,229.25,231.94,1.1734,126724,1.4313
HUBC,2026-01-05T07:59:03.000000000Z,229,231.55,1.1135,45412,0.5129
HUBC,2026-01-05T08:04:51.000000000Z,228.9,231.25,1.0266,64732,0.7311
HUBC,2026-01-05T08:07:17.000000000Z,229,231.55,1.1135,85367,0.9642
HUBC,2026-01-05T08:10:34.000000000Z,229,231.6,1.1354,28128,0.3177
HUBC,2026-01-05T08:14:10.000000000Z,228.86,231.3,1.0662,23031,0.2601
HUBC,2026-01-05T08:17:14.000000000Z,228.91,231.75,1.2407,8187,0.0925
HUBC,2026-01-05T08:20:36.000000000Z,228.99,231.61,1.1442,63400,0.7161
HUBC,2026-01-05T08:23:44.000000000Z,229,231.89,1.2620,51377,0.5803
HUBC,2026-01-05T08:26:07.000000000Z,228.9,231.94,1.3281,71676,0.8095
HUBC,2026-01-05T08:29:35.000000000Z,229,231.75,1.2009,23921,0.2702
HUBC,2026-01-05T08:35:30.000000000Z,229,231.3,1.0044,22094,0.2495
HUBC,2026-01-05T08:39:03.000000000Z,229.25,231.55,1.0033,40723,0.4599
HUBC,2026-01-05T08:43:06.000000000Z,229.32,231.69,1.0335,7208,0.0814
HUBC,2026-01-05T08:47:17.000000000Z,229,231.4,1.0480,48592,0.5488
BFAGRO,2026-01-07T04:51:47.000000000Z,43.02,43.79,1.7899,5000,0.1063
BFAGRO,2026-01-07T04:56:13.000000000Z,43.05,43.6,1.2776,74600,1.5865
BFAGRO,2026-01-07T07:22:39.000000000Z,43.91,44.59,1.5486,116107,2.4692
BFAGRO,2026-01-08T04:55:37.000000000Z,43.51,44,1.1262,12075,0.2568
BFAGRO,2026-01-09T06:35:29.000000000Z,44.18,44.7,1.1770,174866,3.7188
BFAGRO,2026-01-09T09:32:39.000000000Z,44.01,44.51,1.1361,51812,1.1019
EMCO,2026-01-05T04:32:56.000000000Z,58.5,63.25,8.1197,7244,0.6184
EMCO,2026-01-05T05:34:18.000000000Z,59,63.2,7.1186,17633,1.5054
EMCO,2026-01-05T06:14:07.000000000Z,58.5,63,7.6923,6386,0.5452
EMCO,2026-01-05T07:12:31.000000000Z,58.88,62.6,6.3179,8505,0.7261
EMCO,2026-01-05T07:42:16.000000000Z,58.9,60.5,2.7165,38627,3.2977
EMCO,2026-01-05T08:54:44.000000000Z,58.3,60.55,3.8593,18159,1.5503
EMCO,2026-01-05T09:17:41.000000000Z,58,60.02,3.4828,36006,3.0739
EMCO,2026-01-05T09:45:33.000000000Z,57.81,62.29,7.7495,14499,1.2378
EMCO,2026-01-05T10:14:52.000000000Z,57.87,61.94,7.0330,6779,0.5787
EMCO,2026-01-06T04:42:24.000000000Z,58.88,61,3.6005,7615,0.6501
EMCO,2026-01-06T05:21:13.000000000Z,56.71,60.5,6.6831,10073,0.8600
EMCO,2026-01-06T05:43:09.000000000Z,57,61.49,7.8772,24387,2.0820
EMCO,2026-01-06T06:43:22.000000000Z,56.5,62.24,10.1593,10173,0.8685
EMCO,2026-01-06T07:18:26.000000000Z,58.5,61,4.2735,7911,0.6754
EMCO,2026-01-06T08:34:20.000000000Z,58.79,60.25,2.4834,12244,1.0453
EMCO,2026-01-06T10:12:58.000000000Z,58.7,60.05,2.2998,12229,1.0440
EMCO,2026-01-07T04:38:58.000000000Z,59,60.9,3.2203,6919,0.5907
EMCO,2026-01-07T05:05:35.000000000Z,58.99,62.2,5.4416,12669,1.0816
EMCO,2026-01-07T06:24:02.000000000Z,57.2,61.9,8.2168,10423,0.8898
EMCO,2026-01-07T06:37:30.000000000Z,57,62.1,8.9474,8387,0.7160
EMCO,2026-01-07T07:14:17.000000000Z,58.8,61.8,5.1020,6687,0.5709
EMCO,2026-01-07T08:12:35.000000000Z,58.69,61.8,5.2990,5483,0.4681
EMCO,2026-01-07T09:07:38.000000000Z,58.66,60.8,3.6481,9117,0.7783
EMCO,2026-01-08T09:12:15.000000000Z,58.6,61.9,5.6314,37879,3.2338
EMCO,2026-01-08T09:44:30.000000000Z,60.47,62.28,2.9932,29921,2.5544
EMCO,2026-01-09T05:05:09.000000000Z,60.06,62.69,4.3790,6393,0.5458
EMCO,2026-01-09T05:13:31.000000000Z,62.69,63.4,1.1326,47895,4.0889
EMCO,2026-01-09T05:47:34.000000000Z,62,62.99,1.5968,1203,0.1027
EMCO,2026-01-09T10:48:50.000000000Z,60.52,61.5,1.6193,562,0.0480
PIOC,2026-01-05T04:32:01.000000000Z,384,398.99,3.9036,77777,1.7939
PIOC,2026-01-05T04:36:43.000000000Z,384.98,397.95,3.3690,27329,0.6303
PIOC,2026-01-05T04:42:30.000000000Z,385,395,2.5974,43922,1.0130
PIOC,2026-01-05T04:57:12.000000000Z,387,397,2.5840,31213,0.7199
PIOC,2026-01-05T05:22:21.000000000Z,386.51,395.25,2.2613,106845,2.4643
PIOC,2026-01-05T05:25:14.000000000Z,390.98,397.3,1.6165,76142,1.7562
PIOC,2026-01-05T05:26:30.000000000Z,390,397.5,1.9231,30697,0.7080
PIOC,2026-01-05T05:28:25.000000000Z,391,398,1.7903,46381,1.0698
PIOC,2026-01-05T05:30:24.000000000Z,391,396,1.2788,116851,2.6951
PIOC,2026-01-05T05:31:56.000000000Z,391.99,396.98,1.2730,62059,1.4314
PIOC,2026-01-05T05:32:59.000000000Z,391,397.01,1.5371,17776,0.4100
PIOC,2026-01-05T05:34:09.000000000Z,390.5,398,1.9206,22360,0.5157
PIOC,2026-01-05T05:36:30.000000000Z,390.6,398.79,2.0968,38213,0.8814
PIOC,2026-01-05T05:40:46.000000000Z,390,398.5,2.1795,18254,0.4210
PIOC,2026-01-05T05:43:43.000000000Z,388.98,401,3.0901,51228,1.1816
PIOC,2026-01-05T05:49:32.000000000Z,389,400.01,2.8303,3254,0.0751
PIOC,2026-01-05T05:55:53.000000000Z,389.48,400,2.7010,16165,0.3728
PIOC,2026-01-05T06:03:50.000000000Z,390,400,2.5641,35855,0.8270
PIOC,2026-01-05T06:12:40.000000000Z,389.12,400.2,2.8475,35737,0.8243
PIOC,2026-01-05T06:17:44.000000000Z,390.27,401.89,2.9774,28459,0.6564
PIOC,2026-01-05T06:25:21.000000000Z,390.5,401.01,2.6914,12663,0.2921
PIOC,2026-01-05T06:34:11.000000000Z,390.5,399.05,2.1895,35530,0.8195
PIOC,2026-01-05T06:39:25.000000000Z,392,398.5,1.6582,19148,0.4416
PIOC,2026-01-05T06:45:40.000000000Z,390.65,398.51,2.0120,72262,1.6667
PIOC,2026-01-05T06:49:07.000000000Z,390,399,2.3077,12626,0.2912
PIOC,2026-01-05T06:55:34.000000000Z,389.3,398.5,2.3632,29561,0.6818
PIOC,2026-01-05T07:02:44.000000000Z,389.95,398,2.0644,56829,1.3107
PIOC,2026-01-05T07:08:11.000000000Z,391,397.51,1.6650,2499,0.0576
PIOC,2026-01-05T07:12:01.000000000Z,390.02,397.51,1.9204,38863,0.8964
PIOC,2026-01-05T07:18:13.000000000Z,390.02,397.8,1.9948,7946,0.1833
PIOC,2026-01-05T07:24:24.000000000Z,391,397,1.5345,17497,0.4036
PIOC,2026-01-05T07:30:24.000000000Z,390.75,396,1.3436,34716,0.8007
PIOC,2026-01-05T07:38:29.000000000Z,390.5,398.98,2.1716,51025,1.1769
PIOC,2026-01-05T07:42:17.000000000Z,391,396.07,1.2967,33251,0.7669
PIOC,2026-01-05T07:45:56.000000000Z,390.8,397.7,1.7656,15645,0.3608
PIOC,2026-01-05T07:52:19.000000000Z,390.02,395.56,1.4204,18934,0.4367
PIOC,2026-01-05T08:06:09.000000000Z,390.5,397,1.6645,4448,0.1026
PIOC,2026-01-05T08:15:14.000000000Z,390.87,396.5,1.4404,15102,0.3483
PIOC,2026-01-05T08:26:02.000000000Z,391,397,1.5345,18028,0.4158
PIOC,2026-01-05T08:35:16.000000000Z,390.97,397,1.5423,11118,0.2564
PIOC,2026-01-05T08:50:50.000000000Z,390.99,397.5,1.6650,47198,1.0886
PIOC,2026-01-05T09:02:01.000000000Z,389.5,397.11,1.9538,7911,0.1825
PIOC,2026-01-05T09:17:38.000000000Z,390.48,397,1.6697,42510,0.9805
PIOC,2026-01-05T09:22:35.000000000Z,390.11,396.2,1.5611,13424,0.3096
PIOC,2026-01-05T09:28:25.000000000Z,390.12,396.11,1.5354,29782,0.6869
PIOC,2026-01-05T09:31:38.000000000Z,392,396.24,1.0816,20518,0.4732
PIOC,2026-01-05T09:41:46.000000000Z,391.01,396.55,1.4168,21440,0.4945
PIOC,2026-01-05T09:48:24.000000000Z,390.8,396.25,1.3946,57831,1.3339
PIOC,2026-01-05T09:54:10.000000000Z,391.9,396.47,1.1661,49466,1.1409
PIOC,2026-01-05T09:58:05.000000000Z,391,395.99,1.2762,90805,2.0944
PIOC,2026-01-05T10:02:23.000000000Z,392,396.2,1.0714,36665,0.8457
PIOC,2026-01-05T10:06:46.000000000Z,392,396,1.0204,111962,2.5824
PIOC,2026-01-05T10:11:10.000000000Z,390.99,398.54,1.9310,46492,1.0723
PIOC,2026-01-05T10:16:07.000000000Z,390.85,398.51,1.9598,61334,1.4146
PIOC,2026-01-05T10:20:04.000000000Z,392.5,399,1.6561,65731,1.5161
PIOC,2026-01-05T10:22:27.000000000Z,391.1,398.96,2.0097,13988,0.3226
PIOC,2026-01-05T10:26:21.000000000Z,391.9,398,1.5565,26534,0.6120
PIOC,2026-01-05T10:35:01.000000000Z,391.5,398,1.6603,11278,0.2601
PIOC,2026-01-06T04:35:19.000000000Z,393,397,1.0178,46681,1.0767
PIOC,2026-01-06T04:37:13.000000000Z,393,399.4,1.6285,25054,0.5779
PIOC,2026-01-06T04:40:49.000000000Z,392.5,400,1.9108,18363,0.4235
PIOC,2026-01-06T04:46:54.000000000Z,393.4,400,1.6777,17965,0.4144
PIOC,2026-01-06T04:53:57.000000000Z,393,401.5,2.1628,29085,0.6708
PIOC,2026-01-06T04:58:03.000000000Z,393,402,2.2901,48624,1.1215
PIOC,2026-01-06T05:02:27.000000000Z,392.05,403,2.7930,57032,1.3154
PIOC,2026-01-06T05:05:22.000000000Z,392,403.5,2.9337,27579,0.6361
PIOC,2026-01-06T05:11:03.000000000Z,392.01,402.55,2.6887,12333,0.2845
PIOC,2026-01-06T05:16:51.000000000Z,392.05,400.51,2.1579,19666,0.4536
PIOC,2026-01-06T05:24:10.000000000Z,392,400,2.0408,32989,0.7609
PIOC,2026-01-06T05:29:53.000000000Z,392.5,399.98,1.9057,36313,0.8375
PIOC,2026-01-06T05:36:13.000000000Z,392.8,400,1.8330,11944,0.2755
PIOC,2026-01-06T05:45:58.000000000Z,392.5,400,1.9108,21281,0.4908
PIOC,2026-01-06T05:52:25.000000000Z,393.06,401.75,2.2109,73771,1.7015
PIOC,2026-01-06T05:54:51.000000000Z,394.4,400.52,1.5517,44712,1.0313
PIOC,2026-01-06T05:59:45.000000000Z,394.4,398.51,1.0421,21293,0.4911
PIOC,2026-01-06T06:04:18.000000000Z,393.52,398.75,1.3290,13419,0.3095
PIOC,2026-01-06T06:07:11.000000000Z,393.52,400,1.6467,22455,0.5179
PIOC,2026-01-06T06:13:00.000000000Z,393.25,399.01,1.4647,10247,0.2363
PIOC,2026-01-06T06:22:17.000000000Z,393.12,400.25,1.8137,24987,0.5763
PIOC,2026-01-06T06:37:24.000000000Z,394.71,400,1.3402,72454,1.6711
PIOC,2026-01-06T06:47:19.000000000Z,394.5,400,1.3942,23782,0.5485
PIOC,2026-01-06T06:55:39.000000000Z,394,400.5,1.6497,118390,2.7306
PIOC,2026-01-06T07:01:19.000000000Z,395,401,1.5190,56725,1.3083
PIOC,2026-01-06T07:05:47.000000000Z,395,400,1.2658,78592,1.8127
PIOC,2026-01-06T07:10:33.000000000Z,395.89,400.88,1.2605,57796,1.3330
PIOC,2026-01-06T07:17:32.000000000Z,394.01,403.25,2.3451,151522,3.4948
PIOC,2026-01-06T07:28:02.000000000Z,393.5,405,2.9225,141966,3.2744
PIOC,2026-01-06T07:36:42.000000000Z,394.9,403.9,2.2791,110891,2.5577
PIOC,2026-01-06T07:48:12.000000000Z,394.88,405,2.5628,140122,3.2319
PIOC,2026-01-06T07:58:46.000000000Z,394.15,405.5,2.8796,151526,3.4949
PIOC,2026-01-06T08:11:04.000000000Z,394.2,404,2.4860,43770,1.0095
PIOC,2026-01-06T08:20:02.000000000Z,394,405.99,3.0431,88726,2.0464
PIOC,2026-01-06T08:24:17.000000000Z,393.41,406,3.2002,107682,2.4836
PIOC,2026-01-06T08:36:13.000000000Z,393.16,404.5,2.8843,32033,0.7388
PIOC,2026-01-06T08:44:56.000000000Z,395,404,2.2785,146930,3.3889
PIOC,2026-01-06T08:58:29.000000000Z,394,403,2.2843,64203,1.4808
PIOC,2026-01-06T09:07:03.000000000Z,394,403.5,2.4112,19237,0.4437
PIOC,2026-01-06T09:20:11.000000000Z,393.8,403.55,2.4759,65062,1.5006
PIOC,2026-01-06T09:34:03.000000000Z,393.85,403.21,2.3765,60804,1.4024
PIOC,2026-01-06T09:38:57.000000000Z,394,402,2.0305,41203,0.9503
PIOC,2026-01-06T09:42:12.000000000Z,393.99,403,2.2869,56504,1.3032
PIOC,2026-01-06T09:49:29.000000000Z,394.2,402.89,2.2045,4603,0.1062
PIOC,2026-01-06T09:58:11.000000000Z,393.26,403.44,2.5886,16353,0.3772
PIOC,2026-01-06T10:07:39.000000000Z,394.14,403.5,2.3748,44997,1.0378
PIOC,2026-01-06T10:14:05.000000000Z,394.49,403.01,2.1598,32378,0.7468
PIOC,2026-01-06T10:18:40.000000000Z,394.5,403.5,2.2814,129647,2.9903
PIOC,2026-01-06T10:21:17.000000000Z,394.32,403,2.2013,110465,2.5478
PIOC,2026-01-06T10:24:10.000000000Z,395,402.25,1.8354,60694,1.3999
PIOC,2026-01-06T10:27:46.000000000Z,395.84,403.74,1.9958,39296,0.9063
PIOC,2026-01-06T10:46:22.000000000Z,394.96,403.75,2.2255,11377,0.2624
PIOC,2026-01-07T04:37:34.000000000Z,396,403,1.7677,28346,0.6538
PIOC,2026-01-07T04:41:14.000000000Z,394.99,402.44,1.8861,37442,0.8636
PIOC,2026-01-07T04:44:49.000000000Z,394.4,402.97,2.1729,6291,0.1451
PIOC,2026-01-07T04:48:43.000000000Z,393.93,403.75,2.4928,11435,0.2637
PIOC,2026-01-07T04:52:23.000000000Z,393.86,403.98,2.5694,116215,2.6805
PIOC,2026-01-07T04:55:19.000000000Z,396.5,403,1.6393,38816,0.8953
PIOC,2026-01-07T04:57:12.000000000Z,397,403,1.5113,27794,0.6411
PIOC,2026-01-07T04:58:51.000000000Z,397.69,403,1.3352,23767,0.5482
PIOC,2026-01-07T05:02:33.000000000Z,398,402.5,1.1307,54494,1.2569
PIOC,2026-01-07T05:04:04.000000000Z,398,402,1.0050,65010,1.4994
PIOC,2026-01-07T05:05:57.000000000Z,397,401.6,1.1587,183355,4.2290
PIOC,2026-01-07T05:11:17.000000000Z,397,402.5,1.3854,35443,0.8175
PIOC,2026-01-07T05:13:51.000000000Z,395.5,404.01,2.1517,32908,0.7590
PIOC,2026-01-07T05:17:04.000000000Z,396.89,405,2.0434,22277,0.5138
PIOC,2026-01-07T05:22:53.000000000Z,396.79,404.97,2.0615,29687,0.6847
PIOC,2026-01-07T05:29:35.000000000Z,395.89,404,2.0485,37170,0.8573
PIOC,2026-01-07T05:34:51.000000000Z,396.82,403.5,1.6834,4652,0.1073
PIOC,2026-01-07T05:40:37.000000000Z,396,403.99,2.0177,21405,0.4937
PIOC,2026-01-07T05:45:20.000000000Z,396.87,403.94,1.7814,18692,0.4311
PIOC,2026-01-07T05:48:48.000000000Z,396,404,2.0202,20793,0.4796
PIOC,2026-01-07T05:52:15.000000000Z,398,404.44,1.6181,36125,0.8332
PIOC,2026-01-07T05:54:13.000000000Z,397.35,403.5,1.5478,47032,1.0848
PIOC,2026-01-07T05:57:07.000000000Z,397.48,402.71,1.3158,38673,0.8920
PIOC,2026-01-07T05:59:13.000000000Z,396.94,403.74,1.7131,12886,0.2972
PIOC,2026-01-07T06:02:53.000000000Z,397,403.99,1.7607,80670,1.8606
PIOC,2026-01-07T06:04:59.000000000Z,396.5,403.3,1.7150,27224,0.6279
PIOC,2026-01-07T06:10:24.000000000Z,396,403.99,2.0177,40084,0.9245
PIOC,2026-01-07T06:19:30.000000000Z,394.05,404,2.5251,36635,0.8450
PIOC,2026-01-07T06:22:17.000000000Z,395,404,2.2785,40733,0.9395
PIOC,2026-01-07T06:26:30.000000000Z,395.5,403,1.8963,105848,2.4413
PIOC,2026-01-07T06:36:25.000000000Z,395.5,402,1.6435,51745,1.1935
PIOC,2026-01-07T06:43:37.000000000Z,395,402.3,1.8481,29436,0.6789
PIOC,2026-01-07T06:51:51.000000000Z,394.95,402.88,2.0078,18302,0.4221
PIOC,2026-01-07T07:04:30.000000000Z,394.88,403.53,2.1905,84206,1.9422
PIOC,2026-01-07T07:12:12.000000000Z,394,403.5,2.4112,57216,1.3197
PIOC,2026-01-07T07:21:37.000000000Z,394.49,403.32,2.2383,12025,0.2774
PIOC,2026-01-07T07:27:42.000000000Z,395.01,403.01,2.0253,31113,0.7176
PIOC,2026-01-07T07:32:41.000000000Z,396.5,402.55,1.5259,26752,0.6170
PIOC,2026-01-07T07:40:20.000000000Z,396.51,402.59,1.5334,44701,1.0310
PIOC,2026-01-07T07:47:16.000000000Z,396.5,403,1.6393,100081,2.3083
PIOC,2026-01-07T08:04:45.000000000Z,396,403.5,1.8939,223475,5.1544
PIOC,2026-01-07T08:20:30.000000000Z,396,403,1.7677,155742,3.5921
PIOC,2026-01-07T08:25:41.000000000Z,396.98,402.9,1.4913,202998,4.6821
PIOC,2026-01-07T08:36:43.000000000Z,396,402.71,1.6944,81146,1.8716
PIOC,2026-01-07T08:42:32.000000000Z,396.77,402.99,1.5677,109849,2.5336
PIOC,2026-01-07T08:50:28.000000000Z,396.74,402.81,1.5300,172321,3.9745
PIOC,2026-01-07T09:15:16.000000000Z,396.75,403,1.5753,202629,4.6736
PIOC,2026-01-07T09:29:29.000000000Z,396.75,402.3,1.3989,194819,4.4934
PIOC,2026-01-07T09:47:29.000000000Z,396,402.5,1.6414,126769,2.9239
PIOC,2026-01-07T10:03:42.000000000Z,396,402.99,1.7652,148432,3.4235
PIOC,2026-01-07T10:12:45.000000000Z,395.5,403,1.8963,115877,2.6727
PIOC,2026-01-07T10:25:56.000000000Z,395.01,403,2.0227,263224,6.0712
PIOC,2026-01-08T04:35:02.000000000Z,395.42,403.5,2.0434,62464,1.4407
PIOC,2026-01-08T04:39:09.000000000Z,395.5,403.5,2.0228,33624,0.7755
PIOC,2026-01-08T04:43:57.000000000Z,395.51,403.2,1.9443,96208,2.2190
PIOC,2026-01-08T04:47:06.000000000Z,395.5,403.61,2.0506,60733,1.4008
PIOC,2026-01-08T04:48:51.000000000Z,395.5,403.99,2.1466,153046,3.5299
PIOC,2026-01-08T04:51:59.000000000Z,395.5,403.25,1.9595,17873,0.4122
PIOC,2026-01-08T04:55:51.000000000Z,395.02,402.55,1.9062,32078,0.7399
PIOC,2026-01-08T04:59:39.000000000Z,394.01,402.8,2.2309,41764,0.9633
PIOC,2026-01-08T05:01:57.000000000Z,394.21,401,1.7224,41255,0.9515
PIOC,2026-01-08T05:04:49.000000000Z,393.61,401,1.8775,25037,0.5775
PIOC,2026-01-08T05:44:28.000000000Z,396,400,1.0101,122535,2.8262
YOUW,2026-01-05T04:32:01.000000000Z,5.6,6.03,7.6786,84195,0.5194
YOUW,2026-01-05T04:37:12.000000000Z,5.59,5.9,5.5456,348889,2.1521
YOUW,2026-01-05T04:52:04.000000000Z,5.66,5.89,4.0636,425163,2.6226
YOUW,2026-01-05T04:53:45.000000000Z,5.73,6,4.7120,164476,1.0146
YOUW,2026-01-05T04:55:23.000000000Z,5.76,5.9,2.4306,91893,0.5668
YOUW,2026-01-05T04:58:08.000000000Z,5.74,5.93,3.3101,60963,0.3761
YOUW,2026-01-05T05:01:34.000000000Z,5.7,5.94,4.2105,29820,0.1839
YOUW,2026-01-05T06:16:38.000000000Z,5.7,5.97,4.7368,93378,0.5760
YOUW,2026-01-05T06:47:37.000000000Z,5.68,5.99,5.4577,62488,0.3855
YOUW,2026-01-05T07:00:52.000000000Z,5.68,5.97,5.1056,59064,0.3643
YOUW,2026-01-05T07:17:28.000000000Z,5.68,5.99,5.4577,88246,0.5443
YOUW,2026-01-05T07:41:33.000000000Z,5.68,5.98,5.2817,226924,1.3998
YOUW,2026-01-05T07:58:36.000000000Z,5.73,5.94,3.6649,158101,0.9752
YOUW,2026-01-05T08:17:16.000000000Z,5.7,5.95,4.3860,155497,0.9592
YOUW,2026-01-05T08:39:34.000000000Z,5.62,5.96,6.0498,230665,1.4229
YOUW,2026-01-05T08:55:01.000000000Z,5.62,5.91,5.1601,87400,0.5391
YOUW,2026-01-05T09:06:56.000000000Z,5.64,5.88,4.2553,127887,0.7889
YOUW,2026-01-05T09:34:31.000000000Z,5.69,5.9,3.6907,101464,0.6259
YOUW,2026-01-05T09:43:50.000000000Z,5.69,5.91,3.8664,134016,0.8267
YOUW,2026-01-05T10:08:29.000000000Z,5.69,5.92,4.0422,116264,0.7172
YOUW,2026-01-05T10:19:13.000000000Z,5.72,5.8,1.3986,266109,1.6415
YOUW,2026-01-05T10:29:26.000000000Z,5.73,5.81,1.3962,145892,0.8999
YOUW,2026-01-06T04:56:59.000000000Z,5.67,5.75,1.4109,117256,0.7233
YOUW,2026-01-06T05:08:35.000000000Z,5.69,5.9,3.6907,135718,0.8372
YOUW,2026-01-06T05:17:09.000000000Z,5.55,5.9,6.3063,12229,0.0754
YOUW,2026-01-06T05:21:44.000000000Z,5.6,5.89,5.1786,10824,0.0668
YOUW,2026-01-06T05:36:19.000000000Z,5.64,5.75,1.9504,29035,0.1791
YOUW,2026-01-06T06:37:45.000000000Z,5.65,5.74,1.5929,67262,0.4149
YOUW,2026-01-06T06:47:59.000000000Z,5.67,5.8,2.2928,536714,3.3107
YOUW,2026-01-06T06:58:50.000000000Z,5.68,5.8,2.1127,128022,0.7897
YOUW,2026-01-07T04:37:45.000000000Z,5.7,5.84,2.4561,69752,0.4303
YOUW,2026-01-07T08:52:27.000000000Z,5.99,6.05,1.0017,1219011,7.5195
YOUW,2026-01-07T08:59:57.000000000Z,5.85,5.97,2.0513,73562,0.4538
YOUW,2026-01-07T09:02:52.000000000Z,5.9,6.03,2.2034,234733,1.4480
YOUW,2026-01-07T10:28:14.000000000Z,6.15,6.29,2.2764,472485,2.9145
YOUW,2026-01-08T09:35:57.000000000Z,6.02,6.09,1.1628,49130,0.3031
YOUW,2026-01-08T10:29:24.000000000Z,5.99,6.07,1.3356,88863,0.5482
YOUW,2026-01-09T09:42:52.000000000Z,5.92,5.99,1.1824,45306,0.2795
YOUW,2026-01-09T10:06:22.000000000Z,5.92,5.98,1.0135,77421,0.4776
BGL,2026-01-07T10:28:32.000000000Z,14.18,14.44,1.8336,26977,0.2709
BGL,2026-01-08T06:48:10.000000000Z,14.17,14.33,1.1291,71951,0.7226
BGL,2026-01-08T10:18:40.000000000Z,14.12,14.37,1.7705,44152,0.4434
BGL,2026-01-09T06:48:19.000000000Z,14.13,14.36,1.6277,50994,0.5121
BGL,2026-01-09T06:59:57.000000000Z,14.24,14.9,4.6348,31644,0.3178
GCIL,2026-01-09T09:39:44.000000000Z,34.9,35.25,1.0029,8560,0.1101
GCIL,2026-01-09T09:45:37.000000000Z,34.85,35.8,2.7260,22465,0.2890
OGDC,2026-01-06T09:24:16.000000000Z,294.61,298,1.1507,396372,5.3030
OGDC,2026-01-06T09:26:37.000000000Z,295,298,1.0169,199844,2.6737
OGDC,2026-01-06T09:28:01.000000000Z,294.87,298,1.0615,205690,2.7519
OGDC,2026-01-06T09:30:34.000000000Z,294.57,298,1.1644,61232,0.8192
OGDC,2026-01-06T09:33:28.000000000Z,294.53,298.25,1.2630,81529,1.0908
OGDC,2026-01-06T09:35:34.000000000Z,294.14,297.56,1.1627,138219,1.8492
OGDC,2026-01-06T09:38:46.000000000Z,293.85,298.33,1.5246,197730,2.6454
OGDC,2026-01-06T09:41:08.000000000Z,293.9,298,1.3950,124288,1.6628
OGDC,2026-01-06T09:43:03.000000000Z,294,298,1.3605,87992,1.1772
OGDC,2026-01-06T09:45:54.000000000Z,293.99,297.7,1.2619,56716,0.7588
OGDC,2026-01-06T09:49:07.000000000Z,293.97,297.8,1.3029,92043,1.2314
OGDC,2026-01-06T09:52:27.000000000Z,293.75,297.5,1.2766,68718,0.9194
OGDC,2026-01-06T09:55:01.000000000Z,293.55,297,1.1753,177630,2.3765
OGDC,2026-01-06T09:57:49.000000000Z,293.96,297.01,1.0376,78280,1.0473
OGDC,2026-01-06T09:59:25.000000000Z,293.95,297.25,1.1226,55367,0.7407
OGDC,2026-01-06T10:01:30.000000000Z,293.8,297.02,1.0960,29687,0.3972
OGDC,2026-01-06T10:04:18.000000000Z,293.8,297,1.0892,114373,1.5302
OGDC,2026-01-06T10:05:59.000000000Z,293.5,297.02,1.1993,215790,2.8870
OGDC,2026-01-06T10:07:23.000000000Z,293.5,297.24,1.2743,107217,1.4344
OGDC,2026-01-06T10:09:36.000000000Z,293.97,297.86,1.3233,76472,1.0231
OGDC,2026-01-06T10:11:48.000000000Z,293.49,298,1.5367,246445,3.2971
OGDC,2026-01-06T10:13:53.000000000Z,293.56,298,1.5125,46250,0.6188
OGDC,2026-01-06T10:15:45.000000000Z,293.75,298.3,1.5489,66108,0.8844
OGDC,2026-01-06T10:18:11.000000000Z,293.95,298.5,1.5479,214920,2.8754
OGDC,2026-01-06T10:19:56.000000000Z,294.49,298.7,1.4296,132237,1.7692
OGDC,2026-01-06T10:21:13.000000000Z,293.99,299.05,1.7211,387694,5.1869
OGDC,2026-01-06T10:22:58.000000000Z,293.98,299.7,1.9457,266216,3.5616
OGDC,2026-01-06T10:23:58.000000000Z,292.98,300.25,2.4814,629576,8.4229
OGDC,2026-01-06T10:25:10.000000000Z,293.49,299.95,2.2011,353106,4.7241
OGDC,2026-01-06T10:26:17.000000000Z,292.95,299.51,2.2393,272432,3.6448
OGDC,2026-01-06T10:27:12.000000000Z,293,299.65,2.2696,196200,2.6249
OGDC,2026-01-06T10:28:08.000000000Z,292.6,300,2.5290,210965,2.8224
OGDC,2026-01-06T10:29:18.000000000Z,292.78,299.3,2.2269,29614,0.3962
OGDC,2026-01-06T10:38:27.000000000Z,293.45,300.39,2.3650,176348,2.3593
OGDC,2026-01-07T04:32:45.000000000Z,293.77,301.69,2.6960,462132,6.1827
OGDC,2026-01-07T04:33:38.000000000Z,295,301.4,2.1695,549473,7.3513
OGDC,2026-01-07T04:34:33.000000000Z,294.8,301.89,2.4050,746228,9.9836
OGDC,2026-01-07T04:35:30.000000000Z,294.01,300.6,2.2414,194824,2.6065
OGDC,2026-01-07T04:36:36.000000000Z,294.46,300.25,1.9663,126884,1.6975
OGDC,2026-01-07T04:37:36.000000000Z,294,299.51,1.8741,151521,2.0272
OGDC,2026-01-07T04:38:31.000000000Z,293.74,300,2.1311,187835,2.5130
OGDC,2026-01-07T04:39:34.000000000Z,292.9,300.6,2.6289,177594,2.3760
OGDC,2026-01-07T04:40:25.000000000Z,291.47,299.03,2.5937,232137,3.1057
OGDC,2026-01-07T04:41:17.000000000Z,291.46,299.51,2.7620,134028,1.7931
OGDC,2026-01-07T04:42:08.000000000Z,291,299.45,2.9038,36286,0.4855
OGDC,2026-01-07T04:43:05.000000000Z,292.45,300.5,2.7526,91667,1.2264
OGDC,2026-01-07T04:44:08.000000000Z,292.7,300.98,2.8288,286787,3.8368
OGDC,2026-01-07T04:45:14.000000000Z,292.3,300.01,2.6377,65720,0.8793
OGDC,2026-01-07T04:46:30.000000000Z,292.32,299.98,2.6204,176387,2.3598
OGDC,2026-01-07T04:47:44.000000000Z,292.7,299.98,2.4872,37482,0.5015
OGDC,2026-01-07T04:48:50.000000000Z,292.89,300.15,2.4787,139071,1.8606
OGDC,2026-01-07T04:49:58.000000000Z,292.4,300,2.5992,100856,1.3493
OGDC,2026-01-07T04:51:25.000000000Z,292.3,300.24,2.7164,73584,0.9845
OGDC,2026-01-07T04:52:48.000000000Z,292.24,300,2.6554,48202,0.6449
OGDC,2026-01-07T04:54:06.000000000Z,292,300,2.7397,32361,0.4329
OGDC,2026-01-07T04:55:24.000000000Z,291.75,300,2.8278,85855,1.1486
OGDC,2026-01-07T04:56:33.000000000Z,292,300.5,2.9110,112149,1.5004
OGDC,2026-01-07T04:57:40.000000000Z,291.99,300.5,2.9145,111125,1.4867
OGDC,2026-01-07T04:58:46.000000000Z,291.7,300.95,3.1711,35223,0.4712
OGDC,2026-01-07T04:59:42.000000000Z,291.95,301.42,3.2437,123553,1.6530
OGDC,2026-01-07T05:00:49.000000000Z,292,300.97,3.0719,43614,0.5835
OGDC,2026-01-07T05:01:57.000000000Z,292,300.85,3.0308,74378,0.9951
OGDC,2026-01-07T05:03:14.000000000Z,292.38,300.5,2.7772,37664,0.5039
OGDC,2026-01-07T05:04:14.000000000Z,292.65,299.82,2.4500,140966,1.8859
OGDC,2026-01-07T05:05:11.000000000Z,292.75,299.8,2.4082,63213,0.8457
OGDC,2026-01-07T05:06:06.000000000Z,292.8,299.75,2.3736,65524,0.8766
OGDC,2026-01-07T05:07:07.000000000Z,292.5,299.81,2.4991,124103,1.6603
OGDC,2026-01-07T05:08:17.000000000Z,291.99,299.8,2.6747,47664,0.6377
OGDC,2026-01-07T05:09:11.000000000Z,291.95,300,2.7573,107529,1.4386
OGDC,2026-01-07T05:10:11.000000000Z,292,299.75,2.6541,163405,2.1862
OGDC,2026-01-07T05:11:20.000000000Z,292,299.25,2.4829,47104,0.6302
OGDC,2026-01-07T05:12:26.000000000Z,292,299.05,2.4144,134671,1.8017
OGDC,2026-01-07T05:13:31.000000000Z,292.01,299.3,2.4965,36330,0.4860
OGDC,2026-01-07T05:14:30.000000000Z,292.5,299.06,2.2427,184657,2.4705
OGDC,2026-01-07T05:15:30.000000000Z,293.25,299.25,2.0460,132641,1.7746
OGDC,2026-01-07T05:16:26.000000000Z,292,299.1,2.4315,491839,6.5802
OGDC,2026-01-07T05:17:21.000000000Z,292.04,299.25,2.4688,222288,2.9739
OGDC,2026-01-07T05:18:25.000000000Z,291.85,299.26,2.5390,9860,0.1319
OGDC,2026-01-07T05:19:34.000000000Z,291.94,299.43,2.5656,81839,1.0949
OGDC,2026-01-07T05:20:45.000000000Z,292,299.26,2.4863,82649,1.1057
OGDC,2026-01-07T05:21:53.000000000Z,291.99,299.52,2.5789,213202,2.8524
OGDC,2026-01-07T05:22:56.000000000Z,292,299.51,2.5719,81984,1.0968
OGDC,2026-01-07T05:24:05.000000000Z,291.9,299.61,2.6413,167693,2.2435
OGDC,2026-01-07T05:25:06.000000000Z,292.47,299.8,2.5062,107498,1.4382
OGDC,2026-01-07T05:25:59.000000000Z,292.95,299.75,2.3212,174713,2.3374
OGDC,2026-01-07T05:26:50.000000000Z,292.98,299.52,2.2322,79320,1.0612
OGDC,2026-01-07T05:27:47.000000000Z,293,299.4,2.1843,359726,4.8127
OGDC,2026-01-07T05:29:19.000000000Z,293,299,2.0478,171535,2.2949
OGDC,2026-01-07T05:30:18.000000000Z,293,299.6,2.2526,307073,4.1083
OGDC,2026-01-07T05:31:13.000000000Z,292.99,299.5,2.2219,130723,1.7489
OGDC,2026-01-07T05:32:12.000000000Z,292.7,299.44,2.3027,81061,1.0845
OGDC,2026-01-07T05:33:07.000000000Z,293.41,299,1.9052,237735,3.1806
OGDC,2026-01-07T05:34:20.000000000Z,293,299.11,2.0853,53054,0.7098
OGDC,2026-01-07T05:35:42.000000000Z,293,299.1,2.0819,146043,1.9539
OGDC,2026-01-07T05:37:04.000000000Z,292.99,299.5,2.2219,203704,2.7253
OGDC,2026-01-07T05:38:13.000000000Z,293,299.4,2.1843,61216,0.8190
OGDC,2026-01-07T05:39:22.000000000Z,292.89,299.25,2.1715,38566,0.5160
OGDC,2026-01-07T05:40:35.000000000Z,292.7,299.25,2.2378,72404,0.9687
OGDC,2026-01-07T05:41:48.000000000Z,292.8,299.05,2.1346,119101,1.5934
OGDC,2026-01-07T05:42:59.000000000Z,292.75,299.4,2.2716,58184,0.7784
OGDC,2026-01-07T05:44:15.000000000Z,292.75,299.8,2.4082,155477,2.0801
OGDC,2026-01-07T05:45:12.000000000Z,292.75,299.11,2.1725,133839,1.7906
OGDC,2026-01-07T05:46:13.000000000Z,292.49,299.39,2.3591,87878,1.1757
OGDC,2026-01-07T05:47:22.000000000Z,292.39,299.4,2.3975,34775,0.4652
OGDC,2026-01-07T05:48:28.000000000Z,292.69,299.4,2.2925,26564,0.3554
OGDC,2026-01-07T05:49:44.000000000Z,292.9,299.01,2.0860,271239,3.6288
OGDC,2026-01-07T05:51:07.000000000Z,292.75,299.5,2.3057,52392,0.7009
OGDC,2026-01-07T05:52:27.000000000Z,292.5,299.7,2.4615,29270,0.3916
OGDC,2026-01-07T05:53:38.000000000Z,292.49,300,2.5676,223785,2.9940
OGDC,2026-01-07T05:54:47.000000000Z,292.99,299.35,2.1707,464655,6.2165
OGDC,2026-01-07T05:55:41.000000000Z,293.8,299.36,1.8924,193807,2.5929
OGDC,2026-01-07T05:56:32.000000000Z,293,299.6,2.2526,161149,2.1560
OGDC,2026-01-07T05:57:31.000000000Z,293,299.97,2.3788,50863,0.6805
OGDC,2026-01-07T05:58:49.000000000Z,293,299.98,2.3823,97602,1.3058
OGDC,2026-01-07T06:00:19.000000000Z,293,299.79,2.3174,56765,0.7594
OGDC,2026-01-07T06:01:46.000000000Z,292.95,299.22,2.1403,6657,0.0891
OGDC,2026-01-07T06:03:41.000000000Z,292.9,299.6,2.2875,51576,0.6900
OGDC,2026-01-07T06:05:40.000000000Z,292.94,299.8,2.3418,32430,0.4339
OGDC,2026-01-07T06:06:59.000000000Z,292.97,299.79,2.3279,38154,0.5105
OGDC,2026-01-07T06:08:28.000000000Z,292.95,299.6,2.2700,138481,1.8527
OGDC,2026-01-07T06:10:21.000000000Z,292.98,299.62,2.2664,24231,0.3242
OGDC,2026-01-07T06:12:31.000000000Z,292.7,299.75,2.4086,19249,0.2575
OGDC,2026-01-07T06:14:03.000000000Z,293,299.8,2.3208,90721,1.2137
OGDC,2026-01-07T06:15:44.000000000Z,293,299.8,2.3208,187864,2.5134
OGDC,2026-01-07T06:16:54.000000000Z,293.5,299.99,2.2112,232917,3.1161
OGDC,2026-01-07T06:18:09.000000000Z,294.25,299.75,1.8692,422766,5.6561
OGDC,2026-01-07T06:19:00.000000000Z,294.79,299.5,1.5977,484225,6.4783
OGDC,2026-01-07T06:19:50.000000000Z,293.2,299.35,2.0975,247837,3.3157
OGDC,2026-01-07T06:20:42.000000000Z,292.96,299,2.0617,306530,4.1010
OGDC,2026-01-07T06:21:33.000000000Z,292.85,299,2.1001,70312,0.9407
OGDC,2026-01-07T06:22:39.000000000Z,292.85,299.02,2.1069,98794,1.3217
OGDC,2026-01-07T06:24:04.000000000Z,292.9,298.15,1.7924,136118,1.8211
OGDC,2026-01-07T06:25:16.000000000Z,293.33,298.21,1.6637,64637,0.8648
OGDC,2026-01-07T06:26:36.000000000Z,293,298.6,1.9113,55020,0.7361
OGDC,2026-01-07T06:28:12.000000000Z,293,298.48,1.8703,205092,2.7439
OGDC,2026-01-07T06:29:38.000000000Z,293.21,298.98,1.9679,27303,0.3653
OGDC,2026-01-07T06:30:55.000000000Z,293.23,298.5,1.7972,15777,0.2111
OGDC,2026-01-07T06:32:00.000000000Z,293.39,298.3,1.6735,122222,1.6352
OGDC,2026-01-07T06:33:19.000000000Z,293,298.26,1.7952,128367,1.7174
OGDC,2026-01-07T06:35:03.000000000Z,293,298,1.7065,190738,2.5518
OGDC,2026-01-07T06:37:01.000000000Z,293,298.45,1.8601,70448,0.9425
OGDC,2026-01-07T06:39:11.000000000Z,292.95,298.4,1.8604,66037,0.8835
OGDC,2026-01-07T06:40:59.000000000Z,293,298.35,1.8259,14159,0.1894
OGDC,2026-01-07T06:42:57.000000000Z,293,298.1,1.7406,61774,0.8265
OGDC,2026-01-07T06:45:22.000000000Z,293.15,298.01,1.6579,49646,0.6642
OGDC,2026-01-07T06:47:20.000000000Z,293.22,298.26,1.7188,26974,0.3609
OGDC,2026-01-07T06:50:27.000000000Z,293,298.33,1.8191,8166,0.1093
OGDC,2026-01-07T06:52:30.000000000Z,293,298,1.7065,82468,1.1033
OGDC,2026-01-07T06:54:03.000000000Z,292.8,298,1.7760,55080,0.7369
OGDC,2026-01-07T06:56:08.000000000Z,292.88,298,1.7482,41118,0.5501
OGDC,2026-01-07T06:57:43.000000000Z,292.81,298,1.7725,37644,0.5036
OGDC,2026-01-07T06:59:31.000000000Z,292.9,298.28,1.8368,6942,0.0929
OGDC,2026-01-07T07:01:47.000000000Z,292.89,299.7,2.3251,41119,0.5501
OGDC,2026-01-07T07:04:20.000000000Z,292.88,298.88,2.0486,21232,0.2841
OGDC,2026-01-07T07:06:19.000000000Z,292.88,298.5,1.9189,30366,0.4063
OGDC,2026-01-07T07:08:30.000000000Z,292.85,298.45,1.9122,184611,2.4699
OGDC,2026-01-07T07:10:10.000000000Z,292.78,298.21,1.8546,139027,1.8600
OGDC,2026-01-07T07:11:25.000000000Z,293.05,298.79,1.9587,86927,1.1630
OGDC,2026-01-07T07:13:20.000000000Z,293,298.79,1.9761,3541,0.0474
OGDC,2026-01-07T07:15:05.000000000Z,292.88,299.4,2.2262,45068,0.6030
OGDC,2026-01-07T07:17:25.000000000Z,292.7,300.65,2.7161,266966,3.5717
OGDC,2026-01-07T07:19:24.000000000Z,292.7,300.15,2.5453,45135,0.6038
OGDC,2026-01-07T07:21:53.000000000Z,292.7,300.75,2.7503,69098,0.9244
OGDC,2026-01-07T07:23:32.000000000Z,292.7,301.59,3.0372,258475,3.4581
OGDC,2026-01-07T07:25:21.000000000Z,292.6,302.79,3.4826,978222,13.0874
OGDC,2026-01-07T07:27:34.000000000Z,293,302.99,3.4096,878434,11.7523
OGDC,2026-01-07T07:29:06.000000000Z,292.56,302.46,3.3839,89277,1.1944
OGDC,2026-01-07T07:31:44.000000000Z,292.8,302,3.1421,46560,0.6229
OGDC,2026-01-07T07:34:06.000000000Z,292.89,301.07,2.7929,223604,2.9915
OGDC,2026-01-07T07:36:01.000000000Z,292.98,301.22,2.8125,68065,0.9106
OGDC,2026-01-07T07:39:06.000000000Z,293,301.44,2.8805,255995,3.4249
OGDC,2026-01-07T07:41:11.000000000Z,292.55,302,3.2302,317846,4.2524
OGDC,2026-01-07T07:43:14.000000000Z,291.89,302.5,3.6349,220772,2.9537
OGDC,2026-01-07T07:44:16.000000000Z,291.99,302.8,3.7022,375047,5.0177
OGDC,2026-01-07T07:45:43.000000000Z,291.69,303.4,4.0145,416450,5.5716
OGDC,2026-01-07T07:46:55.000000000Z,292,303.64,3.9863,187700,2.5112
OGDC,2026-01-07T07:48:09.000000000Z,292.69,303.49,3.6899,678248,9.0741
OGDC,2026-01-07T07:49:35.000000000Z,292,303.49,3.9349,161424,2.1597
OGDC,2026-01-07T07:50:48.000000000Z,292,303.68,4.0000,201555,2.6966
OGDC,2026-01-07T07:52:05.000000000Z,292,303.8,4.0411,34588,0.4627
OGDC,2026-01-07T07:53:23.000000000Z,291.7,303.49,4.0418,21395,0.2862
OGDC,2026-01-07T07:54:42.000000000Z,291.6,303.4,4.0466,71055,0.9506
OGDC,2026-01-07T07:55:53.000000000Z,291.8,303.3,3.9411,86413,1.1561
OGDC,2026-01-07T07:57:17.000000000Z,291.8,303.25,3.9239,156706,2.0965
OGDC,2026-01-07T07:58:30.000000000Z,291.88,302.9,3.7755,137906,1.8450
OGDC,2026-01-07T07:59:51.000000000Z,292,303,3.7671,85375,1.1422
OGDC,2026-01-07T08:01:27.000000000Z,292,303.4,3.9041,19889,0.2661
OGDC,2026-01-07T08:03:06.000000000Z,291.89,302.65,3.6863,150712,2.0163
OGDC,2026-01-07T08:05:05.000000000Z,291.61,302.75,3.8202,237095,3.1720
OGDC,2026-01-07T08:05:58.000000000Z,292.69,302.81,3.4576,109434,1.4641
OGDC,2026-01-07T08:06:53.000000000Z,292.18,302.4,3.4978,30755,0.4115
OGDC,2026-01-07T08:08:09.000000000Z,292.3,302.5,3.4896,17921,0.2398
OGDC,2026-01-07T08:09:37.000000000Z,292.4,302.5,3.4542,125380,1.6774
OGDC,2026-01-07T08:11:03.000000000Z,291.99,302,3.4282,104298,1.3954
OGDC,2026-01-07T08:12:57.000000000Z,291.95,302,3.4424,115164,1.5407
OGDC,2026-01-07T08:14:26.000000000Z,291.78,302.03,3.5129,37800,0.5057
OGDC,2026-01-07T08:16:01.000000000Z,291.99,302.11,3.4659,96167,1.2866
OGDC,2026-01-07T08:17:22.000000000Z,292.25,302.7,3.5757,205297,2.7466
OGDC,2026-01-07T08:18:43.000000000Z,292.44,302.27,3.3614,59708,0.7988
OGDC,2026-01-07T08:20:07.000000000Z,292.32,303.1,3.6877,113972,1.5248
OGDC,2026-01-07T08:21:37.000000000Z,292.6,303.45,3.7081,165850,2.2189
OGDC,2026-01-07T08:22:41.000000000Z,292.88,303.86,3.7490,104654,1.4001
OGDC,2026-01-07T08:23:40.000000000Z,292.7,304.65,4.0827,385451,5.1568
OGDC,2026-01-07T08:25:07.000000000Z,292.62,304.06,3.9095,65792,0.8802
OGDC,2026-01-07T08:26:39.000000000Z,292.94,303.99,3.7721,138642,1.8549
OGDC,2026-01-07T08:28:11.000000000Z,292.51,303.6,3.7913,56208,0.7520
OGDC,2026-01-07T08:29:16.000000000Z,292.65,302.6,3.4000,77520,1.0371
OGDC,2026-01-07T08:30:51.000000000Z,292.61,303,3.5508,82143,1.0990
OGDC,2026-01-07T08:33:13.000000000Z,292.8,303.44,3.6339,195615,2.6171
OGDC,2026-01-07T08:34:54.000000000Z,292.4,302.95,3.6081,198703,2.6584
OGDC,2026-01-07T08:37:00.000000000Z,292.5,302.7,3.4872,76043,1.0174
OGDC,2026-01-07T08:38:45.000000000Z,292.4,303.3,3.7278,138378,1.8513
OGDC,2026-01-07T08:40:34.000000000Z,292.7,303.98,3.8538,101492,1.3578
OGDC,2026-01-07T08:42:14.000000000Z,292.7,304,3.8606,138594,1.8542
OGDC,2026-01-07T08:43:39.000000000Z,292.52,303.63,3.7980,44064,0.5895
OGDC,2026-01-07T08:45:48.000000000Z,292.65,303.8,3.8100,215790,2.8870
OGDC,2026-01-07T08:47:21.000000000Z,292.8,303.5,3.6544,37153,0.4971
OGDC,2026-01-07T08:48:48.000000000Z,292.63,303.65,3.7658,30712,0.4109
OGDC,2026-01-07T08:50:57.000000000Z,292.79,303.5,3.6579,35279,0.4720
OGDC,2026-01-07T08:53:15.000000000Z,292.65,303.1,3.5708,228219,3.0533
OGDC,2026-01-07T08:54:39.000000000Z,292.17,302.41,3.5048,26689,0.3571
OGDC,2026-01-07T08:56:42.000000000Z,292.35,302.16,3.3556,21977,0.2940
OGDC,2026-01-07T08:58:40.000000000Z,292.16,302.15,3.4194,27601,0.3693
OGDC,2026-01-07T09:01:14.000000000Z,292.59,302.55,3.4041,65797,0.8803
OGDC,2026-01-07T09:03:11.000000000Z,292.38,302.89,3.5946,34994,0.4682
OGDC,2026-01-07T09:05:30.000000000Z,292.34,302.5,3.4754,76354,1.0215
OGDC,2026-01-07T09:07:11.000000000Z,292.45,303,3.6075,123206,1.6483
OGDC,2026-01-07T09:08:19.000000000Z,292.7,303,3.5190,264398,3.5373
OGDC,2026-01-07T09:10:13.000000000Z,292.79,302.9,3.4530,116761,1.5621
ATRL,2026-01-05T04:32:00.000000000Z,685,748.1,9.2117,40488,1.5106
ATRL,2026-01-05T04:33:10.000000000Z,693.99,748.99,7.9252,20227,0.7547
ATRL,2026-01-05T04:34:48.000000000Z,690.01,748.25,8.4405,35057,1.3080
ATRL,2026-01-05T04:36:47.000000000Z,691.99,745.99,7.8036,47121,1.7581
ATRL,2026-01-05T04:38:20.000000000Z,691.5,746,7.8814,35081,1.3089
ATRL,2026-01-05T04:40:06.000000000Z,690.99,746,7.9610,49129,1.8330
ATRL,2026-01-05T04:42:04.000000000Z,690.5,747,8.1825,22449,0.8376
ATRL,2026-01-05T04:57:57.000000000Z,692.48,748,8.0176,25839,0.9641
ATRL,2026-01-05T05:00:35.000000000Z,693.75,746.11,7.5474,27458,1.0245
ATRL,2026-01-05T05:29:49.000000000Z,695.75,747,7.3662,34089,1.2719
ATRL,2026-01-05T05:33:20.000000000Z,697.85,747.1,7.0574,12978,0.4842
ATRL,2026-01-05T05:35:08.000000000Z,698,746.2,6.9054,25960,0.9686
ATRL,2026-01-05T05:36:38.000000000Z,695.01,746.49,7.4071,15304,0.5710
ATRL,2026-01-05T05:39:56.000000000Z,697.49,746.84,7.0754,46542,1.7365
ATRL,2026-01-05T05:44:03.000000000Z,698.01,747,7.0185,41869,1.5622
ATRL,2026-01-05T05:45:58.000000000Z,698.25,748.4,7.1822,13680,0.5104
ATRL,2026-01-05T05:48:43.000000000Z,699,748,7.0100,6779,0.2529
ATRL,2026-01-05T05:52:31.000000000Z,698.5,748.47,7.1539,5337,0.1991
ATRL,2026-01-05T05:56:16.000000000Z,697.2,748.88,7.4125,13118,0.4894
ATRL,2026-01-05T05:58:44.000000000Z,697.41,749,7.3974,18877,0.7043
ATRL,2026-01-05T06:03:40.000000000Z,697.3,748.03,7.2752,21252,0.7929
ATRL,2026-01-05T06:09:39.000000000Z,697.01,747,7.1721,13256,0.4946
ATRL,2026-01-05T06:17:22.000000000Z,697.01,745.5,6.9569,4616,0.1722
ATRL,2026-01-05T06:23:16.000000000Z,697.01,745.5,6.9569,2959,0.1104
ATRL,2026-01-05T06:32:39.000000000Z,697.5,745.5,6.8817,21539,0.8036
ATRL,2026-01-05T06:37:05.000000000Z,697.47,746,6.9580,12500,0.4664
ATRL,2026-01-05T06:47:51.000000000Z,698.4,746.9,6.9444,16075,0.5998
ATRL,2026-01-05T06:55:21.000000000Z,698.45,747.8,7.0656,12503,0.4665
ATRL,2026-01-05T07:03:46.000000000Z,697,748.5,7.3888,15079,0.5626
ATRL,2026-01-05T07:12:12.000000000Z,697.24,750.03,7.5713,31551,1.1772
ATRL,2026-01-05T07:15:19.000000000Z,699,748.99,7.1516,5987,0.2234
ATRL,2026-01-05T07:20:41.000000000Z,698.9,748.06,7.0339,8245,0.3076
ATRL,2026-01-05T07:24:20.000000000Z,698.8,748.07,7.0507,7984,0.2979
ATRL,2026-01-05T07:32:56.000000000Z,698.79,746.35,6.8061,10629,0.3966
ATRL,2026-01-05T07:41:27.000000000Z,699,746.35,6.7740,1793,0.0669
ATRL,2026-01-05T07:54:56.000000000Z,698.97,747.99,7.0132,28152,1.0504
ATRL,2026-01-05T07:57:00.000000000Z,700.5,746.51,6.5682,8869,0.3309
ATRL,2026-01-05T08:00:57.000000000Z,700.84,746.99,6.5850,34083,1.2717
ATRL,2026-01-05T08:04:06.000000000Z,702,746,6.2678,18369,0.6854
ATRL,2026-01-05T08:05:31.000000000Z,704,746,5.9659,8296,0.3095
ATRL,2026-01-05T08:07:10.000000000Z,703.8,747.45,6.2020,4457,0.1663
ATRL,2026-01-05T08:09:19.000000000Z,703.1,747.01,6.2452,4983,0.1859
ATRL,2026-01-05T08:11:11.000000000Z,704.45,747.5,6.1112,2176,0.0812
ATRL,2026-01-05T08:13:02.000000000Z,703.95,747.94,6.2490,5152,0.1922
ATRL,2026-01-05T08:15:12.000000000Z,703.51,746.21,6.0696,10983,0.4098
ATRL,2026-01-05T08:17:54.000000000Z,703.55,745.05,5.8987,11404,0.4255
ATRL,2026-01-05T08:21:58.000000000Z,702.55,744.5,5.9711,10237,0.3819
ATRL,2026-01-05T08:25:08.000000000Z,700.02,744.97,6.4212,9304,0.3471
ATRL,2026-01-05T08:27:43.000000000Z,699.03,747,6.8624,12043,0.4493
ATRL,2026-01-05T08:33:43.000000000Z,700,743.98,6.2829,23648,0.8823
ATRL,2026-01-05T08:36:48.000000000Z,699.9,743.48,6.2266,9868,0.3682
ATRL,2026-01-05T08:43:51.000000000Z,699.5,744,6.3617,33757,1.2595
ATRL,2026-01-05T08:50:01.000000000Z,699.99,746.59,6.6572,12274,0.4580
ATRL,2026-01-05T08:59:57.000000000Z,700,747.74,6.8200,20731,0.7735
ATRL,2026-01-05T09:05:03.000000000Z,700.1,746.79,6.6690,7087,0.2644
ATRL,2026-01-05T09:11:40.000000000Z,701,746.89,6.5464,9181,0.3425
ATRL,2026-01-05T09:19:55.000000000Z,701.5,746.99,6.4847,16281,0.6075
ATRL,2026-01-05T09:27:43.000000000Z,700.03,744.14,6.3012,37991,1.4175
ATRL,2026-01-05T09:33:20.000000000Z,702,746.49,6.3376,11677,0.4357
ATRL,2026-01-05T09:37:49.000000000Z,701.99,746.48,6.3377,18783,0.7008
ATRL,2026-01-05T09:42:16.000000000Z,704.25,746,5.9283,12281,0.4582
ATRL,2026-01-05T09:44:41.000000000Z,703,746.11,6.1323,23948,0.8935
ATRL,2026-01-05T09:48:16.000000000Z,701.8,746.76,6.4064,6399,0.2388
ATRL,2026-01-05T09:51:02.000000000Z,700,746,6.5714,23609,0.8809
ATRL,2026-01-05T09:54:04.000000000Z,696,744.05,6.9037,13851,0.5168
ATRL,2026-01-05T09:56:26.000000000Z,695.05,742.89,6.8830,30646,1.1434
ATRL,2026-01-05T09:58:17.000000000Z,693.6,741.02,6.8368,18106,0.6755
ATRL,2026-01-05T10:01:15.000000000Z,694.99,740.5,6.5483,16133,0.6019
ATRL,2026-01-05T10:04:23.000000000Z,693.6,740.99,6.8325,14879,0.5551
ATRL,2026-01-05T10:08:05.000000000Z,691.25,739,6.9078,23094,0.8617
ATRL,2026-01-05T10:09:47.000000000Z,692.85,738.5,6.5887,12476,0.4655
ATRL,2026-01-05T10:12:10.000000000Z,693.9,741.49,6.8583,31321,1.1686
ATRL,2026-01-05T10:15:22.000000000Z,692.5,744,7.4368,39287,1.4658
ATRL,2026-01-05T10:17:47.000000000Z,692,742.99,7.3685,30697,1.1453
ATRL,2026-01-05T10:19:59.000000000Z,691,740.05,7.0984,13579,0.5066
ATRL,2026-01-05T10:22:42.000000000Z,693,739.89,6.7662,18856,0.7035
ATRL,2026-01-05T10:25:27.000000000Z,694,737.59,6.2810,24700,0.9216
ATRL,2026-01-05T10:28:42.000000000Z,693.06,737.1,6.3544,11130,0.4153
ATRL,2026-01-06T04:32:47.000000000Z,694.4,736.19,6.0181,9104,0.3397
ATRL,2026-01-06T04:35:06.000000000Z,696.75,734.99,5.4883,15220,0.5679
ATRL,2026-01-06T04:37:51.000000000Z,696.73,735.35,5.5430,12989,0.4846
ATRL,2026-01-06T04:40:57.000000000Z,696.75,735.99,5.6319,17758,0.6626
ATRL,2026-01-06T04:43:36.000000000Z,696,735,5.6034,19113,0.7131
ATRL,2026-01-06T04:46:53.000000000Z,696.11,735,5.5868,10944,0.4083
ATRL,2026-01-06T04:49:20.000000000Z,696.1,735,5.5883,27931,1.0421
ATRL,2026-01-06T04:52:59.000000000Z,696,735,5.6034,31558,1.1774
ATRL,2026-01-06T04:55:06.000000000Z,695.51,737.95,6.1020,18722,0.6985
ATRL,2026-01-06T04:57:29.000000000Z,695.02,738.54,6.2617,22331,0.8332
ATRL,2026-01-06T04:59:56.000000000Z,694,740.52,6.7032,24956,0.9311
ATRL,2026-01-06T05:02:38.000000000Z,692,739.9,6.9220,31673,1.1817
ATRL,2026-01-06T05:06:09.000000000Z,690.98,737,6.6601,19611,0.7317
ATRL,2026-01-06T05:09:51.000000000Z,690.21,734.13,6.3633,9134,0.3408
ATRL,2026-01-06T05:12:30.000000000Z,691.88,736.02,6.3797,16456,0.6140
ATRL,2026-01-06T05:15:15.000000000Z,692.44,734.11,6.0178,15386,0.5741
ATRL,2026-01-06T05:16:38.000000000Z,693,733.5,5.8442,11390,0.4250
ATRL,2026-01-06T05:19:28.000000000Z,692,731.07,5.6460,15756,0.5879
ATRL,2026-01-06T05:21:39.000000000Z,689.8,734,6.4077,12295,0.4587
ATRL,2026-01-06T05:23:37.000000000Z,690,733,6.2319,14037,0.5237
ATRL,2026-01-06T05:25:41.000000000Z,685.54,734,7.0689,5001,0.1866
ATRL,2026-01-06T05:27:31.000000000Z,688.12,735.9,6.9436,10755,0.4013
ATRL,2026-01-06T05:31:13.000000000Z,689.38,736.5,6.8351,6618,0.2469
ATRL,2026-01-06T05:33:48.000000000Z,689,735.96,6.8157,21698,0.8096
ATRL,2026-01-06T05:37:42.000000000Z,690,735,6.5217,10888,0.4062
ATRL,2026-01-06T05:41:53.000000000Z,690,733,6.2319,14106,0.5263
ATRL,2026-01-06T05:46:12.000000000Z,690.5,731.5,5.9377,29440,1.0984
ATRL,2026-01-06T05:54:27.000000000Z,690.25,731,5.9037,33600,1.2536
ATRL,2026-01-06T06:01:38.000000000Z,690.89,729,5.5161,20997,0.7834
ATRL,2026-01-06T06:04:58.000000000Z,691,728.7,5.4559,46703,1.7425
ATRL,2026-01-06T06:12:16.000000000Z,692.55,730,5.4076,16799,0.6268
ATRL,2026-01-06T06:17:26.000000000Z,693.99,730.5,5.2609,31238,1.1655
ATRL,2026-01-06T06:18:41.000000000Z,696,731.15,5.0503,7578,0.2827
ATRL,2026-01-06T06:20:41.000000000Z,694.11,731.74,5.4213,3461,0.1291
ATRL,2026-01-06T06:24:39.000000000Z,693.8,731,5.3618,17401,0.6492
ATRL,2026-01-06T06:28:43.000000000Z,696,730.99,5.0273,7599,0.2835
ATRL,2026-01-06T06:32:05.000000000Z,696.11,729.95,4.8613,19803,0.7389
ATRL,2026-01-06T06:34:23.000000000Z,698.9,728,4.1637,20634,0.7699
ATRL,2026-01-06T06:35:28.000000000Z,698.03,728.4,4.3508,13447,0.5017
ATRL,2026-01-06T06:36:50.000000000Z,699.5,727.54,4.0086,48201,1.7984
ATRL,2026-01-06T06:38:12.000000000Z,699.95,729.5,4.2217,15258,0.5693
ATRL,2026-01-06T06:39:18.000000000Z,699.49,731,4.5047,34104,1.2724
ATRL,2026-01-06T06:40:37.000000000Z,698.59,731.94,4.7739,14055,0.5244
ATRL,2026-01-06T06:41:54.000000000Z,699.5,733,4.7891,12237,0.4566
ATRL,2026-01-06T06:44:01.000000000Z,698,732.05,4.8782,36214,1.3512
ATRL,2026-01-06T06:45:27.000000000Z,699,732.89,4.8484,9325,0.3479
ATRL,2026-01-06T06:47:38.000000000Z,697.14,732,5.0004,8979,0.3350
ATRL,2026-01-06T06:50:00.000000000Z,696,733.49,5.3865,11623,0.4337
ATRL,2026-01-06T06:52:00.000000000Z,698.89,732,4.7375,10290,0.3839
ATRL,2026-01-06T06:54:37.000000000Z,696.62,735.99,5.6516,29445,1.0986
ATRL,2026-01-06T06:59:03.000000000Z,697,736,5.5954,12430,0.4638
ATRL,2026-01-06T07:03:57.000000000Z,697.88,737.6,5.6915,47836,1.7848
ATRL,2026-01-06T07:08:43.000000000Z,702,738,5.1282,34322,1.2806
ATRL,2026-01-06T07:09:50.000000000Z,704.85,737,4.5613,134573,5.0210
ATRL,2026-01-06T07:10:51.000000000Z,706,736.25,4.2847,19648,0.7331
ATRL,2026-01-06T07:11:53.000000000Z,706.25,736.94,4.3455,106409,3.9702
ATRL,2026-01-06T07:12:47.000000000Z,710.5,737,3.7298,115780,4.3198
ATRL,2026-01-06T07:13:39.000000000Z,711,733.99,3.2335,59520,2.2207
ATRL,2026-01-06T07:14:29.000000000Z,713,733,2.8050,52975,1.9765
ATRL,2026-01-06T07:15:22.000000000Z,712.9,734,2.9597,20613,0.7691
ATRL,2026-01-06T07:16:19.000000000Z,711.06,734,3.2262,39833,1.4862
ATRL,2026-01-06T07:17:16.000000000Z,710.1,734.89,3.4911,20802,0.7761
ATRL,2026-01-06T07:18:19.000000000Z,711.8,731.99,2.8365,31892,1.1899
ATRL,2026-01-06T07:19:30.000000000Z,712.44,732,2.7455,56683,2.1149
ATRL,2026-01-06T07:20:31.000000000Z,714,731.99,2.5196,85171,3.1778
ATRL,2026-01-06T07:21:27.000000000Z,715.2,734.78,2.7377,104113,3.8845
ATRL,2026-01-06T07:22:19.000000000Z,717.8,733.88,2.2402,92573,3.4540
ATRL,2026-01-06T07:23:11.000000000Z,719.4,733.8,2.0017,104239,3.8892
ATRL,2026-01-06T07:24:02.000000000Z,721.36,734.26,1.7883,60755,2.2668
ATRL,2026-01-06T07:24:53.000000000Z,722,734.89,1.7853,52752,1.9682
ATRL,2026-01-06T07:25:45.000000000Z,720.26,736.4,2.2409,65797,2.4549
ATRL,2026-01-06T07:26:37.000000000Z,719.05,735.98,2.3545,30198,1.1267
ATRL,2026-01-06T07:27:35.000000000Z,720,735.49,2.1514,11449,0.4272
ATRL,2026-01-06T07:28:35.000000000Z,719.01,735,2.2239,15937,0.5946
ATRL,2026-01-06T07:29:43.000000000Z,719,735.22,2.2559,7395,0.2759
ATRL,2026-01-06T07:31:03.000000000Z,719,733,1.9471,7896,0.2946
ATRL,2026-01-06T07:32:35.000000000Z,718.45,733.98,2.1616,7089,0.2645
ATRL,2026-01-06T07:33:54.000000000Z,719,733.51,2.0181,30785,1.1486
ATRL,2026-01-06T07:35:10.000000000Z,721.1,734.12,1.8056,26084,0.9732
ATRL,2026-01-06T07:36:32.000000000Z,721,733.99,1.8017,10832,0.4041
ATRL,2026-01-06T07:37:54.000000000Z,721.75,735,1.8358,36412,1.3586
ATRL,2026-01-06T07:39:23.000000000Z,721,734.9,1.9279,17944,0.6695
ATRL,2026-01-06T07:40:46.000000000Z,721.45,733,1.6009,55952,2.0876
ATRL,2026-01-06T07:42:33.000000000Z,722.45,733.04,1.4658,162325,6.0564
ATRL,2026-01-06T07:43:45.000000000Z,725.1,733,1.0895,68789,2.5666
ATRL,2026-01-06T07:44:37.000000000Z,727,737,1.3755,41770,1.5585
ATRL,2026-01-06T07:45:48.000000000Z,724.9,741,2.2210,37715,1.4072
ATRL,2026-01-06T07:46:56.000000000Z,725,737.75,1.7586,39661,1.4798
ATRL,2026-01-06T07:48:00.000000000Z,726.96,737.5,1.4499,48673,1.8160
ATRL,2026-01-06T07:52:46.000000000Z,731,740,1.2312,57954,2.1623
ATRL,2026-01-06T07:53:49.000000000Z,730.5,739.9,1.2868,28043,1.0463
ATRL,2026-01-06T07:54:59.000000000Z,729,738,1.2346,33706,1.2576
ATRL,2026-01-06T07:56:11.000000000Z,727.5,740,1.7182,24542,0.9157
ATRL,2026-01-06T07:57:30.000000000Z,726,737.13,1.5331,53148,1.9830
ATRL,2026-01-06T07:58:40.000000000Z,720.04,735.88,2.1999,13812,0.5153
ATRL,2026-01-06T07:59:49.000000000Z,722,736,1.9391,18690,0.6973
ATRL,2026-01-06T08:01:10.000000000Z,725,740.87,2.1890,20283,0.7568
ATRL,2026-01-06T08:02:20.000000000Z,724.99,739.65,2.0221,7808,0.2913
ATRL,2026-01-06T08:04:26.000000000Z,724,738,1.9337,29526,1.1016
ATRL,2026-01-06T08:06:18.000000000Z,724,738.2,1.9613,22391,0.8354
ATRL,2026-01-06T08:07:50.000000000Z,724,738.5,2.0028,12794,0.4774
ATRL,2026-01-06T08:09:34.000000000Z,725,738.16,1.8152,7439,0.2776
ATRL,2026-01-06T08:11:41.000000000Z,725.4,738.51,1.8073,36525,1.3628
ATRL,2026-01-06T08:13:36.000000000Z,725,735.25,1.4138,15665,0.5845
ATRL,2026-01-06T08:16:23.000000000Z,724,739.47,2.1367,9448,0.3525
ATRL,2026-01-06T08:19:24.000000000Z,725,735.89,1.5021,10517,0.3924
ATRL,2026-01-06T08:21:36.000000000Z,725,735.55,1.4552,9181,0.3425
ATRL,2026-01-06T08:24:28.000000000Z,725.01,735,1.3779,13784,0.5143
ATRL,2026-01-06T08:27:53.000000000Z,725,736.99,1.6538,73015,2.7242
ATRL,2026-01-08T09:58:18.000000000Z,772,782.05,1.3018,241943,9.0270
OBOY,2026-01-05T04:32:01.000000000Z,10.48,12.97,23.7595,180220,1.3260
OBOY,2026-01-05T04:55:25.000000000Z,10.4,13.17,26.6346,484517,3.5648
OBOY,2026-01-05T05:18:54.000000000Z,10.57,13.15,24.4087,221438,1.6292
OBOY,2026-01-05T05:34:28.000000000Z,10.55,13.19,25.0237,207096,1.5237
OBOY,2026-01-05T05:51:22.000000000Z,10.66,13.19,23.7336,168259,1.2380
OBOY,2026-01-05T05:59:02.000000000Z,10.67,13.15,23.2427,81021,0.5961
OBOY,2026-01-05T06:10:01.000000000Z,10.6,13.4,26.4151,339996,2.5015
OBOY,2026-01-05T06:31:44.000000000Z,10.51,13.4,27.4976,245040,1.8029
OBOY,2026-01-05T06:54:18.000000000Z,10.54,13.2,25.2372,294106,2.1639
OBOY,2026-01-05T07:15:08.000000000Z,10.5,13.3,26.6667,157721,1.1604
OBOY,2026-01-05T07:30:48.000000000Z,10.6,13.5,27.3585,298239,2.1943
OBOY,2026-01-05T07:46:41.000000000Z,10.65,13.69,28.5446,162044,1.1922
OBOY,2026-01-05T08:10:19.000000000Z,10.55,13.82,30.9953,265452,1.9531
OBOY,2026-01-05T08:45:44.000000000Z,10.67,13.7,28.3974,300875,2.2137
OBOY,2026-01-05T09:04:55.000000000Z,10.79,13.55,25.5792,187426,1.3790
OBOY,2026-01-05T09:30:08.000000000Z,10.56,13.84,31.0606,284196,2.0910
OBOY,2026-01-05T09:56:09.000000000Z,10.46,13.79,31.8356,101743,0.7486
OBOY,2026-01-05T10:21:42.000000000Z,10.5,13.68,30.2857,162952,1.1989
OBOY,2026-01-06T04:36:53.000000000Z,10.75,13.65,26.9767,168835,1.2422
OBOY,2026-01-06T04:44:13.000000000Z,10.68,13.5,26.4045,276030,2.0309
OBOY,2026-01-06T04:48:34.000000000Z,10.26,13.4,30.6043,126484,0.9306
OBOY,2026-01-06T04:53:51.000000000Z,10.39,13.19,26.9490,312187,2.2969
OBOY,2026-01-06T04:57:25.000000000Z,10.25,13.1,27.8049,220155,1.6198
OBOY,2026-01-06T05:00:10.000000000Z,10.1,13.08,29.5050,170179,1.2521
OBOY,2026-01-06T05:03:07.000000000Z,10.31,13.38,29.7769,153419,1.1288
OBOY,2026-01-06T05:09:24.000000000Z,10.15,13.3,31.0345,143983,1.0594
OBOY,2026-01-06T05:14:34.000000000Z,10.3,13.41,30.1942,217159,1.5977
OBOY,2026-01-06T05:20:38.000000000Z,10.16,13.48,32.6772,90011,0.6623
OBOY,2026-01-06T05:28:41.000000000Z,10.15,13.55,33.4975,261540,1.9243
OBOY,2026-01-06T05:34:30.000000000Z,10.25,13.5,31.7073,124629,0.9170
OBOY,2026-01-06T05:39:53.000000000Z,10.27,13.33,29.7955,91327,0.6719
OBOY,2026-01-06T05:49:40.000000000Z,10.21,13.38,31.0480,55444,0.4079
OBOY,2026-01-06T05:57:17.000000000Z,10.25,13.29,29.6585,116404,0.8564
OBOY,2026-01-06T06:11:24.000000000Z,10.26,13.17,28.3626,78442,0.5771
OBOY,2026-01-06T06:19:01.000000000Z,10.35,13.25,28.0193,33517,0.2466
OBOY,2026-01-06T06:34:18.000000000Z,10.32,13.25,28.3915,66653,0.4904
OBOY,2026-01-06T06:54:20.000000000Z,10.32,13.24,28.2946,178929,1.3165
OBOY,2026-01-06T07:16:59.000000000Z,10.33,13.3,28.7512,228840,1.6837
OBOY,2026-01-06T07:30:54.000000000Z,10.21,13.5,32.2233,281353,2.0700
OBOY,2026-01-06T07:32:49.000000000Z,10.4,13.55,30.2885,62420,0.4593
OBOY,2026-01-06T07:35:30.000000000Z,10.5,13.45,28.0952,114610,0.8432
OBOY,2026-01-06T07:37:30.000000000Z,10.64,13.4,25.9398,208528,1.5342
OBOY,2026-01-06T07:39:03.000000000Z,10.67,13.31,24.7423,136725,1.0060
OBOY,2026-01-06T07:41:05.000000000Z,10.8,13.36,23.7037,78847,0.5801
OBOY,2026-01-06T07:44:45.000000000Z,10.8,13.31,23.2407,108190,0.7960
OBOY,2026-01-06T07:49:48.000000000Z,10.84,13.32,22.8782,76970,0.5663
OBOY,2026-01-06T07:53:00.000000000Z,10.75,13.3,23.7209,67583,0.4972
OBOY,2026-01-06T07:56:41.000000000Z,10.69,13.27,24.1347,58416,0.4298
OBOY,2026-01-06T08:03:17.000000000Z,10.63,13.25,24.6472,125765,0.9253
OBOY,2026-01-06T08:10:19.000000000Z,10.64,13.25,24.5301,56156,0.4132
OBOY,2026-01-06T08:21:55.000000000Z,10.72,13.24,23.5075,38132,0.2806
OBOY,2026-01-06T08:33:40.000000000Z,10.66,13.17,23.5460,121871,0.8967
OBOY,2026-01-06T08:53:56.000000000Z,10.65,13.16,23.5681,126598,0.9314
OBOY,2026-01-06T09:09:45.000000000Z,10.4,13.2,26.9231,104886,0.7717
OBOY,2026-01-06T09:18:07.000000000Z,10.35,13.24,27.9227,104548,0.7692
OBOY,2026-01-06T09:25:09.000000000Z,10.6,13.19,24.4340,154301,1.1353
OBOY,2026-01-06T09:34:28.000000000Z,10.5,13.15,25.2381,37678,0.2772
OBOY,2026-01-06T09:45:31.000000000Z,10.5,13.11,24.8571,95647,0.7037
OBOY,2026-01-06T10:09:28.000000000Z,10.49,13.1,24.8808,92333,0.6793
OBOY,2026-01-06T10:18:52.000000000Z,10.4,13.05,25.4808,92668,0.6818
OBOY,2026-01-06T10:36:27.000000000Z,10.39,13.11,26.1790,181634,1.3364
OBOY,2026-01-07T04:33:45.000000000Z,10.37,13.06,25.9402,159501,1.1735
OBOY,2026-01-07T04:36:42.000000000Z,10.29,12.85,24.8785,257091,1.8915
OBOY,2026-01-07T04:41:47.000000000Z,10.21,12.8,25.3673,138845,1.0215
OBOY,2026-01-07T04:51:46.000000000Z,10.3,12.85,24.7573,113080,0.8320
OBOY,2026-01-07T04:57:02.000000000Z,10.25,12.7,23.9024,120571,0.8871
OBOY,2026-01-07T05:02:20.000000000Z,10.15,12.51,23.2512,106015,0.7800
OBOY,2026-01-07T05:14:11.000000000Z,10.24,12.25,19.6289,138611,1.0198
OBOY,2026-01-07T05:30:20.000000000Z,10.25,12.3,20.0000,252494,1.8577
OBOY,2026-01-07T05:47:27.000000000Z,10.2,12.4,21.5686,138563,1.0195
OBOY,2026-01-07T05:59:08.000000000Z,10.3,12.4,20.3883,69115,0.5085
OBOY,2026-01-07T06:25:28.000000000Z,10.31,12.4,20.2716,43495,0.3200
OBOY,2026-01-07T06:42:44.000000000Z,10.28,12.31,19.7471,164230,1.2083
OBOY,2026-01-07T06:58:34.000000000Z,10.3,12.29,19.3204,41560,0.3058
OBOY,2026-01-07T07:15:24.000000000Z,10.29,12.2,18.5617,126443,0.9303
OBOY,2026-01-07T07:22:29.000000000Z,10.45,12.3,17.7033,124880,0.9188
OBOY,2026-01-07T07:44:11.000000000Z,10.26,12.43,21.1501,18951,0.1394
OBOY,2026-01-07T08:00:47.000000000Z,10.24,12.49,21.9727,69936,0.5146
OBOY,2026-01-07T08:13:25.000000000Z,10.4,12.48,20.0000,50358,0.3705
OBOY,2026-01-07T08:46:56.000000000Z,10.41,12.43,19.4044,63515,0.4673
OBOY,2026-01-07T09:16:16.000000000Z,10.31,12.25,18.8167,82113,0.6041
OBOY,2026-01-07T09:45:11.000000000Z,10.25,12.3,20.0000,72458,0.5331
OBOY,2026-01-07T10:00:27.000000000Z,10.43,12.3,17.9291,38393,0.2825
OBOY,2026-01-07T10:10:07.000000000Z,10.4,12.25,17.7885,197032,1.4497
OBOY,2026-01-07T10:17:47.000000000Z,10.3,12.3,19.4175,195664,1.4396
OBOY,2026-01-07T10:26:01.000000000Z,10.3,13.1,27.1845,689480,5.0728
OBOY,2026-01-07T10:29:48.000000000Z,10.7,12.82,19.8131,486013,3.5758
OBOY,2026-01-08T04:34:19.000000000Z,10.5,12.77,21.6190,307751,2.2643
OBOY,2026-01-08T04:37:02.000000000Z,11.08,12.62,13.8989,737729,5.4278
OBOY,2026-01-08T04:38:05.000000000Z,11.54,12.63,9.4454,183930,1.3533
OBOY,2026-01-08T04:39:14.000000000Z,11.31,12.6,11.4058,426959,3.1413
OBOY,2026-01-08T04:40:34.000000000Z,11.54,12.58,9.0121,239844,1.7646
OBOY,2026-01-08T04:43:31.000000000Z,11.54,12.53,8.5789,143451,1.0554
OBOY,2026-01-08T04:48:41.000000000Z,11.54,12.62,9.3588,141503,1.0411
OBOY,2026-01-08T04:56:23.000000000Z,11.54,13.05,13.0849,658193,4.8426
OBOY,2026-01-08T05:05:50.000000000Z,11.54,13.3,15.2513,455053,3.3480
OBOY,2026-01-08T05:21:20.000000000Z,11.54,13.2,14.3847,217372,1.5993
OBOY,2026-01-08T05:44:10.000000000Z,11.54,13.16,14.0381,50117,0.3687
OBOY,2026-01-08T06:35:59.000000000Z,11.54,13.15,13.9515,126105,0.9278
OBOY,2026-01-08T07:47:11.000000000Z,11.54,13.15,13.9515,121074,0.8908
OBOY,2026-01-08T09:27:21.000000000Z,11.54,13.15,13.9515,138174,1.0166
OBOY,2026-01-08T10:35:03.000000000Z,11.54,13.02,12.8250,763879,5.6202
OBOY,2026-01-09T04:17:45.000000000Z,12.25,12.91,5.3878,1248466,9.1856
OBOY,2026-01-09T04:18:40.000000000Z,12.69,13.1,3.2309,394802,2.9047
OBOY,2026-01-09T04:20:09.000000000Z,12.69,12.99,2.3641,169654,1.2482
OBOY,2026-01-09T04:22:53.000000000Z,12.69,13,2.4429,152255,1.1202
OBOY,2026-01-09T04:28:02.000000000Z,12.69,13.08,3.0733,138824,1.0214
OBOY,2026-01-09T04:35:46.000000000Z,12.69,13.17,3.7825,116085,0.8541
OBOY,2026-01-09T04:46:19.000000000Z,12.69,13.37,5.3586,455573,3.3519
OBOY,2026-01-09T05:02:58.000000000Z,12.69,13.49,6.3042,752301,5.5350
OBOY,2026-01-09T05:17:43.000000000Z,12.69,13.42,5.7526,169135,1.2444
OBOY,2026-01-09T05:53:28.000000000Z,12.69,13.31,4.8857,85248,0.6272
OBOY,2026-01-09T06:27:38.000000000Z,12.69,13.31,4.8857,268194,1.9732
OBOY,2026-01-09T06:59:46.000000000Z,12.69,13.16,3.7037,69100,0.5084
OBOY,2026-01-09T06:59:46.000000000Z,12.69,13.35,5.2009,120094,0.8836
OBOY,2026-01-09T09:58:52.000000000Z,12.69,13.29,4.7281,85846,0.6316
OBOY,2026-01-09T10:39:26.000000000Z,12.69,13.35,5.2009,83204,0.6122
OBOY,2026-01-09T11:29:24.000000000Z,12.69,13.25,4.4129,84943,0.6250
OBOY,2026-01-13T06:29:00.000000000Z,13.25,13.45,1.5094,140289,1.0322
OBOY,2026-01-13T10:17:50.000000000Z,12.9,13.05,1.1628,56360,0.4147
OBOY,2026-01-14T04:57:59.000000000Z,13.32,13.61,2.1772,215482,1.5854
OBOY,2026-01-14T04:59:44.000000000Z,13.61,14.15,3.9677,545000,4.0098
OBOY,2026-01-14T05:37:48.000000000Z,13.9,14.05,1.0791,57536,0.4233
OBOY,2026-01-14T05:54:54.000000000Z,14.03,14.2,1.2117,203127,1.4945
OBOY,2026-01-14T06:05:46.000000000Z,14.2,14.39,1.3380,505006,3.7156
OBOY,2026-01-14T08:14:45.000000000Z,13.3,13.6,2.2556,90395,0.6651
OBOY,2026-01-14T08:24:57.000000000Z,13.49,13.65,1.1861,67479,0.4965
OBOY,2026-01-14T08:29:33.000000000Z,13.65,13.8,1.0989,89222,0.6564
OBOY,2026-01-14T08:56:13.000000000Z,13.7,13.89,1.3869,38758,0.2852
OBOY,2026-01-14T09:25:52.000000000Z,14.02,14.2,1.2839,130689,0.9615
OBOY,2026-01-14T10:04:21.000000000Z,13.4,13.58,1.3433,47632,0.3505
OBOY,2026-01-14T10:07:17.000000000Z,13.58,13.73,1.1046,23851,0.1755
BIFO,2026-01-05T04:32:24.000000000Z,164,173.5,5.7927,2769,0.1817
BIFO,2026-01-05T05:25:05.000000000Z,164.01,170,3.6522,10113,0.6635
BIFO,2026-01-05T05:54:22.000000000Z,164.4,170.61,3.7774,4891,0.3209
BIFO,2026-01-05T06:26:46.000000000Z,164.01,173.01,5.4875,9881,0.6483
BIFO,2026-01-05T06:49:09.000000000Z,164.5,174,5.7751,16577,1.0876
BIFO,2026-01-05T07:11:50.000000000Z,165,172.15,4.3333,14482,0.9502
BIFO,2026-01-05T07:24:36.000000000Z,166.5,172.5,3.6036,7244,0.4753
BIFO,2026-01-05T07:35:07.000000000Z,166,170.1,2.4699,9736,0.6388
BIFO,2026-01-05T08:12:47.000000000Z,166,172.1,3.6747,9164,0.6013
BIFO,2026-01-05T09:05:10.000000000Z,167,173.25,3.7425,5984,0.3926
BIFO,2026-01-05T09:28:28.000000000Z,166.5,173.02,3.9159,7465,0.4898
BIFO,2026-01-05T10:03:47.000000000Z,165,173,4.8485,14559,0.9552
BIFO,2026-01-05T10:25:46.000000000Z,165,174,5.4545,5235,0.3435
BIFO,2026-01-06T04:53:36.000000000Z,165.7,174,5.0091,6526,0.4282
BIFO,2026-01-06T05:11:25.000000000Z,165,174.1,5.5152,7956,0.5220
BIFO,2026-01-06T05:43:45.000000000Z,165,173,4.8485,23005,1.5094
BIFO,2026-01-06T06:22:41.000000000Z,165.5,175,5.7402,3532,0.2317
BIFO,2026-01-06T07:37:13.000000000Z,165.5,175,5.7402,5155,0.3382
BIFO,2026-01-06T08:19:34.000000000Z,166,173.95,4.7892,5685,0.3730
BIFO,2026-01-06T09:13:02.000000000Z,166.98,174,4.2041,11487,0.7537
BIFO,2026-01-06T09:47:13.000000000Z,167,173.5,3.8922,27885,1.8295
BIFO,2026-01-06T10:16:16.000000000Z,166,173.5,4.5181,12101,0.7939
BIFO,2026-01-07T04:48:39.000000000Z,165,173.5,5.1515,15454,1.0139
BIFO,2026-01-07T04:59:42.000000000Z,166,178.75,7.6807,51996,3.4115
BIFO,2026-01-07T05:10:30.000000000Z,167,179.27,7.3473,14289,0.9375
BIFO,2026-01-07T05:25:34.000000000Z,168.99,183,8.2904,50993,3.3457
BIFO,2026-01-07T05:53:25.000000000Z,168.5,183,8.6053,19632,1.2881
BIFO,2026-01-07T06:21:15.000000000Z,167.51,186,11.0381,49356,3.2383
BIFO,2026-01-07T07:05:32.000000000Z,165.9,185.1,11.5732,46402,3.0444
BIFO,2026-01-07T07:22:26.000000000Z,165,187,13.3333,17551,1.1515
BIFO,2026-01-07T07:34:23.000000000Z,165,187,13.3333,26351,1.7289
BIFO,2026-01-07T08:02:51.000000000Z,166.94,186.99,12.0103,9049,0.5937
BIFO,2026-01-07T09:01:18.000000000Z,167.48,186.5,11.3566,9332,0.6123
BIFO,2026-01-07T09:47:03.000000000Z,166,185.55,11.7771,18566,1.2181
BIFO,2026-01-07T10:20:41.000000000Z,166.25,186,11.8797,32480,2.1310
BIFO,2026-01-08T04:35:01.000000000Z,168.4,185.5,10.1544,4646,0.3048
BIFO,2026-01-08T04:52:57.000000000Z,168,183.02,8.9405,10809,0.7092
BIFO,2026-01-08T05:15:34.000000000Z,166,185.45,11.7169,3375,0.2214
BIFO,2026-01-08T05:49:56.000000000Z,167.7,185,10.3160,7742,0.5080
BIFO,2026-01-08T06:20:07.000000000Z,168.5,185,9.7923,4690,0.3077
BIFO,2026-01-08T07:02:00.000000000Z,168,183,8.9286,25918,1.7005
BIFO,2026-01-08T07:25:02.000000000Z,168.85,182.55,8.1137,15116,0.9918
BIFO,2026-01-08T07:51:16.000000000Z,171,181.99,6.4269,10558,0.6927
BIFO,2026-01-08T07:58:38.000000000Z,170.84,183,7.1178,7017,0.4604
BIFO,2026-01-08T08:16:31.000000000Z,170.01,184,8.2289,11682,0.7665
BIFO,2026-01-08T08:43:08.000000000Z,169.99,183,7.6534,13681,0.8976
BIFO,2026-01-08T09:12:06.000000000Z,168.5,181,7.4184,8855,0.5810
BIFO,2026-01-08T09:36:03.000000000Z,168,184.9,10.0595,9413,0.6176
BIFO,2026-01-08T10:08:04.000000000Z,167,183,9.5808,13730,0.9008
BIFO,2026-01-08T10:22:58.000000000Z,166.2,181.01,8.9110,11016,0.7228
BIFO,2026-01-09T04:20:59.000000000Z,167,182,8.9820,19630,1.2879
BIFO,2026-01-09T04:29:44.000000000Z,173,183,5.7803,8698,0.5707
BIFO,2026-01-09T04:33:39.000000000Z,173,181,4.6243,40520,2.6585
BIFO,2026-01-09T04:36:18.000000000Z,175,180.49,3.1371,10951,0.7185
BIFO,2026-01-09T04:40:13.000000000Z,174,182.49,4.8793,12124,0.7955
BIFO,2026-01-09T04:43:25.000000000Z,175.6,184,4.7836,21644,1.4201
BIFO,2026-01-09T04:45:43.000000000Z,174,189.05,8.6494,20252,1.3287
BIFO,2026-01-09T04:51:25.000000000Z,173,189,9.2486,43723,2.8687
BIFO,2026-01-09T05:00:01.000000000Z,172.02,186.5,8.4176,4524,0.2968
BIFO,2026-01-09T05:10:44.000000000Z,174,185.5,6.6092,9144,0.5999
BIFO,2026-01-09T05:17:10.000000000Z,173.98,185,6.3341,7402,0.4856
BIFO,2026-01-09T05:28:05.000000000Z,174,184.4,5.9770,21476,1.4090
BIFO,2026-01-09T05:37:58.000000000Z,174,184.01,5.7529,11703,0.7678
BIFO,2026-01-09T05:50:20.000000000Z,173.1,185.75,7.3079,16309,1.0700
BIFO,2026-01-09T05:59:46.000000000Z,172.12,183,6.3212,18523,1.2153
BIFO,2026-01-09T06:12:41.000000000Z,172.31,185.75,7.7999,11723,0.7691
BIFO,2026-01-09T06:30:52.000000000Z,173.99,185,6.3279,17997,1.1808
BIFO,2026-01-09T06:47:03.000000000Z,172.55,183.01,6.0620,16594,1.0887
BIFO,2026-01-09T06:59:56.000000000Z,172.9,182.3,5.4367,2523,0.1655
BIFO,2026-01-09T06:59:56.000000000Z,172.9,182.35,5.4656,5678,0.3725
BIFO,2026-01-09T09:33:23.000000000Z,174.6,182.62,4.5934,7703,0.5054
BIFO,2026-01-09T09:36:21.000000000Z,173.5,182.09,4.9510,4235,0.2779
BIFO,2026-01-09T09:40:56.000000000Z,174,181.62,4.3793,10987,0.7209
BIFO,2026-01-09T09:48:25.000000000Z,173.5,181,4.3228,18389,1.2065
BIFO,2026-01-09T09:59:02.000000000Z,172.3,180.11,4.5328,16809,1.1028
BIFO,2026-01-09T10:12:48.000000000Z,174,180.6,3.7931,12240,0.8031
BIFO,2026-01-09T10:24:31.000000000Z,173.15,180,3.9561,20112,1.3196
BIFO,2026-01-09T10:38:27.000000000Z,174,180,3.4483,59534,3.9060
BIFO,2026-01-09T10:51:16.000000000Z,172.7,179,3.6479,11126,0.7300
ZAL,2026-01-05T04:32:20.000000000Z,47.14,56.52,19.8982,20640,0.1618
ZAL,2026-01-05T04:40:40.000000000Z,47.5,56.98,19.9579,131546,1.0312
ZAL,2026-01-05T05:00:03.000000000Z,47.1,56.99,20.9979,50495,0.3958
ZAL,2026-01-05T05:41:52.000000000Z,47.18,57.18,21.1954,47410,0.3716
ZAL,2026-01-05T05:55:43.000000000Z,47.21,57.9,22.6435,31905,0.2501
ZAL,2026-01-05T06:16:10.000000000Z,47.21,58.75,24.4440,70015,0.5488
ZAL,2026-01-05T06:39:46.000000000Z,47.28,58.8,24.3655,57528,0.4510
ZAL,2026-01-05T06:58:57.000000000Z,47.22,58.8,24.5235,61433,0.4816
ZAL,2026-01-05T07:19:20.000000000Z,47.2,58.5,23.9407,59074,0.4631
ZAL,2026-01-05T07:42:49.000000000Z,47.2,57.55,21.9280,89993,0.7054
ZAL,2026-01-05T07:59:11.000000000Z,47.05,58.2,23.6982,40855,0.3203
ZAL,2026-01-05T08:09:00.000000000Z,47.39,58.2,22.8107,39967,0.3133
ZAL,2026-01-05T08:32:51.000000000Z,47.39,58.35,23.1272,73336,0.5749
ZAL,2026-01-05T08:53:59.000000000Z,47.5,58,22.1053,134333,1.0530
ZAL,2026-01-05T09:03:45.000000000Z,47.7,57.5,20.5451,281425,2.2060
ZAL,2026-01-05T09:05:39.000000000Z,48.41,57.52,18.8184,147874,1.1592
ZAL,2026-01-05T09:06:55.000000000Z,48.42,57.5,18.7526,53217,0.4172
ZAL,2026-01-05T09:08:53.000000000Z,48.5,57.6,18.7629,57934,0.4541
ZAL,2026-01-05T09:10:36.000000000Z,48.75,58.3,19.5897,113082,0.8864
ZAL,2026-01-05T09:12:22.000000000Z,48.8,58.49,19.8566,54719,0.4289
ZAL,2026-01-05T09:13:55.000000000Z,48.9,58.3,19.2229,113566,0.8902
ZAL,2026-01-05T09:17:12.000000000Z,48.74,58.25,19.5117,78206,0.6130
ZAL,2026-01-05T09:20:30.000000000Z,48.7,58.19,19.4867,54445,0.4268
ZAL,2026-01-05T09:23:07.000000000Z,49,58.25,18.8776,183512,1.4385
ZAL,2026-01-05T09:25:10.000000000Z,48.99,58,18.3915,56766,0.4450
ZAL,2026-01-05T09:27:42.000000000Z,49.3,58.1,17.8499,68565,0.5375
ZAL,2026-01-05T09:29:28.000000000Z,48.8,58.07,18.9959,48200,0.3778
ZAL,2026-01-05T09:30:51.000000000Z,49.5,58.1,17.3737,95696,0.7501
ZAL,2026-01-05T09:32:16.000000000Z,49.51,58.25,17.6530,119891,0.9398
ZAL,2026-01-05T09:34:22.000000000Z,49.5,58.5,18.1818,72459,0.5680
ZAL,2026-01-05T09:36:53.000000000Z,49.5,58.21,17.5960,86370,0.6770
ZAL,2026-01-05T09:39:51.000000000Z,48.85,57.9,18.5261,59131,0.4635
ZAL,2026-01-05T09:41:52.000000000Z,49.01,57.93,18.2004,44118,0.3458
ZAL,2026-01-05T09:44:07.000000000Z,49.05,57.99,18.2263,75524,0.5920
ZAL,2026-01-05T09:47:13.000000000Z,48.7,57.9,18.8912,52240,0.4095
ZAL,2026-01-05T09:50:23.000000000Z,48.5,58.21,20.0206,23953,0.1878
ZAL,2026-01-05T09:56:22.000000000Z,48.68,58,19.1454,22564,0.1769
ZAL,2026-01-05T10:03:13.000000000Z,48.51,57.99,19.5424,53519,0.4195
ZAL,2026-01-05T10:10:18.000000000Z,48.52,57.68,18.8788,59971,0.4701
ZAL,2026-01-05T10:18:09.000000000Z,48.5,57.7,18.9691,26013,0.2039
ZAL,2026-01-05T10:24:09.000000000Z,48.41,57.56,18.9011,35650,0.2795
ZAL,2026-01-05T10:28:13.000000000Z,48.49,57.95,19.5092,45149,0.3539
ZAL,2026-01-06T04:32:20.000000000Z,48.6,57.73,18.7860,32901,0.2579
ZAL,2026-01-06T04:35:58.000000000Z,49,57.6,17.5510,53368,0.4183
ZAL,2026-01-06T04:40:09.000000000Z,48.98,57.5,17.3949,32171,0.2522
ZAL,2026-01-06T04:44:05.000000000Z,48.75,57.32,17.5795,24446,0.1916
ZAL,2026-01-06T04:47:58.000000000Z,49,57.35,17.0408,12742,0.0999
ZAL,2026-01-06T04:51:26.000000000Z,49.1,57.26,16.6191,21634,0.1696
ZAL,2026-01-06T04:56:54.000000000Z,48.85,57.26,17.2160,43904,0.3442
ZAL,2026-01-06T05:00:54.000000000Z,48.49,57.25,18.0656,40883,0.3205
ZAL,2026-01-06T05:09:36.000000000Z,48.49,57.2,17.9625,26683,0.2092
ZAL,2026-01-06T05:17:54.000000000Z,48.25,57.2,18.5492,22689,0.1779
ZAL,2026-01-06T05:28:04.000000000Z,47.8,57.15,19.5607,20307,0.1592
ZAL,2026-01-06T05:32:18.000000000Z,47.91,56.9,18.7643,48610,0.3810
ZAL,2026-01-06T05:37:53.000000000Z,48.02,56.61,17.8884,33404,0.2618
ZAL,2026-01-06T05:45:40.000000000Z,48.18,56.79,17.8705,62829,0.4925
ZAL,2026-01-06T05:54:49.000000000Z,48.25,56.5,17.0984,42746,0.3351
ZAL,2026-01-06T06:03:36.000000000Z,48.2,56.4,17.0124,32812,0.2572
ZAL,2026-01-06T06:17:28.000000000Z,48.15,56.12,16.5524,27476,0.2154
ZAL,2026-01-06T06:33:27.000000000Z,48.15,56.01,16.3240,42117,0.3301
ZAL,2026-01-06T06:54:39.000000000Z,48.11,56,16.3999,114088,0.8943
ZAL,2026-01-06T07:11:46.000000000Z,48,56.1,16.8750,35599,0.2791
ZAL,2026-01-06T07:22:55.000000000Z,48,56.85,18.4375,23416,0.1836
ZAL,2026-01-06T07:42:48.000000000Z,48,56.4,17.5000,24381,0.1911
ZAL,2026-01-06T08:01:46.000000000Z,48,56.4,17.5000,73306,0.5746
ZAL,2026-01-06T08:18:21.000000000Z,47.8,56.01,17.1757,37516,0.2941
ZAL,2026-01-06T08:34:41.000000000Z,47.99,56,16.6910,40458,0.3171
ZAL,2026-01-06T08:55:26.000000000Z,47.8,55.9,16.9456,18953,0.1486
ZAL,2026-01-06T09:11:17.000000000Z,47.7,56.49,18.4277,15962,0.1251
ZAL,2026-01-06T09:20:26.000000000Z,47.62,57,19.6976,111471,0.8738
ZAL,2026-01-06T09:32:37.000000000Z,47.9,56.5,17.9541,6122,0.0480
ZAL,2026-01-06T09:49:44.000000000Z,47.9,56.45,17.8497,75088,0.5886
ZAL,2026-01-06T10:02:04.000000000Z,47.4,56.5,19.1983,37033,0.2903
ZAL,2026-01-06T10:07:52.000000000Z,47.65,56.1,17.7335,27477,0.2154
ZAL,2026-01-06T10:18:46.000000000Z,47.6,55.99,17.6261,148330,1.1627
ZAL,2026-01-06T10:23:35.000000000Z,47.5,56,17.8947,36502,0.2861
ZAL,2026-01-06T10:27:36.000000000Z,47.59,55.99,17.6508,35431,0.2777
ZAL,2026-01-06T10:49:20.000000000Z,47.58,55.95,17.5914,21968,0.1722
ZAL,2026-01-07T04:37:26.000000000Z,47.61,56,17.6223,72144,0.5655
ZAL,2026-01-07T04:44:08.000000000Z,47.5,56.2,18.3158,44977,0.3526
ZAL,2026-01-07T04:50:16.000000000Z,47.3,56.12,18.6469,79931,0.6266
ZAL,2026-01-07T04:57:07.000000000Z,47.31,56.5,19.4251,32062,0.2513
ZAL,2026-01-07T05:03:55.000000000Z,47.55,57.2,20.2944,78304,0.6138
ZAL,2026-01-07T05:10:25.000000000Z,47.41,57.99,22.3160,129172,1.0126
ZAL,2026-01-07T05:21:18.000000000Z,47.5,58.25,22.6316,101963,0.7993
ZAL,2026-01-07T05:34:59.000000000Z,47.32,58.59,23.8166,78644,0.6165
ZAL,2026-01-07T05:44:21.000000000Z,47.5,59.09,24.4000,170830,1.3391
ZAL,2026-01-07T05:53:58.000000000Z,47.3,59.15,25.0529,118100,0.9258
ZAL,2026-01-07T06:09:52.000000000Z,47.48,58.85,23.9469,158018,1.2387
ZAL,2026-01-07T06:24:17.000000000Z,47.48,58.4,22.9992,185530,1.4543
ZAL,2026-01-07T06:29:35.000000000Z,47.3,58.6,23.8901,121685,0.9539
ZAL,2026-01-07T06:37:50.000000000Z,47.45,59.3,24.9737,105102,0.8239
ZAL,2026-01-07T06:54:27.000000000Z,47.49,59.3,24.8684,88163,0.6911
ZAL,2026-01-07T06:59:42.000000000Z,47.7,59.7,25.1572,136966,1.0737
ZAL,2026-01-07T07:11:15.000000000Z,47.5,60.23,26.8000,309971,2.4298
ZAL,2026-01-07T07:17:30.000000000Z,47.73,60.4,26.5451,233931,1.8338
ZAL,2026-01-07T07:28:15.000000000Z,47.5,59.8,25.8947,60072,0.4709
ZAL,2026-01-07T07:39:05.000000000Z,47.66,59.95,25.7868,104579,0.8198
ZAL,2026-01-07T07:52:32.000000000Z,47.8,59.75,25.0000,43533,0.3412
ZAL,2026-01-07T08:09:14.000000000Z,47.7,59.45,24.6331,139234,1.0914
ZAL,2026-01-07T08:14:29.000000000Z,48.33,59.56,23.2361,138337,1.0844
ZAL,2026-01-07T08:17:47.000000000Z,49,59.7,21.8367,179967,1.4107
ZAL,2026-01-07T08:19:15.000000000Z,49.31,59.9,21.4764,118613,0.9298
ZAL,2026-01-07T08:20:44.000000000Z,48.7,61,25.2567,245562,1.9249
ZAL,2026-01-07T08:22:39.000000000Z,49,61.68,25.8776,1161610,9.1057
ZAL,2026-01-07T08:24:32.000000000Z,49.3,61,23.7323,88238,0.6917
ZAL,2026-01-07T08:27:09.000000000Z,49,59.8,22.0408,361319,2.8323
ZAL,2026-01-07T08:30:55.000000000Z,49,59.99,22.4286,98828,0.7747
ZAL,2026-01-07T08:34:22.000000000Z,48.9,59.95,22.5971,32125,0.2518
ZAL,2026-01-07T08:39:29.000000000Z,48.75,59.7,22.4615,203166,1.5926
ZAL,2026-01-07T08:42:27.000000000Z,49.64,59.38,19.6213,1381901,10.8325
ZAL,2026-01-07T08:44:12.000000000Z,52.34,59.75,14.1574,284958,2.2337
ZAL,2026-01-07T08:45:28.000000000Z,52.34,60.2,15.0172,255790,2.0051
ZAL,2026-01-07T08:46:52.000000000Z,52.34,60.29,15.1891,114375,0.8966
ZAL,2026-01-07T08:50:41.000000000Z,52.34,60.45,15.4948,362608,2.8424
ZAL,2026-01-07T08:56:29.000000000Z,52.34,59.9,14.4440,60501,0.4743
ZAL,2026-01-07T09:03:34.000000000Z,52.34,60.5,15.5904,207549,1.6269
ZAL,2026-01-07T09:11:21.000000000Z,52.34,61,16.5457,132698,1.0402
ZAL,2026-01-07T09:21:18.000000000Z,52.34,60.99,16.5266,106396,0.8340
ZAL,2026-01-07T09:33:19.000000000Z,52.34,61,16.5457,254821,1.9975
ZAL,2026-01-07T09:51:16.000000000Z,52.34,61.61,17.7111,128221,1.0051
ZAL,2026-01-07T10:04:14.000000000Z,52.34,61.44,17.3863,307857,2.4132
ZAL,2026-01-07T10:24:29.000000000Z,52.34,61.84,18.1506,858905,6.7328
ZAL,2026-01-08T04:32:02.000000000Z,55.5,61.25,10.3604,552320,4.3296
ZAL,2026-01-08T04:32:55.000000000Z,56.51,61.12,8.1578,202921,1.5907
ZAL,2026-01-08T04:33:46.000000000Z,56,61.4,9.6429,152457,1.1951
ZAL,2026-01-08T04:34:44.000000000Z,55.81,61.3,9.8369,101745,0.7976
ZAL,2026-01-08T04:35:40.000000000Z,56.5,61.3,8.4956,119499,0.9367
ZAL,2026-01-08T04:36:42.000000000Z,56,61.7,10.1786,1011503,7.9290
ZAL,2026-01-08T04:37:37.000000000Z,57.57,61.85,7.4344,496129,3.8891
ZAL,2026-01-08T04:38:43.000000000Z,57.57,61.85,7.4344,222105,1.7410
ZAL,2026-01-08T04:40:40.000000000Z,57.57,61.85,7.4344,79354,0.6220
ZAL,2026-01-08T04:44:05.000000000Z,57.57,61.85,7.4344,277283,2.1736
ZAL,2026-01-08T04:49:21.000000000Z,57.57,61.75,7.2607,139803,1.0959
ZAL,2026-01-08T04:53:39.000000000Z,57.57,61.58,6.9654,51337,0.4024
ZAL,2026-01-08T05:02:17.000000000Z,57.57,61.51,6.8438,13078,0.1025
ZAL,2026-01-08T05:12:39.000000000Z,57.57,61.3,6.4791,106764,0.8369
ZAL,2026-01-08T05:21:45.000000000Z,57.57,61.45,6.7396,18864,0.1479
ZAL,2026-01-08T05:37:44.000000000Z,57.57,61.2,6.3054,72559,0.5688
ZAL,2026-01-08T05:56:12.000000000Z,57.57,61.4,6.6528,20156,0.1580
ZAL,2026-01-08T06:26:05.000000000Z,57.57,61.15,6.2185,8360,0.0655
ZAL,2026-01-08T06:55:09.000000000Z,57.57,61.21,6.3227,47970,0.3760
ZAL,2026-01-08T07:35:20.000000000Z,57.57,61.85,7.4344,296878,2.3272
ZAL,2026-01-08T08:11:19.000000000Z,57.57,61.8,7.3476,83244,0.6525
ZAL,2026-01-08T09:02:36.000000000Z,57.57,61.85,7.4344,41133,0.3224
ZAL,2026-01-08T09:49:48.000000000Z,57.57,61.34,6.5485,42280,0.3314
ZAL,2026-01-08T10:27:57.000000000Z,57.57,61.6,7.0002,573680,4.4970
ZAL,2026-01-09T04:17:13.000000000Z,59,61.7,4.5763,230179,1.8043
ZAL,2026-01-09T04:18:06.000000000Z,58,61.85,6.6379,179655,1.4083
ZAL,2026-01-09T04:19:02.000000000Z,58.35,61.71,5.7584,101031,0.7920
ZAL,2026-01-09T04:20:01.000000000Z,58,61.85,6.6379,164766,1.2916
ZAL,2026-01-09T04:20:53.000000000Z,58.3,61.85,6.0892,409711,3.2117
ZAL,2026-01-09T04:21:49.000000000Z,58.63,61.85,5.4921,304953,2.3905
ZAL,2026-01-09T04:22:40.000000000Z,59.11,61.85,4.6354,274126,2.1488
ZAL,2026-01-09T04:23:34.000000000Z,59.5,61.85,3.9496,232608,1.8234
ZAL,2026-01-09T04:24:27.000000000Z,59.4,61.85,4.1246,321232,2.5181
ZAL,2026-01-09T04:25:18.000000000Z,59.15,61.85,4.5647,165331,1.2960
ZAL,2026-01-09T04:26:13.000000000Z,58.5,61.85,5.7265,60413,0.4736
ZAL,2026-01-09T04:27:31.000000000Z,58.5,61.85,5.7265,35165,0.2757
ZAL,2026-01-09T04:28:51.000000000Z,58.7,61.85,5.3663,100209,0.7855
ZAL,2026-01-09T04:30:14.000000000Z,58.75,61.85,5.2766,12739,0.0999
ZAL,2026-01-09T04:31:49.000000000Z,58.7,61.85,5.3663,77047,0.6040
ZAL,2026-01-09T04:33:21.000000000Z,58.1,61.85,6.4544,52517,0.4117
ZAL,2026-01-09T04:34:31.000000000Z,57.9,61.85,6.8221,107219,0.8405
ZAL,2026-01-09T04:35:28.000000000Z,56.75,66,16.2996,625802,4.9056
ZAL,2026-01-09T04:36:25.000000000Z,56.2,66.5,18.3274,168206,1.3185
ZAL,2026-01-09T04:37:26.000000000Z,56.3,68.04,20.8526,500717,3.9250
ZAL,2026-01-09T04:38:40.000000000Z,56,68.04,21.5000,105050,0.8235
ZAL,2026-01-09T04:39:39.000000000Z,55.75,68.04,22.0448,150970,1.1834
ZAL,2026-01-09T04:40:42.000000000Z,54.5,68.04,24.8440,169807,1.3311
ZAL,2026-01-09T04:41:37.000000000Z,55.25,68.04,23.1493,156886,1.2298
ZAL,2026-01-09T04:43:09.000000000Z,55.2,68.04,23.2609,98624,0.7731
ZAL,2026-01-09T04:44:18.000000000Z,55.4,68.04,22.8159,99722,0.7817
ZAL,2026-01-09T04:45:33.000000000Z,54.6,68.04,24.6154,44148,0.3461
ZAL,2026-01-09T04:46:44.000000000Z,54.68,68.04,24.4331,111904,0.8772
ZAL,2026-01-09T04:47:54.000000000Z,55.33,68.04,22.9713,86221,0.6759
ZAL,2026-01-09T04:48:57.000000000Z,55.35,68,22.8546,1258382,9.8643
ZAL,2026-01-09T04:49:59.000000000Z,55.75,66.45,19.1928,154843,1.2138
ZAL,2026-01-09T04:50:55.000000000Z,56.1,67.7,20.6774,283601,2.2231
ZAL,2026-01-09T04:51:52.000000000Z,56.1,67.89,21.0160,558226,4.3759
ZAL,2026-01-09T04:53:00.000000000Z,56.15,67.5,20.2137,463735,3.6352
ZAL,2026-01-09T04:54:39.000000000Z,55.51,66.9,20.5188,117160,0.9184
ZAL,2026-01-09T04:55:58.000000000Z,55.94,67.02,19.8069,316212,2.4787
ZAL,2026-01-09T04:57:14.000000000Z,56,67.1,19.8214,113976,0.8934
ZAL,2026-01-09T04:59:01.000000000Z,55.9,66.01,18.0859,93623,0.7339
ZAL,2026-01-09T05:02:34.000000000Z,55.74,66.89,20.0036,163175,1.2791
ZAL,2026-01-09T05:05:19.000000000Z,55.8,66,18.2796,134120,1.0513
ZAL,2026-01-09T05:07:10.000000000Z,55.3,66.49,20.2351,65555,0.5139
ZAL,2026-01-09T05:09:24.000000000Z,55.55,66.6,19.8920,58825,0.4611
ZAL,2026-01-09T05:12:04.000000000Z,55.73,66.79,19.8457,40417,0.3168
ZAL,2026-01-09T05:14:16.000000000Z,55.49,65,17.1382,137365,1.0768
ZAL,2026-01-09T05:15:52.000000000Z,55.4,65,17.3285,59866,0.4693
ZAL,2026-01-09T05:17:51.000000000Z,55.25,65,17.6471,106853,0.8376
ZAL,2026-01-09T05:19:44.000000000Z,55.4,65.5,18.2310,32274,0.2530
ZAL,2026-01-09T05:22:16.000000000Z,55.5,65.45,17.9279,175517,1.3759
ZAL,2026-01-09T05:24:21.000000000Z,54.5,65.8,20.7339,70321,0.5512
ZAL,2026-01-09T05:25:50.000000000Z,55.39,65.69,18.5954,44889,0.3519
ZAL,2026-01-09T05:27:18.000000000Z,55.39,66,19.1551,69320,0.5434
ZAL,2026-01-09T05:28:27.000000000Z,55.42,64.75,16.8351,74865,0.5869
ZAL,2026-01-09T05:29:24.000000000Z,55.42,64.75,16.8351,35577,0.2789
ZAL,2026-01-09T05:30:25.000000000Z,55.5,65.2,17.4775,33195,0.2602
ZAL,2026-01-09T05:31:35.000000000Z,55.64,65.35,17.4515,231744,1.8166
ZAL,2026-01-09T05:33:34.000000000Z,55.4,65.49,18.2130,60931,0.4776
ZAL,2026-01-09T05:34:48.000000000Z,55.6,65.35,17.5360,15149,0.1188
ZAL,2026-01-09T05:36:10.000000000Z,55.33,64.8,17.1155,37854,0.2967
ZAL,2026-01-09T05:39:08.000000000Z,55.4,64.1,15.7040,123719,0.9698
ZAL,2026-01-09T05:40:51.000000000Z,55.59,64.5,16.0281,69556,0.5452
ZAL,2026-01-09T05:43:06.000000000Z,55,64.7,17.6364,68622,0.5379
ZAL,2026-01-09T05:45:05.000000000Z,55.4,65.22,17.7256,64437,0.5051
ZAL,2026-01-09T05:47:08.000000000Z,55.35,65.5,18.3379,81744,0.6408
ZAL,2026-01-09T05:50:30.000000000Z,55.3,65.8,18.9873,89579,0.7022
ZAL,2026-01-09T05:53:39.000000000Z,55.02,65.6,19.2294,18461,0.1447
ZAL,2026-01-09T05:58:10.000000000Z,55.35,66.2,19.6025,144538,1.1330
ZAL,2026-01-09T06:00:53.000000000Z,55.4,65,17.3285,214342,1.6802
ZAL,2026-01-09T06:04:11.000000000Z,55.11,65,17.9459,54418,0.4266
ZAL,2026-01-09T06:06:35.000000000Z,55.2,65.2,18.1159,9723,0.0762
ZAL,2026-01-09T06:09:05.000000000Z,55.48,65.38,17.8443,36818,0.2886
ZAL,2026-01-09T06:10:33.000000000Z,55.73,65.7,17.8898,118651,0.9301
ZAL,2026-01-09T06:11:34.000000000Z,56,65.48,16.9286,144257,1.1308
ZAL,2026-01-09T06:12:50.000000000Z,56.2,65.1,15.8363,51867,0.4066
ZAL,2026-01-09T06:14:11.000000000Z,56,65.5,16.9643,51611,0.4046
ZAL,2026-01-09T06:17:07.000000000Z,55.69,65.49,17.5974,42006,0.3293
ZAL,2026-01-09T06:19:17.000000000Z,55.88,65.5,17.2155,84514,0.6625
ZAL,2026-01-09T06:23:39.000000000Z,55.83,65.7,17.6787,58288,0.4569
ZAL,2026-01-09T06:25:46.000000000Z,56,65.48,16.9286,43757,0.3430
ZAL,2026-01-09T06:28:55.000000000Z,55.99,65,16.0922,177736,1.3932
ZAL,2026-01-09T06:31:58.000000000Z,55.5,65.3,17.6577,32902,0.2579
ZAL,2026-01-09T06:34:01.000000000Z,55.7,65.1,16.8761,29248,0.2293
ZAL,2026-01-09T06:35:47.000000000Z,55.5,65.19,17.4595,31758,0.2489
ZAL,2026-01-09T06:37:30.000000000Z,55.45,64.75,16.7719,72494,0.5683
ZAL,2026-01-09T06:40:13.000000000Z,55.57,64.49,16.0518,117846,0.9238
ZAL,2026-01-09T06:41:34.000000000Z,55.51,63.8,14.9342,59972,0.4701
ZAL,2026-01-09T06:42:55.000000000Z,55.5,61.5,10.8108,338694,2.6550
ZAL,2026-01-09T06:46:04.000000000Z,55,61.75,12.2727,89386,0.7007
ZAL,2026-01-09T06:48:58.000000000Z,55,62.3,13.2727,203421,1.5946
ZAL,2026-01-09T06:52:54.000000000Z,54.65,60.6,10.8875,102476,0.8033
ZAL,2026-01-09T06:55:46.000000000Z,54.85,61.45,12.0328,24197,0.1897
ZAL,2026-01-09T06:58:35.000000000Z,54.95,61,11.0100,60674,0.4756
ZAL,2026-01-09T06:59:58.000000000Z,54.95,58.51,6.4786,245050,1.9209
ZAL,2026-01-09T06:59:58.000000000Z,54.95,59.5,8.2803,227743,1.7852
ZAL,2026-01-09T06:59:58.000000000Z,54.95,59.5,8.2803,148598,1.1648
ZAL,2026-01-09T09:33:54.000000000Z,56.74,58.9,3.8068,376159,2.9487
ZAL,2026-01-09T09:35:08.000000000Z,56.4,59.35,5.2305,120603,0.9454
ZAL,2026-01-09T09:36:31.000000000Z,55.2,60.97,10.4529,108642,0.8516
ZAL,2026-01-09T09:37:56.000000000Z,55.89,59.6,6.6380,40268,0.3157
ZAL,2026-01-09T09:40:11.000000000Z,55.9,59.75,6.8873,73775,0.5783
ZAL,2026-01-09T09:42:04.000000000Z,56.2,59.4,5.6940,304946,2.3904
ZAL,2026-01-09T09:43:33.000000000Z,57.5,59.11,2.8000,220702,1.7301
ZAL,2026-01-09T09:44:30.000000000Z,57.31,59.69,4.1529,76613,0.6006
ZAL,2026-01-09T09:45:38.000000000Z,56.95,59.5,4.4776,89657,0.7028
ZAL,2026-01-09T09:46:38.000000000Z,56.95,59.4,4.3020,121623,0.9534
ZAL,2026-01-09T09:48:02.000000000Z,56.7,58.5,3.1746,224843,1.7625
ZAL,2026-01-09T09:49:18.000000000Z,57.1,59.1,3.5026,142303,1.1155
ZAL,2026-01-09T09:50:14.000000000Z,57.5,58.9,2.4348,130850,1.0257
ZAL,2026-01-09T09:51:20.000000000Z,57.6,59.4,3.1250,54276,0.4255
ZAL,2026-01-09T09:52:38.000000000Z,57.75,59,2.1645,185707,1.4557
ZAL,2026-01-09T09:53:48.000000000Z,58.4,59.5,1.8836,506813,3.9728
ZAL,2026-01-09T09:56:24.000000000Z,58.6,59.38,1.3311,80627,0.6320
ZAL,2026-01-09T09:57:24.000000000Z,58.01,58.99,1.6894,110660,0.8674
ZAL,2026-01-09T09:58:17.000000000Z,58.26,59,1.2702,42700,0.3347
ZAL,2026-01-09T09:59:29.000000000Z,58.36,58.99,1.0795,70490,0.5526
ZAL,2026-01-09T10:00:52.000000000Z,58.6,59.5,1.5358,62004,0.4860
ZAL,2026-01-09T10:06:15.000000000Z,58.72,59.51,1.3454,96458,0.7561
ZAL,2026-01-09T10:07:33.000000000Z,58.3,59.6,2.2298,80088,0.6278
ZAL,2026-01-09T10:08:36.000000000Z,59.1,59.93,1.4044,259467,2.0339
ZAL,2026-01-09T10:09:37.000000000Z,58.77,59.9,1.9227,50281,0.3941
ZAL,2026-01-09T10:12:06.000000000Z,58.74,60.8,3.5070,65080,0.5102
ZAL,2026-01-09T10:13:23.000000000Z,58.6,60.5,3.2423,87387,0.6850
ZAL,2026-01-09T10:15:15.000000000Z,58.75,60.12,2.3319,85173,0.6677
ZAL,2026-01-09T10:16:28.000000000Z,59,60.6,2.7119,46923,0.3678
ZAL,2026-01-09T10:18:05.000000000Z,58.99,60.4,2.3902,67012,0.5253
ZAL,2026-01-09T10:19:29.000000000Z,59.15,60.41,2.1302,368970,2.8923
ZAL,2026-01-09T10:21:03.000000000Z,59,59.95,1.6102,105760,0.8290
ZAL,2026-01-09T10:22:43.000000000Z,59,60.3,2.2034,75226,0.5897
ZAL,2026-01-09T10:24:30.000000000Z,59.02,60.28,2.1349,137371,1.0768
ZAL,2026-01-09T10:26:16.000000000Z,59.3,60.69,2.3440,63820,0.5003
ZAL,2026-01-09T10:27:42.000000000Z,59,60.89,3.2034,68726,0.5387
ZAL,2026-01-09T10:29:34.000000000Z,59.05,60.88,3.0991,36136,0.2833
ZAL,2026-01-09T10:32:25.000000000Z,58.9,60.75,3.1409,25037,0.1963
ZAL,2026-01-09T10:34:06.000000000Z,58.7,60.79,3.5605,93327,0.7316
ZAL,2026-01-09T10:36:30.000000000Z,58.6,61,4.0956,90857,0.7122
ZAL,2026-01-09T10:38:42.000000000Z,58.5,61.49,5.1111,146449,1.1480
ZAL,2026-01-09T10:40:12.000000000Z,57.3,61.07,6.5794,45759,0.3587
ZAL,2026-01-09T10:41:22.000000000Z,57.52,61.25,6.4847,31258,0.2450
ZAL,2026-01-09T10:43:02.000000000Z,57.75,61.02,5.6623,88888,0.6968
ZAL,2026-01-09T10:44:49.000000000Z,58,61.05,5.2586,132512,1.0387
ZAL,2026-01-09T10:46:16.000000000Z,58.01,61.17,5.4473,37369,0.2929
ZAL,2026-01-09T10:48:11.000000000Z,58,60.66,4.5862,53982,0.4232
ZAL,2026-01-09T10:49:28.000000000Z,58.38,60.84,4.2138,38320,0.3004
ZAL,2026-01-09T10:51:36.000000000Z,58.02,60.65,4.5329,97797,0.7666
ZAL,2026-01-09T10:53:14.000000000Z,58.5,60.87,4.0513,42327,0.3318
ZAL,2026-01-09T10:55:30.000000000Z,58.2,60.75,4.3814,34782,0.2727
ZAL,2026-01-09T10:58:34.000000000Z,58.1,60.7,4.4750,44040,0.3452
ZAL,2026-01-09T11:01:21.000000000Z,58.35,60.2,3.1705,46941,0.3680
ZAL,2026-01-09T11:04:40.000000000Z,58.02,59.3,2.2061,122195,0.9579
ZAL,2026-01-09T11:07:12.000000000Z,58.25,59.5,2.1459,102295,0.8019
ZAL,2026-01-09T11:10:28.000000000Z,58.25,59.55,2.2318,157219,1.2324
ZAL,2026-01-09T11:13:10.000000000Z,58,59.5,2.5862,62943,0.4934
ZAL,2026-01-09T11:16:02.000000000Z,57.5,58.91,2.4522,273564,2.1444
ZAL,2026-01-09T11:18:02.000000000Z,57.3,58.98,2.9319,127001,0.9955
ZAL,2026-01-09T11:20:10.000000000Z,57.25,59.15,3.3188,92520,0.7253
ZAL,2026-01-09T11:22:09.000000000Z,57,59.42,4.2456,24713,0.1937
ZAL,2026-01-09T11:24:02.000000000Z,56.9,58.9,3.5149,69296,0.5432
ZAL,2026-01-09T11:26:18.000000000Z,56.75,58.9,3.7885,139783,1.0957
ZAL,2026-01-09T11:28:31.000000000Z,56.8,58.9,3.6972,114649,0.8987
ZAL,2026-01-09T11:35:35.000000000Z,57.49,58.7,2.1047,30441,0.2386
ZAL,2026-01-14T08:36:43.000000000Z,59.9,60.95,1.7529,64340,0.5044
PPL,2026-01-06T09:35:49.000000000Z,239.1,241.5,1.0038,89264,0.9259
PPL,2026-01-06T10:14:42.000000000Z,240.12,242.8,1.1161,90328,0.9370
PPL,2026-01-06T10:16:14.000000000Z,240.48,243.1,1.0895,270962,2.8107
PPL,2026-01-06T10:17:39.000000000Z,240.03,243.44,1.4207,160092,1.6606
PPL,2026-01-06T10:19:06.000000000Z,240.4,243,1.0815,285964,2.9663
PPL,2026-01-06T10:20:27.000000000Z,240.58,243,1.0059,264066,2.7392
PPL,2026-01-06T10:21:38.000000000Z,240.6,243.02,1.0058,112396,1.1659
PPL,2026-01-06T10:22:46.000000000Z,240.2,243.15,1.2281,33769,0.3503
PPL,2026-01-06T10:23:57.000000000Z,240.25,243.49,1.3486,148215,1.5374
PPL,2026-01-06T10:25:08.000000000Z,239.97,244.25,1.7836,324940,3.3706
PPL,2026-01-06T10:26:12.000000000Z,240.15,245.2,2.1029,539964,5.6011
PPL,2026-01-06T10:27:34.000000000Z,240.14,245.5,2.2320,428683,4.4468
PPL,2026-01-06T10:28:59.000000000Z,239.91,245,2.1216,113472,1.1771
PPL,2026-01-06T10:36:28.000000000Z,240.32,245,1.9474,269909,2.7998
PPL,2026-01-07T04:32:13.000000000Z,241.5,245.01,1.4534,459556,4.7670
PPL,2026-01-07T04:39:45.000000000Z,241.5,245.02,1.4576,676840,7.0209
PPL,2026-01-07T04:41:40.000000000Z,241.75,244.71,1.2244,396862,4.1167
PPL,2026-01-07T04:42:45.000000000Z,241.98,245.1,1.2894,179379,1.8607
PPL,2026-01-07T04:44:05.000000000Z,241.9,245.5,1.4882,331313,3.4367
PPL,2026-01-07T04:45:22.000000000Z,241.91,245.7,1.5667,99264,1.0297
PPL,2026-01-07T04:46:31.000000000Z,241.9,245.7,1.5709,264079,2.7393
PPL,2026-01-07T04:47:42.000000000Z,242,246.5,1.8595,584665,6.0648
PPL,2026-01-07T04:48:40.000000000Z,241.79,246.7,2.0307,253894,2.6337
PPL,2026-01-07T04:49:39.000000000Z,241.5,246.11,1.9089,201925,2.0946
PPL,2026-01-07T04:51:00.000000000Z,241.4,246.44,2.0878,143766,1.4913
PPL,2026-01-07T04:52:23.000000000Z,241.5,246.55,2.0911,244835,2.5397
PPL,2026-01-07T04:53:36.000000000Z,241.45,246.5,2.0915,81928,0.8498
PPL,2026-01-07T04:55:04.000000000Z,241.69,246.5,1.9902,160316,1.6630
PPL,2026-01-07T04:56:20.000000000Z,241.75,246.25,1.8614,129603,1.3444
PPL,2026-01-07T04:57:33.000000000Z,241.75,246.13,1.8118,113840,1.1809
PPL,2026-01-07T04:58:56.000000000Z,241.9,246.11,1.7404,71860,0.7454
PPL,2026-01-07T05:00:17.000000000Z,242.15,246.5,1.7964,187008,1.9398
PPL,2026-01-07T05:01:35.000000000Z,242,245.65,1.5083,157549,1.6343
PPL,2026-01-07T05:03:20.000000000Z,242.21,245.3,1.2758,205195,2.1285
PPL,2026-01-07T05:04:15.000000000Z,242.4,245.3,1.1964,112258,1.1645
PPL,2026-01-07T05:05:25.000000000Z,242.5,245.12,1.0804,356142,3.6943
PPL,2026-01-07T05:06:33.000000000Z,242.5,245,1.0309,82947,0.8604
ENGROH,2026-01-05T04:32:00.000000000Z,249,251.55,1.0241,126143,3.2388
ENGROH,2026-01-09T04:27:33.000000000Z,253,255.99,1.1818,6233,0.1600
GGL,2026-01-08T05:19:27.000000000Z,25.6,25.95,1.3672,203507,2.8361
GGL,2026-01-08T09:58:07.000000000Z,25.7,26,1.1673,198640,2.7683
TREET,2026-01-05T04:32:01.000000000Z,31.92,33.35,4.4799,199932,1.1816
TREET,2026-01-05T04:35:18.000000000Z,32.25,33.55,4.0310,233705,1.3812
TREET,2026-01-05T04:38:34.000000000Z,32.19,33.49,4.0385,258375,1.5270
TREET,2026-01-05T04:40:52.000000000Z,32.09,33.53,4.4874,180049,1.0641
TREET,2026-01-05T04:52:28.000000000Z,32.05,33.52,4.5866,130998,0.7742
TREET,2026-01-05T04:54:30.000000000Z,31.95,33.53,4.9452,147399,0.8711
TREET,2026-01-05T04:56:21.000000000Z,31.87,33.8,6.0559,185417,1.0958
TREET,2026-01-05T04:57:44.000000000Z,31.86,33.93,6.4972,223735,1.3223
TREET,2026-01-05T04:59:29.000000000Z,31.84,33.8,6.1558,279467,1.6517
TREET,2026-01-05T05:01:14.000000000Z,31.84,33.66,5.7161,194015,1.1466
TREET,2026-01-05T05:28:41.000000000Z,32.01,33.71,5.3108,128348,0.7586
TREET,2026-01-05T05:31:25.000000000Z,31.98,34.05,6.4728,119228,0.7047
TREET,2026-01-05T05:35:11.000000000Z,31.98,34,6.3164,166529,0.9842
TREET,2026-01-05T05:38:43.000000000Z,31.91,33.95,6.3930,184655,1.0913
TREET,2026-01-05T05:41:23.000000000Z,32.16,33.91,5.4415,215420,1.2732
TREET,2026-01-05T05:43:31.000000000Z,32.25,33.91,5.1473,121463,0.7179
TREET,2026-01-05T05:45:24.000000000Z,32.25,33.9,5.1163,33722,0.1993
TREET,2026-01-05T05:48:11.000000000Z,32.25,33.91,5.1473,44259,0.2616
TREET,2026-01-05T05:50:28.000000000Z,32.25,33.8,4.8062,170256,1.0062
TREET,2026-01-05T05:52:47.000000000Z,32.3,33.77,4.5511,67003,0.3960
TREET,2026-01-05T05:54:58.000000000Z,32.27,33.81,4.7722,125503,0.7417
TREET,2026-01-05T05:59:06.000000000Z,32.25,33.85,4.9612,45019,0.2661
TREET,2026-01-05T06:01:44.000000000Z,32.03,33.84,5.6510,179408,1.0603
TREET,2026-01-05T06:04:13.000000000Z,32.05,33.82,5.5226,79432,0.4695
TREET,2026-01-05T06:07:48.000000000Z,32,33.72,5.3750,112427,0.6645
TREET,2026-01-05T06:10:22.000000000Z,32,33.65,5.1562,58245,0.3442
TREET,2026-01-05T06:13:32.000000000Z,32.07,33.61,4.8020,45907,0.2713
TREET,2026-01-05T06:16:11.000000000Z,32.1,33.59,4.6417,99938,0.5906
TREET,2026-01-05T06:19:39.000000000Z,32.05,33.69,5.1170,72437,0.4281
TREET,2026-01-05T06:23:42.000000000Z,32.14,33.99,5.7561,154484,0.9130
TREET,2026-01-05T06:27:42.000000000Z,32.05,34,6.0842,177251,1.0476
TREET,2026-01-05T06:31:59.000000000Z,32.06,34,6.0512,245779,1.4526
TREET,2026-01-05T06:35:34.000000000Z,32.13,34.01,5.8512,148481,0.8775
TREET,2026-01-05T06:37:57.000000000Z,32.2,34.03,5.6832,194848,1.1516
TREET,2026-01-05T06:40:39.000000000Z,32.24,34,5.4591,169139,0.9996
TREET,2026-01-05T06:42:34.000000000Z,32.21,33.9,5.2468,94271,0.5572
TREET,2026-01-05T06:44:50.000000000Z,32.1,33.86,5.4829,29133,0.1722
TREET,2026-01-05T06:50:44.000000000Z,32.01,33.89,5.8732,37542,0.2219
TREET,2026-01-05T06:55:06.000000000Z,32.1,33.83,5.3894,233438,1.3796
TREET,2026-01-05T06:58:33.000000000Z,32.05,33.89,5.7410,161555,0.9548
TREET,2026-01-05T07:01:46.000000000Z,32,33.81,5.6563,85627,0.5061
TREET,2026-01-05T07:08:59.000000000Z,32.08,33.8,5.3616,42673,0.2522
TREET,2026-01-05T07:16:56.000000000Z,32.05,33.9,5.7722,241129,1.4251
TREET,2026-01-05T07:24:53.000000000Z,32.08,33.86,5.5486,27574,0.1630
TREET,2026-01-05T07:32:24.000000000Z,32.05,33.9,5.7722,164543,0.9725
TREET,2026-01-05T07:38:50.000000000Z,32.09,33.9,5.6404,186740,1.1037
TREET,2026-01-05T07:45:25.000000000Z,32,34.03,6.3438,239385,1.4148
TREET,2026-01-05T07:51:58.000000000Z,32.18,34.25,6.4326,669490,3.9568
TREET,2026-01-05T07:53:43.000000000Z,32.18,34.43,6.9919,469251,2.7733
TREET,2026-01-05T07:55:49.000000000Z,32.17,34.33,6.7143,157740,0.9323
TREET,2026-01-05T08:00:36.000000000Z,32.15,34.25,6.5319,139045,0.8218
TREET,2026-01-05T08:06:31.000000000Z,32.18,34.23,6.3704,46659,0.2758
TREET,2026-01-05T08:12:23.000000000Z,32.13,34.24,6.5671,75768,0.4478
TREET,2026-01-05T08:17:13.000000000Z,32.22,34.24,6.2694,53825,0.3181
TREET,2026-01-05T08:23:00.000000000Z,32.19,34.17,6.1510,186939,1.1048
TREET,2026-01-05T08:25:34.000000000Z,32.32,34.11,5.5384,376551,2.2255
TREET,2026-01-05T08:27:14.000000000Z,32.45,34.05,4.9307,159572,0.9431
TREET,2026-01-05T08:28:40.000000000Z,32.45,34.19,5.3621,101970,0.6027
TREET,2026-01-05T08:30:18.000000000Z,32.18,34.19,6.2461,99621,0.5888
TREET,2026-01-05T08:32:19.000000000Z,32.33,34.15,5.6294,61478,0.3633
TREET,2026-01-05T08:35:20.000000000Z,32.3,34.14,5.6966,132967,0.7858
TREET,2026-01-05T08:37:49.000000000Z,32.32,34.14,5.6312,233914,1.3825
TREET,2026-01-05T08:40:08.000000000Z,32.45,34.08,5.0231,88905,0.5254
TREET,2026-01-05T08:41:53.000000000Z,32.4,34.03,5.0309,133467,0.7888
TREET,2026-01-05T08:44:26.000000000Z,32.38,33.97,4.9104,220887,1.3055
TREET,2026-01-05T08:46:42.000000000Z,32.45,34.01,4.8074,357857,2.1150
TREET,2026-01-05T08:47:49.000000000Z,32.48,34.01,4.7106,71100,0.4202
TREET,2026-01-05T08:49:47.000000000Z,32.48,34.06,4.8645,324497,1.9178
TREET,2026-01-05T08:51:10.000000000Z,32.65,34.25,4.9005,492431,2.9103
TREET,2026-01-05T08:52:17.000000000Z,32.5,34.14,5.0462,114564,0.6771
TREET,2026-01-05T08:53:49.000000000Z,32.5,34.28,5.4769,187893,1.1105
TREET,2026-01-05T08:55:26.000000000Z,32.5,34.24,5.3538,144755,0.8555
TREET,2026-01-05T08:57:31.000000000Z,32.5,34.15,5.0769,91693,0.5419
TREET,2026-01-05T08:59:51.000000000Z,32.43,34.15,5.3037,44577,0.2635
TREET,2026-01-05T09:01:56.000000000Z,32.35,34.1,5.4096,128783,0.7611
TREET,2026-01-05T09:06:13.000000000Z,32.42,34.03,4.9661,69756,0.4123
TREET,2026-01-05T09:09:27.000000000Z,32.46,33.9,4.4362,174864,1.0335
TREET,2026-01-05T09:12:39.000000000Z,32.41,33.87,4.5048,36327,0.2147
TREET,2026-01-05T09:16:32.000000000Z,32.4,33.86,4.5062,126927,0.7502
TREET,2026-01-05T09:19:44.000000000Z,32.41,33.85,4.4431,57324,0.3388
TREET,2026-01-05T09:24:41.000000000Z,32.35,33.75,4.3277,60820,0.3595
TREET,2026-01-05T09:29:45.000000000Z,32.31,33.86,4.7973,203210,1.2010
TREET,2026-01-05T09:34:27.000000000Z,32.28,33.9,5.0186,65521,0.3872
TREET,2026-01-05T09:38:03.000000000Z,32.25,34.01,5.4574,109317,0.6461
TREET,2026-01-05T09:42:01.000000000Z,32.26,33.96,5.2697,63123,0.3731
TREET,2026-01-05T09:45:46.000000000Z,32.24,33.91,5.1799,101080,0.5974
TREET,2026-01-05T09:49:51.000000000Z,32.1,33.77,5.2025,213982,1.2647
TREET,2026-01-05T09:55:02.000000000Z,32.07,33.77,5.3009,17121,0.1012
TREET,2026-01-05T10:00:51.000000000Z,32.1,33.84,5.4206,74624,0.4410
TREET,2026-01-05T10:07:11.000000000Z,32.1,33.99,5.8879,297518,1.7584
TREET,2026-01-05T10:10:17.000000000Z,32.09,34.05,6.1078,105567,0.6239
TREET,2026-01-05T10:14:29.000000000Z,32.08,33.9,5.6733,140843,0.8324
TREET,2026-01-05T10:18:53.000000000Z,32.06,33.85,5.5833,117821,0.6963
TREET,2026-01-05T10:23:34.000000000Z,32.06,33.82,5.4897,76917,0.4546
TREET,2026-01-05T10:26:53.000000000Z,32.1,33.75,5.1402,181669,1.0737
TREET,2026-01-05T10:35:38.000000000Z,32.08,33.62,4.8005,137523,0.8128
TREET,2026-01-06T04:32:18.000000000Z,32.15,33.6,4.5101,65362,0.3863
TREET,2026-01-06T04:35:24.000000000Z,32.29,33.51,3.7783,273285,1.6151
TREET,2026-01-06T04:37:10.000000000Z,32.34,33.5,3.5869,137333,0.8117
TREET,2026-01-06T04:39:18.000000000Z,32.29,33.52,3.8092,108458,0.6410
TREET,2026-01-06T04:41:59.000000000Z,32.15,33.54,4.3235,88099,0.5207
TREET,2026-01-06T04:44:35.000000000Z,32.15,33.63,4.6034,36910,0.2181
TREET,2026-01-06T04:47:30.000000000Z,32.12,33.61,4.6389,43907,0.2595
TREET,2026-01-06T04:51:09.000000000Z,32.12,33.5,4.2964,114512,0.6768
TREET,2026-01-06T04:55:04.000000000Z,32.14,33.51,4.2626,155321,0.9180
TREET,2026-01-06T04:57:34.000000000Z,31.91,33.52,5.0454,79799,0.4716
TREET,2026-01-06T05:00:19.000000000Z,31.83,33.46,5.1210,54399,0.3215
TREET,2026-01-06T05:03:25.000000000Z,31.83,33.45,5.0895,98413,0.5816
TREET,2026-01-06T05:06:27.000000000Z,31.86,33.45,4.9906,203892,1.2050
TREET,2026-01-06T05:09:01.000000000Z,32,33.44,4.5000,103249,0.6102
TREET,2026-01-06T05:12:08.000000000Z,32.15,33.5,4.1991,97758,0.5778
TREET,2026-01-06T05:16:33.000000000Z,32,33.75,5.4688,54648,0.3230
TREET,2026-01-06T05:20:13.000000000Z,32.01,33.77,5.4983,95291,0.5632
TREET,2026-01-06T05:24:20.000000000Z,31.91,33.89,6.2050,82740,0.4890
TREET,2026-01-06T05:27:06.000000000Z,31.82,33.87,6.4425,80516,0.4759
TREET,2026-01-06T05:30:24.000000000Z,31.92,33.7,5.5764,80565,0.4761
TREET,2026-01-06T05:34:49.000000000Z,31.91,33.7,5.6095,38723,0.2289
TREET,2026-01-06T05:38:59.000000000Z,32,33.6,5.0000,156666,0.9259
TREET,2026-01-06T05:42:11.000000000Z,32.1,33.5,4.3614,90021,0.5320
TREET,2026-01-06T05:45:40.000000000Z,32,33.4,4.3750,148840,0.8797
TREET,2026-01-06T05:51:50.000000000Z,32.05,33.55,4.6802,150443,0.8891
TREET,2026-01-06T05:58:41.000000000Z,32.04,33.5,4.5568,111340,0.6580
TREET,2026-01-06T06:04:34.000000000Z,32.02,33.55,4.7783,62362,0.3686
TREET,2026-01-06T06:11:24.000000000Z,32,33.56,4.8750,74385,0.4396
TREET,2026-01-06T06:17:03.000000000Z,32,33.54,4.8125,194726,1.1509
TREET,2026-01-06T06:22:23.000000000Z,32.2,33.55,4.1925,527637,3.1184
TREET,2026-01-06T06:23:16.000000000Z,32.25,33.65,4.3411,378796,2.2387
TREET,2026-01-06T06:24:09.000000000Z,32.4,33.6,3.7037,1030302,6.0892
TREET,2026-01-06T06:24:59.000000000Z,32.38,33.6,3.7678,245427,1.4505
TREET,2026-01-06T06:25:57.000000000Z,32.2,33.75,4.8137,179755,1.0624
TREET,2026-01-06T06:26:53.000000000Z,32.35,33.7,4.1731,803453,4.7485
TREET,2026-01-06T06:27:51.000000000Z,32.45,33.71,3.8829,227498,1.3445
TREET,2026-01-06T06:28:49.000000000Z,32.41,33.68,3.9185,157000,0.9279
TREET,2026-01-06T06:29:55.000000000Z,32.39,33.73,4.1371,212823,1.2578
TREET,2026-01-06T06:31:16.000000000Z,32.25,33.7,4.4961,142792,0.8439
TREET,2026-01-06T06:32:55.000000000Z,32.28,33.63,4.1822,58759,0.3473
TREET,2026-01-06T06:35:21.000000000Z,32.3,33.52,3.7771,85970,0.5081
TREET,2026-01-06T06:37:15.000000000Z,32.3,33.54,3.8390,62909,0.3718
TREET,2026-01-06T06:39:48.000000000Z,32.3,33.5,3.7152,196451,1.1610
TREET,2026-01-06T06:43:32.000000000Z,32.25,33.55,4.0310,49158,0.2905
TREET,2026-01-06T06:45:59.000000000Z,32.24,33.56,4.0943,71446,0.4223
TREET,2026-01-06T06:49:45.000000000Z,32.27,33.51,3.8426,141214,0.8346
TREET,2026-01-06T06:53:24.000000000Z,32.19,33.42,3.8211,164064,0.9696
TREET,2026-01-06T06:56:26.000000000Z,32.23,33.35,3.4750,255173,1.5081
TREET,2026-01-06T06:59:38.000000000Z,32.24,33.35,3.4429,158027,0.9340
TREET,2026-01-06T07:03:26.000000000Z,32.15,33.21,3.2970,53893,0.3185
TREET,2026-01-06T07:07:56.000000000Z,32.12,33.23,3.4558,47082,0.2783
TREET,2026-01-06T07:15:51.000000000Z,32.13,33.26,3.5170,82660,0.4885
TREET,2026-01-06T07:22:14.000000000Z,32.19,33.36,3.6347,43292,0.2559
TREET,2026-01-06T07:28:42.000000000Z,32.14,33.4,3.9203,62935,0.3720
TREET,2026-01-06T07:34:20.000000000Z,32.1,33.38,3.9875,58763,0.3473
TREET,2026-01-06T07:40:52.000000000Z,32.2,33.4,3.7267,57863,0.3420
TREET,2026-01-06T07:46:26.000000000Z,32.18,33.3,3.4804,114699,0.6779
TREET,2026-01-06T07:50:04.000000000Z,32.22,33.4,3.6623,76930,0.4547
TREET,2026-01-06T07:55:21.000000000Z,32.28,33.55,3.9343,223413,1.3204
TREET,2026-01-06T07:58:06.000000000Z,32.3,33.41,3.4365,45624,0.2696
TREET,2026-01-06T08:01:08.000000000Z,32.29,33.5,3.7473,126937,0.7502
TREET,2026-01-06T08:05:44.000000000Z,32.2,33.69,4.6273,255220,1.5084
TREET,2026-01-06T08:10:51.000000000Z,32.17,33.65,4.6006,320401,1.8936
TREET,2026-01-06T08:15:09.000000000Z,32.12,33.65,4.7634,101725,0.6012
TREET,2026-01-06T08:18:53.000000000Z,32.06,33.56,4.6787,62961,0.3721
TREET,2026-01-06T08:23:21.000000000Z,32.08,33.51,4.4576,59423,0.3512
TREET,2026-01-06T08:28:07.000000000Z,32.15,33.7,4.8212,49726,0.2939
TREET,2026-01-06T08:35:54.000000000Z,32.15,33.58,4.4479,123454,0.7296
TREET,2026-01-06T08:43:13.000000000Z,32.1,33.44,4.1745,111007,0.6561
TREET,2026-01-06T08:53:00.000000000Z,32.11,33.3,3.7060,98080,0.5797
TREET,2026-01-06T09:00:45.000000000Z,32.09,33.3,3.7706,61293,0.3622
TREET,2026-01-06T09:09:39.000000000Z,32.13,33.4,3.9527,120155,0.7101
TREET,2026-01-06T09:13:03.000000000Z,32.18,33.37,3.6979,75685,0.4473
TREET,2026-01-06T09:15:38.000000000Z,32.09,33.26,3.6460,357367,2.1121
TREET,2026-01-06T09:17:58.000000000Z,32.01,33.49,4.6236,52868,0.3125
TREET,2026-01-06T09:23:38.000000000Z,32.11,33.53,4.4223,63454,0.3750
TREET,2026-01-06T09:30:44.000000000Z,32.1,33.42,4.1121,61989,0.3664
TREET,2026-01-06T09:36:23.000000000Z,32.11,33.41,4.0486,32654,0.1930
TREET,2026-01-06T09:44:14.000000000Z,32.03,33.6,4.9017,138248,0.8171
TREET,2026-01-06T09:46:33.000000000Z,32.2,33.51,4.0683,120633,0.7130
TREET,2026-01-06T09:49:24.000000000Z,32.16,33.54,4.2910,74678,0.4414
TREET,2026-01-06T09:53:28.000000000Z,32,33.54,4.8125,34990,0.2068
TREET,2026-01-06T09:59:27.000000000Z,32.11,33.56,4.5157,87025,0.5143
TREET,2026-01-06T10:06:39.000000000Z,32.05,33.4,4.2122,105650,0.6244
TREET,2026-01-06T10:11:22.000000000Z,32.01,33.38,4.2799,146016,0.8630
TREET,2026-01-06T10:14:39.000000000Z,32,33.47,4.5937,80549,0.4761
TREET,2026-01-06T10:19:42.000000000Z,31.99,33.59,5.0016,268406,1.5863
TREET,2026-01-06T10:22:19.000000000Z,31.9,33.66,5.5172,135194,0.7990
TREET,2026-01-06T10:23:53.000000000Z,31.9,33.75,5.7994,107037,0.6326
TREET,2026-01-06T10:25:44.000000000Z,31.91,34,6.5497,687090,4.0608
TREET,2026-01-06T10:28:41.000000000Z,31.91,34.26,7.3645,678688,4.0111
TREET,2026-01-06T10:42:07.000000000Z,31.96,34.28,7.2591,358879,2.1210
TREET,2026-01-07T04:34:37.000000000Z,32.1,34.2,6.5421,167960,0.9927
TREET,2026-01-07T04:36:52.000000000Z,32.11,34.3,6.8203,286530,1.6934
TREET,2026-01-07T04:39:30.000000000Z,32.08,34.3,6.9202,150591,0.8900
TREET,2026-01-07T04:41:49.000000000Z,31.98,34.28,7.1920,319654,1.8892
TREET,2026-01-07T04:44:25.000000000Z,32,34.24,7.0000,230387,1.3616
TREET,2026-01-07T04:46:55.000000000Z,32.05,34.3,7.0203,219813,1.2991
TREET,2026-01-07T04:49:02.000000000Z,32,34.27,7.0938,120083,0.7097
TREET,2026-01-07T04:51:36.000000000Z,31.87,34.33,7.7189,245895,1.4533
TREET,2026-01-07T04:54:42.000000000Z,32.06,34.34,7.1117,162277,0.9591
TREET,2026-01-07T04:56:46.000000000Z,31.92,34.26,7.3308,152019,0.8984
TREET,2026-01-07T05:00:08.000000000Z,32.06,34.27,6.8933,109029,0.6444
TREET,2026-01-07T05:02:46.000000000Z,32.12,34.3,6.7870,499190,2.9503
TREET,2026-01-07T05:04:49.000000000Z,32.06,34.3,6.9869,215550,1.2739
TREET,2026-01-07T05:07:22.000000000Z,32.19,34.33,6.6480,215427,1.2732
TREET,2026-01-07T05:10:52.000000000Z,31.91,34.27,7.3958,183064,1.0819
TREET,2026-01-07T05:14:26.000000000Z,32,34.32,7.2500,89917,0.5314
TREET,2026-01-07T05:16:37.000000000Z,32.1,34.26,6.7290,143032,0.8453
TREET,2026-01-07T05:19:17.000000000Z,32.26,34.24,6.1376,273401,1.6158
TREET,2026-01-07T05:20:27.000000000Z,32.29,34.14,5.7293,161898,0.9568
TREET,2026-01-07T05:22:01.000000000Z,32.2,34.14,6.0248,98263,0.5807
TREET,2026-01-07T05:25:37.000000000Z,32.21,34,5.5573,105523,0.6237
TREET,2026-01-07T05:27:16.000000000Z,32.35,34.02,5.1623,496541,2.9346
TREET,2026-01-07T05:28:38.000000000Z,32.38,33.94,4.8178,194713,1.1508
TREET,2026-01-07T05:30:41.000000000Z,32.3,33.92,5.0155,80517,0.4759
TREET,2026-01-07T05:33:01.000000000Z,32.33,33.86,4.7324,107748,0.6368
TREET,2026-01-07T05:35:32.000000000Z,32.21,33.87,5.1537,75041,0.4435
TREET,2026-01-07T05:38:39.000000000Z,32.3,33.9,4.9536,157458,0.9306
TREET,2026-01-07T05:41:34.000000000Z,32.24,34.15,5.9243,133985,0.7919
TREET,2026-01-07T05:46:03.000000000Z,32.15,33.9,5.4432,50534,0.2987
TREET,2026-01-07T05:51:04.000000000Z,32.15,34,5.7543,137847,0.8147
TREET,2026-01-07T05:54:09.000000000Z,32.24,34.2,6.0794,151869,0.8976
TREET,2026-01-07T06:00:36.000000000Z,32.27,33.85,4.8962,158530,0.9369
TREET,2026-01-07T06:05:34.000000000Z,32.25,33.8,4.8062,55089,0.3256
TREET,2026-01-07T06:08:23.000000000Z,32.16,33.89,5.3794,51204,0.3026
TREET,2026-01-07T06:14:02.000000000Z,32.16,33.89,5.3794,64105,0.3789
TREET,2026-01-07T06:20:50.000000000Z,32.2,33.8,4.9689,69977,0.4136
TREET,2026-01-07T06:27:34.000000000Z,32.16,33.77,5.0062,100246,0.5925
TREET,2026-01-07T06:34:44.000000000Z,32.3,34,5.2632,442503,2.6152
TREET,2026-01-07T06:36:51.000000000Z,32.43,34.08,5.0879,572175,3.3816
TREET,2026-01-07T06:38:07.000000000Z,32.5,34.24,5.3538,664135,3.9251
TREET,2026-01-07T06:39:18.000000000Z,32.55,34.18,5.0077,408356,2.4134
TREET,2026-01-07T06:40:33.000000000Z,32.38,34.07,5.2193,302620,1.7885
TREET,2026-01-07T06:42:11.000000000Z,32.4,34,4.9383,119820,0.7081
TREET,2026-01-07T06:44:28.000000000Z,32.4,34.1,5.2469,153029,0.9044
TREET,2026-01-07T06:47:18.000000000Z,32.42,34.05,5.0278,123172,0.7280
TREET,2026-01-07T06:50:08.000000000Z,32.36,34.02,5.1298,30170,0.1783
TREET,2026-01-07T06:54:18.000000000Z,32.36,34.1,5.3770,67156,0.3969
TREET,2026-01-07T06:59:39.000000000Z,32.25,34.16,5.9225,166016,0.9812
TREET,2026-01-07T07:03:02.000000000Z,32.45,34.08,5.0231,60511,0.3576
TREET,2026-01-07T07:05:51.000000000Z,32.36,34,5.0680,180109,1.0645
TREET,2026-01-07T07:09:53.000000000Z,32.46,33.96,4.6211,69190,0.4089
TREET,2026-01-07T07:13:07.000000000Z,32.4,33.95,4.7840,103929,0.6142
TREET,2026-01-07T07:17:24.000000000Z,32.3,33.91,4.9845,112222,0.6632
TREET,2026-01-07T07:22:36.000000000Z,32.3,33.97,5.1703,106212,0.6277
TREET,2026-01-07T07:25:46.000000000Z,32.44,33.9,4.5006,738148,4.3625
TREET,2026-01-07T07:27:30.000000000Z,32.48,33.9,4.3719,207997,1.2293
TREET,2026-01-07T07:28:55.000000000Z,32.47,33.79,4.0653,163397,0.9657
TREET,2026-01-07T07:30:31.000000000Z,32.42,33.77,4.1641,39749,0.2349
TREET,2026-01-07T07:33:28.000000000Z,32.41,33.79,4.2579,111938,0.6616
TREET,2026-01-07T07:37:21.000000000Z,32.42,33.81,4.2875,90325,0.5338
TREET,2026-01-07T07:39:57.000000000Z,32.37,33.71,4.1396,64541,0.3814
TREET,2026-01-07T07:41:53.000000000Z,32.45,33.65,3.6980,106878,0.6317
TREET,2026-01-07T07:45:46.000000000Z,32.3,33.71,4.3653,124427,0.7354
TREET,2026-01-07T07:48:27.000000000Z,32.4,33.68,3.9506,712846,4.2130
TREET,2026-01-07T07:50:07.000000000Z,32.62,33.66,3.1882,209544,1.2384
TREET,2026-01-07T07:51:20.000000000Z,32.56,33.58,3.1327,114850,0.6788
TREET,2026-01-07T07:53:45.000000000Z,32.56,33.38,2.5184,226390,1.3380
TREET,2026-01-07T07:55:18.000000000Z,32.59,33.5,2.7923,169357,1.0009
TREET,2026-01-07T07:57:02.000000000Z,32.6,33.46,2.6380,187087,1.1057
TREET,2026-01-07T07:58:38.000000000Z,32.62,33.6,3.0043,317824,1.8784
TREET,2026-01-07T08:00:14.000000000Z,32.53,33.5,2.9819,256852,1.5180
TREET,2026-01-07T08:02:00.000000000Z,32.6,33.45,2.6074,292977,1.7315
TREET,2026-01-07T08:03:37.000000000Z,32.67,33.45,2.3875,184198,1.0886
TREET,2026-01-07T08:05:06.000000000Z,32.65,33.45,2.4502,24325,0.1438
TREET,2026-01-07T08:06:48.000000000Z,32.64,33.6,2.9412,186660,1.1032
TREET,2026-01-07T08:08:20.000000000Z,32.65,33.5,2.6034,163914,0.9687
TREET,2026-01-07T08:10:11.000000000Z,32.6,33.5,2.7607,61697,0.3646
TREET,2026-01-07T08:12:04.000000000Z,32.52,33.46,2.8905,64780,0.3829
TREET,2026-01-07T08:15:50.000000000Z,32.6,33.4,2.4540,188400,1.1135
TREET,2026-01-07T08:19:20.000000000Z,32.57,33.38,2.4870,72683,0.4296
TREET,2026-01-07T08:22:42.000000000Z,32.6,33.39,2.4233,121186,0.7162
TREET,2026-01-07T08:25:40.000000000Z,32.58,33.35,2.3634,212082,1.2534
TREET,2026-01-07T08:29:06.000000000Z,32.6,33.4,2.4540,229789,1.3581
TREET,2026-01-07T08:31:12.000000000Z,32.66,33.36,2.1433,95536,0.5646
TREET,2026-01-07T08:33:11.000000000Z,32.64,33.31,2.0527,145384,0.8592
TREET,2026-01-07T08:36:20.000000000Z,32.63,33.21,1.7775,430563,2.5447
TREET,2026-01-07T08:39:14.000000000Z,32.66,33.15,1.5003,484282,2.8622
TREET,2026-01-07T08:41:21.000000000Z,32.75,33.11,1.0992,327203,1.9338
TREET,2026-01-07T08:42:37.000000000Z,32.76,33.19,1.3126,145239,0.8584
TREET,2026-01-07T08:44:03.000000000Z,32.7,33.16,1.4067,37651,0.2225
TREET,2026-01-07T08:46:18.000000000Z,32.7,33.29,1.8043,267610,1.5816
TREET,2026-01-07T08:48:00.000000000Z,32.8,33.48,2.0732,427307,2.5254
TREET,2026-01-07T08:49:12.000000000Z,32.83,33.29,1.4012,260315,1.5385
TREET,2026-01-07T08:50:38.000000000Z,32.81,33.25,1.3411,278983,1.6488
TREET,2026-01-07T08:54:23.000000000Z,32.85,33.19,1.0350,129373,0.7646
TREET,2026-01-07T08:55:49.000000000Z,32.79,33.25,1.4029,116463,0.6883
TREET,2026-01-07T08:58:22.000000000Z,32.61,33.2,1.8093,90286,0.5336
TREET,2026-01-07T09:00:41.000000000Z,32.7,33.3,1.8349,52861,0.3124
TREET,2026-01-07T09:03:32.000000000Z,32.68,33.3,1.8972,91203,0.5390
TREET,2026-01-07T09:08:00.000000000Z,32.66,33.39,2.2352,95386,0.5637
TREET,2026-01-07T09:12:15.000000000Z,32.7,33.39,2.1101,104418,0.6171
TREET,2026-01-07T09:15:51.000000000Z,32.75,33.3,1.6794,62201,0.3676
TREET,2026-01-07T09:18:39.000000000Z,32.7,33.24,1.6514,79718,0.4711
TREET,2026-01-07T09:21:33.000000000Z,32.69,33.3,1.8660,69408,0.4102
TREET,2026-01-07T09:25:17.000000000Z,32.56,33.31,2.3034,89803,0.5307
TREET,2026-01-07T09:29:20.000000000Z,32.6,33.16,1.7178,84320,0.4983
TREET,2026-01-07T09:33:55.000000000Z,32.63,33.1,1.4404,130075,0.7688
TREET,2026-01-07T09:39:34.000000000Z,32.61,33.2,1.8093,129278,0.7640
TREET,2026-01-07T09:45:22.000000000Z,32.65,33.16,1.5620,97249,0.5748
TREET,2026-01-07T09:51:25.000000000Z,32.62,33.1,1.4715,91024,0.5380
TREET,2026-01-07T09:57:40.000000000Z,32.6,33,1.2270,595533,3.5197
TREET,2026-01-07T10:01:43.000000000Z,32.5,32.92,1.2923,76056,0.4495
TREET,2026-01-07T10:05:54.000000000Z,32.49,32.89,1.2311,202629,1.1976
TREET,2026-01-07T10:08:55.000000000Z,32.51,32.84,1.0151,88933,0.5256
TREET,2026-01-07T10:15:07.000000000Z,32.45,32.79,1.0478,129323,0.7643
BNL,2026-01-07T08:17:55.000000000Z,11.82,11.95,1.0998,104418,0.7594
BNL,2026-01-07T09:48:22.000000000Z,11.85,12,1.2658,175549,1.2767
GATM,2026-01-05T04:32:00.000000000Z,29.06,30.5,4.9553,47042,1.2219
GATM,2026-01-05T04:40:46.000000000Z,29.66,30.5,2.8321,66546,1.7285
GATM,2026-01-05T04:57:54.000000000Z,29.51,30.36,2.8804,29373,0.7629
GATM,2026-01-05T05:43:24.000000000Z,29.56,30.4,2.8417,39809,1.0340
GATM,2026-01-05T06:11:51.000000000Z,29.3,30.2,3.0717,26471,0.6876
GATM,2026-01-05T06:47:35.000000000Z,29.2,30.31,3.8014,55884,1.4515
GATM,2026-01-05T07:05:57.000000000Z,29.15,30.17,3.4991,56407,1.4651
GATM,2026-01-05T07:13:35.000000000Z,29.09,30.3,4.1595,74385,1.9321
GATM,2026-01-05T07:25:54.000000000Z,29.19,30.12,3.1860,48770,1.2667
GATM,2026-01-05T07:33:56.000000000Z,29.51,30.29,2.6432,41153,1.0689
GATM,2026-01-05T07:46:42.000000000Z,29.23,30.27,3.5580,20001,0.5195
GATM,2026-01-05T08:10:16.000000000Z,29.25,29.8,1.8803,116819,3.0342
GATM,2026-01-05T08:51:46.000000000Z,29.16,29.96,2.7435,44518,1.1563
GATM,2026-01-05T09:31:57.000000000Z,29.2,30.2,3.4247,67208,1.7457
GATM,2026-01-05T09:43:33.000000000Z,29.49,30,1.7294,42367,1.1004
GATM,2026-01-05T09:59:09.000000000Z,29.3,29.7,1.3652,37717,0.9797
GATM,2026-01-05T10:15:34.000000000Z,29.31,29.75,1.5012,30621,0.7953
GATM,2026-01-06T04:41:07.000000000Z,29,29.66,2.2759,29207,0.7586
GATM,2026-01-06T04:47:23.000000000Z,29.12,29.5,1.3049,82210,2.1353
GATM,2026-01-06T04:59:33.000000000Z,29.14,29.6,1.5786,27314,0.7095
GATM,2026-01-06T05:13:25.000000000Z,29.14,29.51,1.2697,13313,0.3458
GATM,2026-01-06T05:47:05.000000000Z,29.11,29.5,1.3397,17245,0.4479
GATM,2026-01-08T09:45:07.000000000Z,30.5,30.88,1.2459,92886,2.4126
GATM,2026-01-08T10:28:52.000000000Z,30.28,30.6,1.0568,5774,0.1500
GATM,2026-01-09T04:20:36.000000000Z,30.6,31.24,2.0915,69776,1.8124
GATM,2026-01-09T04:27:06.000000000Z,30.55,31.3,2.4550,47350,1.2299
GATM,2026-01-09T06:09:31.000000000Z,30.92,31.38,1.4877,50298,1.3064
BBFL,2026-01-05T04:32:00.000000000Z,50.6,52.5,3.7549,102110,1.6761
BBFL,2026-01-05T04:35:46.000000000Z,50.61,52,2.7465,95054,1.5603
BBFL,2026-01-05T04:41:02.000000000Z,50.1,52.15,4.0918,30694,0.5038
BBFL,2026-01-05T04:50:59.000000000Z,50.5,52.7,4.3564,23700,0.3890
BBFL,2026-01-05T04:55:04.000000000Z,50.05,52.19,4.2757,46084,0.7565
BBFL,2026-01-05T04:57:59.000000000Z,50.7,52.2,2.9586,33992,0.5580
BBFL,2026-01-05T05:31:11.000000000Z,50.5,52.45,3.8614,59214,0.9720
BBFL,2026-01-05T05:38:50.000000000Z,50.37,52.3,3.8316,30453,0.4999
BBFL,2026-01-05T05:49:05.000000000Z,50.38,52.05,3.3148,50818,0.8342
BBFL,2026-01-05T05:56:39.000000000Z,50.4,52.29,3.7500,37675,0.6184
BBFL,2026-01-05T06:09:22.000000000Z,50.48,52.1,3.2092,131935,2.1657
BBFL,2026-01-05T06:17:07.000000000Z,50.39,52.16,3.5126,98304,1.6137
BBFL,2026-01-05T06:21:10.000000000Z,50.34,52.1,3.4962,18429,0.3025
BBFL,2026-01-05T06:30:53.000000000Z,50.33,52.05,3.4174,24859,0.4081
BBFL,2026-01-05T06:44:01.000000000Z,50.3,52.36,4.0954,45303,0.7437
BBFL,2026-01-05T06:54:04.000000000Z,50.23,52.29,4.1011,23198,0.3808
BBFL,2026-01-05T07:15:47.000000000Z,50.31,52.7,4.7505,77083,1.2653
BBFL,2026-01-05T07:37:10.000000000Z,50.25,52.7,4.8756,45311,0.7438
BBFL,2026-01-05T07:49:28.000000000Z,50.25,52.5,4.4776,25034,0.4109
BBFL,2026-01-05T08:12:31.000000000Z,50.4,52.39,3.9484,45970,0.7546
BBFL,2026-01-05T08:25:58.000000000Z,50.2,52.2,3.9841,98458,1.6162
BBFL,2026-01-05T08:46:48.000000000Z,50.25,52.03,3.5423,66124,1.0854
BBFL,2026-01-05T09:05:22.000000000Z,50.3,52.1,3.5785,43257,0.7101
BBFL,2026-01-05T09:20:09.000000000Z,50.4,52.11,3.3929,28179,0.4626
BBFL,2026-01-05T09:38:31.000000000Z,50.36,52,3.2566,64091,1.0521
BBFL,2026-01-05T09:51:16.000000000Z,50.33,51.9,3.1194,39546,0.6491
BBFL,2026-01-05T09:59:39.000000000Z,50.27,52,3.4414,43483,0.7138
BBFL,2026-01-05T10:13:10.000000000Z,50.44,51.62,2.3394,9673,0.1588
BBFL,2026-01-05T10:22:12.000000000Z,50.45,51.98,3.0327,52209,0.8570
BBFL,2026-01-05T10:28:55.000000000Z,50.45,51.63,2.3389,33806,0.5549
BBFL,2026-01-06T04:34:49.000000000Z,50.5,51.15,1.2871,57842,0.9495
BBFL,2026-01-06T04:42:18.000000000Z,50.51,51.2,1.3661,45916,0.7537
BBFL,2026-01-06T04:47:14.000000000Z,50.5,51.01,1.0099,24343,0.3996
BBFL,2026-01-06T04:54:27.000000000Z,50.64,51.17,1.0466,56275,0.9238
BBFL,2026-01-06T04:59:35.000000000Z,50.32,51.2,1.7488,13307,0.2184
BBFL,2026-01-06T05:10:11.000000000Z,50.42,50.98,1.1107,42539,0.6983
BBFL,2026-01-06T05:22:00.000000000Z,50.13,51.4,2.5334,24024,0.3944
BBFL,2026-01-06T05:30:48.000000000Z,50.2,50.73,1.0558,12905,0.2118
BBFL,2026-01-06T06:05:15.000000000Z,50.27,50.99,1.4323,15389,0.2526
BBFL,2026-01-06T06:25:21.000000000Z,50.4,51,1.1905,15084,0.2476
BBFL,2026-01-06T08:26:14.000000000Z,50.25,51,1.4925,5503,0.0903
BBFL,2026-01-06T08:50:34.000000000Z,50.25,50.81,1.1144,51588,0.8468
BBFL,2026-01-08T10:12:57.000000000Z,52.57,53.2,1.1984,306315,5.0282
BBFL,2026-01-09T04:21:03.000000000Z,53.35,54,1.2184,83100,1.3641
BBFL,2026-01-09T04:39:16.000000000Z,53.17,53.73,1.0532,18417,0.3023
TGL,2026-01-05T04:32:01.000000000Z,223.6,231,3.3095,13177,1.0193
TGL,2026-01-05T04:37:53.000000000Z,226,231.25,2.3230,21037,1.6273
TGL,2026-01-05T04:40:49.000000000Z,227,230.5,1.5419,16984,1.3138
TGL,2026-01-05T04:59:29.000000000Z,224,231,3.1250,9070,0.7016
TGL,2026-01-05T05:48:20.000000000Z,225,231,2.6667,35486,2.7450
TGL,2026-01-05T06:02:43.000000000Z,225,231,2.6667,2183,0.1689
TGL,2026-01-05T06:22:45.000000000Z,225,231,2.6667,22866,1.7688
TGL,2026-01-05T06:42:54.000000000Z,225.5,232.74,3.2106,8776,0.6789
TGL,2026-01-05T06:58:43.000000000Z,224.1,231,3.0790,9478,0.7332
TGL,2026-01-05T07:11:38.000000000Z,225.45,231,2.4617,25039,1.9369
TGL,2026-01-05T07:27:24.000000000Z,225.95,231.12,2.2881,3179,0.2459
TGL,2026-01-05T07:39:20.000000000Z,225.01,232.7,3.4176,15255,1.1800
TGL,2026-01-05T08:02:48.000000000Z,224.11,233,3.9668,10423,0.8063
TGL,2026-01-05T08:36:03.000000000Z,224.5,233,3.7862,16215,1.2543
TGL,2026-01-05T09:04:47.000000000Z,224.89,232.9,3.5617,8332,0.6445
TGL,2026-01-05T09:32:15.000000000Z,225,233,3.5556,15279,1.1819
TGL,2026-01-05T09:58:49.000000000Z,224.8,232.55,3.4475,9731,0.7527
TGL,2026-01-05T10:17:58.000000000Z,224,233,4.0179,12549,0.9707
TGL,2026-01-05T10:40:34.000000000Z,224.08,233.15,4.0477,4342,0.3359
TGL,2026-01-06T04:38:20.000000000Z,224.06,233,3.9900,14236,1.1012
TGL,2026-01-06T04:47:12.000000000Z,225,233.4,3.7333,15859,1.2267
TGL,2026-01-06T04:57:53.000000000Z,224.05,231.1,3.1466,7071,0.5470
TGL,2026-01-06T05:04:35.000000000Z,222,230,3.6036,11240,0.8695
TGL,2026-01-06T05:10:54.000000000Z,222,229,3.1532,27104,2.0966
TGL,2026-01-06T05:20:21.000000000Z,220.5,228.5,3.6281,14536,1.1244
TGL,2026-01-06T05:34:45.000000000Z,221.49,227,2.4877,10690,0.8269
TGL,2026-01-06T05:55:34.000000000Z,223.7,227,1.4752,20321,1.5719
TGL,2026-01-06T06:11:19.000000000Z,223.25,227.95,2.1053,30916,2.3915
TGL,2026-01-06T06:29:04.000000000Z,222.51,225,1.1191,17206,1.3309
TGL,2026-01-06T06:53:49.000000000Z,221.6,224.02,1.0921,14965,1.1576
TGL,2026-01-06T07:19:03.000000000Z,222.51,225.69,1.4291,8896,0.6881
TGL,2026-01-06T07:40:38.000000000Z,223,225.7,1.2108,11153,0.8627
TGL,2026-01-06T08:05:20.000000000Z,223.15,227.99,2.1689,8601,0.6653
TGL,2026-01-06T09:19:39.000000000Z,227.5,230,1.0989,19027,1.4718
TGL,2026-01-06T09:46:11.000000000Z,228.77,233,1.8490,41537,3.2130
TGL,2026-01-06T09:57:54.000000000Z,229,232,1.3100,10337,0.7996
TGL,2026-01-07T04:34:04.000000000Z,230,233.4,1.4783,9547,0.7385
TGL,2026-01-07T04:38:46.000000000Z,224,235,4.9107,10029,0.7758
TGL,2026-01-07T04:41:50.000000000Z,228,235,3.0702,7106,0.5497
TGL,2026-01-07T04:50:48.000000000Z,226.11,234,3.4895,29379,2.2726
TGL,2026-01-07T04:59:21.000000000Z,229.85,234.8,2.1536,13174,1.0191
TGL,2026-01-07T05:04:55.000000000Z,228.25,235,2.9573,4347,0.3363
TGL,2026-01-07T05:15:27.000000000Z,228,235,3.0702,20192,1.5619
TGL,2026-01-07T05:23:14.000000000Z,227.25,233.5,2.7503,14451,1.1178
TGL,2026-01-07T05:38:28.000000000Z,227,233.5,2.8634,15921,1.2315
TGL,2026-01-07T05:53:34.000000000Z,228,233.5,2.4123,19437,1.5035
TGL,2026-01-07T06:12:13.000000000Z,227,234.8,3.4361,18289,1.4147
TGL,2026-01-07T06:37:06.000000000Z,228,232,1.7544,12972,1.0034
TGL,2026-01-07T06:55:58.000000000Z,227,230.52,1.5507,5731,0.4433
TGL,2026-01-07T07:32:23.000000000Z,227.1,229.9,1.2329,11118,0.8600
TGL,2026-01-07T08:07:41.000000000Z,227,232.97,2.6300,192810,14.9145
TGL,2026-01-07T08:46:02.000000000Z,227.5,232,1.9780,9139,0.7069
TGL,2026-01-07T09:29:15.000000000Z,227.7,231,1.4493,10199,0.7889
TGL,2026-01-07T09:50:44.000000000Z,228.38,232.4,1.7602,7489,0.5793
TGL,2026-01-07T10:06:59.000000000Z,226.53,232,2.4147,10740,0.8308
TGL,2026-01-09T04:28:09.000000000Z,229,231.75,1.2009,672,0.0520
TGL,2026-01-09T11:16:37.000000000Z,233,236.8,1.6309,22564,1.7454
PRL,2026-01-05T04:40:53.000000000Z,38.01,38.4,1.0260,340532,2.2438
PRL,2026-01-05T05:30:21.000000000Z,37.86,38.45,1.5584,136773,0.9012
PRL,2026-01-05T05:32:27.000000000Z,37.75,38.59,2.2252,192691,1.2697
PRL,2026-01-05T05:34:00.000000000Z,37.8,38.56,2.0106,146984,0.9685
PRL,2026-01-05T05:36:07.000000000Z,37.85,38.55,1.8494,67610,0.4455
PRL,2026-01-05T05:38:52.000000000Z,37.81,38.49,1.7985,64714,0.4264
PRL,2026-01-05T05:41:19.000000000Z,37.86,38.41,1.4527,173735,1.1448
PRL,2026-01-05T05:44:42.000000000Z,37.95,38.36,1.0804,266080,1.7532
PRL,2026-01-05T06:51:06.000000000Z,37.96,38.36,1.0537,37461,0.2468
PRL,2026-01-05T06:53:59.000000000Z,38,38.39,1.0263,202360,1.3334
PRL,2026-01-08T10:17:34.000000000Z,38.11,38.85,1.9417,59707,0.3934
FCCL,2026-01-05T04:32:00.000000000Z,56.9,57.6,1.2302,182734,1.8352
FCCL,2026-01-05T04:33:44.000000000Z,56.93,57.6,1.1769,96139,0.9655
FCCL,2026-01-05T04:35:20.000000000Z,56.93,57.71,1.3701,150102,1.5075
FCCL,2026-01-05T04:54:14.000000000Z,56.8,57.56,1.3380,107283,1.0775
FCCL,2026-01-05T04:57:04.000000000Z,56.79,57.69,1.5848,58503,0.5876
FCCL,2026-01-05T04:59:46.000000000Z,56.76,57.71,1.6737,133851,1.3443
FCCL,2026-01-05T05:27:33.000000000Z,57,57.69,1.2105,74238,0.7456
FCCL,2026-01-05T05:29:41.000000000Z,57,57.65,1.1404,29506,0.2963
FCCL,2026-01-05T05:32:12.000000000Z,57.02,57.65,1.1049,127511,1.2806
FCCL,2026-01-05T05:49:58.000000000Z,57.33,57.95,1.0815,176182,1.7694
FCCL,2026-01-05T05:56:42.000000000Z,57.21,58.04,1.4508,189382,1.9020
FCCL,2026-01-05T05:58:47.000000000Z,57.41,58.25,1.4632,133528,1.3410
FCCL,2026-01-05T06:00:11.000000000Z,57.58,58.21,1.0941,67133,0.6742
FCCL,2026-01-05T06:01:59.000000000Z,57.51,58.17,1.1476,99908,1.0034
FCCL,2026-01-05T06:05:55.000000000Z,57.62,58.25,1.0934,322107,3.2350
FCCL,2026-01-05T06:08:38.000000000Z,57.85,58.45,1.0372,208219,2.0912
FCCL,2026-01-05T06:11:19.000000000Z,57.87,58.65,1.3478,261171,2.6230
FCCL,2026-01-05T06:12:59.000000000Z,57.96,58.6,1.1042,91347,0.9174
FCCL,2026-01-05T06:14:14.000000000Z,57.9,58.71,1.3990,200180,2.0104
FCCL,2026-01-05T06:16:03.000000000Z,57.9,58.66,1.3126,44029,0.4422
FCCL,2026-01-05T06:17:33.000000000Z,57.9,58.5,1.0363,153139,1.5380
FCCL,2026-01-05T06:19:32.000000000Z,57.88,58.55,1.1576,33344,0.3349
FCCL,2026-01-05T06:21:21.000000000Z,57.7,58.6,1.5598,49688,0.4990
FCCL,2026-01-05T06:22:50.000000000Z,57.72,58.55,1.4380,60028,0.6029
FCCL,2026-01-05T06:24:30.000000000Z,57.77,58.6,1.4367,45820,0.4602
FCCL,2026-01-05T06:26:58.000000000Z,57.78,58.43,1.1250,160871,1.6157
FCCL,2026-01-05T06:31:59.000000000Z,57.64,58.3,1.1450,122523,1.2305
FCCL,2026-01-05T06:34:06.000000000Z,57.64,58.37,1.2665,44827,0.4502
FCCL,2026-01-05T06:36:18.000000000Z,57.66,58.36,1.2140,33531,0.3368
FCCL,2026-01-05T06:38:53.000000000Z,57.55,58.4,1.4770,113324,1.1381
FCCL,2026-01-05T06:41:21.000000000Z,57.6,58.36,1.3194,51627,0.5185
FCCL,2026-01-05T06:44:56.000000000Z,57.74,58.52,1.3509,94139,0.9455
FCCL,2026-01-05T06:47:44.000000000Z,57.61,58.5,1.5449,107936,1.0840
FCCL,2026-01-05T06:50:50.000000000Z,57.6,58.5,1.5625,228868,2.2986
FCCL,2026-01-05T06:54:13.000000000Z,57.56,58.49,1.6157,113257,1.1375
FCCL,2026-01-05T06:57:02.000000000Z,57.74,58.45,1.2297,59683,0.5994
FCCL,2026-01-05T07:00:09.000000000Z,57.66,58.43,1.3354,69632,0.6993
FCCL,2026-01-05T07:04:14.000000000Z,57.74,58.42,1.1777,20161,0.2025
FCCL,2026-01-05T07:08:00.000000000Z,57.74,58.36,1.0738,24018,0.2412
FCCL,2026-01-05T07:11:38.000000000Z,57.69,58.35,1.1440,18691,0.1877
FCCL,2026-01-05T07:15:18.000000000Z,57.65,58.23,1.0061,102257,1.0270
FCCL,2026-01-05T07:18:32.000000000Z,57.57,58.2,1.0943,23937,0.2404
FCCL,2026-01-05T07:23:00.000000000Z,57.55,58.29,1.2858,95934,0.9635
IMAGE,2026-01-07T10:00:52.000000000Z,25.7,25.96,1.0117,261316,2.7806
IMAGE,2026-01-08T10:28:31.000000000Z,25.6,25.98,1.4844,220922,2.3508
KEL,2026-01-05T05:20:44.000000000Z,6.25,6.33,1.2800,258549,0.4181
KEL,2026-01-05T05:21:55.000000000Z,6.22,6.34,1.9293,132247,0.2138
KEL,2026-01-05T05:23:17.000000000Z,6.24,6.34,1.6026,884950,1.4309
KEL,2026-01-05T05:25:00.000000000Z,6.23,6.37,2.2472,273106,0.4416
KEL,2026-01-05T05:26:35.000000000Z,6.25,6.38,2.0800,475344,0.7686
KEL,2026-01-05T05:28:07.000000000Z,6.25,6.38,2.0800,375867,0.6077
KEL,2026-01-05T05:30:17.000000000Z,6.23,6.39,2.5682,1203529,1.9460
KEL,2026-01-05T05:32:07.000000000Z,6.25,6.39,2.2400,761480,1.2313
KEL,2026-01-05T05:33:50.000000000Z,6.25,6.39,2.2400,1144146,1.8500
KEL,2026-01-05T05:35:32.000000000Z,6.25,6.4,2.4000,1681641,2.7191
KEL,2026-01-05T05:37:20.000000000Z,6.25,6.42,2.7200,810649,1.3108
KEL,2026-01-05T05:40:14.000000000Z,6.24,6.43,3.0449,511917,0.8277
KEL,2026-01-05T05:42:39.000000000Z,6.25,6.46,3.3600,944002,1.5264
KEL,2026-01-05T05:44:52.000000000Z,6.25,6.46,3.3600,1140899,1.8447
KEL,2026-01-05T05:47:20.000000000Z,6.24,6.45,3.3654,341414,0.5520
KEL,2026-01-05T05:49:26.000000000Z,6.25,6.45,3.2000,509526,0.8239
KEL,2026-01-05T05:51:56.000000000Z,6.25,6.45,3.2000,669035,1.0818
KEL,2026-01-05T05:54:49.000000000Z,6.26,6.44,2.8754,451711,0.7304
KEL,2026-01-05T05:56:55.000000000Z,6.27,6.44,2.7113,219255,0.3545
KEL,2026-01-05T05:59:48.000000000Z,6.26,6.43,2.7157,192248,0.3109
KEL,2026-01-05T06:02:38.000000000Z,6.27,6.43,2.5518,293027,0.4738
KEL,2026-01-05T06:05:52.000000000Z,6.27,6.42,2.3923,635789,1.0280
KEL,2026-01-05T06:08:18.000000000Z,6.31,6.43,1.9017,642075,1.0382
KEL,2026-01-05T06:10:05.000000000Z,6.31,6.43,1.9017,298930,0.4833
KEL,2026-01-05T06:12:15.000000000Z,6.35,6.42,1.1024,1691217,2.7346
KEL,2026-01-05T06:13:31.000000000Z,6.35,6.42,1.1024,711896,1.1511
KEL,2026-01-05T06:14:57.000000000Z,6.33,6.41,1.2638,223108,0.3607
KEL,2026-01-05T06:16:48.000000000Z,6.33,6.4,1.1058,603626,0.9760
KEL,2026-01-05T06:26:16.000000000Z,6.32,6.4,1.2658,409822,0.6627
KEL,2026-01-05T06:28:39.000000000Z,6.32,6.4,1.2658,360976,0.5837
KEL,2026-01-05T06:31:26.000000000Z,6.32,6.4,1.2658,662609,1.0714
KEL,2026-01-05T06:34:20.000000000Z,6.31,6.41,1.5848,1263026,2.0422
KEL,2026-01-05T06:38:46.000000000Z,6.32,6.44,1.8987,880481,1.4237
KEL,2026-01-05T06:42:15.000000000Z,6.32,6.45,2.0570,300880,0.4865
KEL,2026-01-05T06:45:36.000000000Z,6.31,6.45,2.2187,443704,0.7174
KEL,2026-01-05T06:51:18.000000000Z,6.3,6.45,2.3810,392103,0.6340
KEL,2026-01-05T06:54:55.000000000Z,6.31,6.43,1.9017,1032844,1.6700
KEL,2026-01-05T06:58:55.000000000Z,6.31,6.45,2.2187,191580,0.3098
KEL,2026-01-05T07:02:50.000000000Z,6.32,6.44,1.8987,265080,0.4286
KEL,2026-01-05T07:07:16.000000000Z,6.32,6.43,1.7405,877452,1.4188
KEL,2026-01-05T07:11:37.000000000Z,6.31,6.44,2.0602,568680,0.9195
KEL,2026-01-05T07:15:21.000000000Z,6.28,6.43,2.3885,251235,0.4062
KEL,2026-01-05T07:17:27.000000000Z,6.27,6.45,2.8708,1372764,2.2197
KEL,2026-01-05T07:19:39.000000000Z,6.25,6.45,3.2000,1164343,1.8827
KEL,2026-01-05T07:21:04.000000000Z,6.24,6.45,3.3654,1048850,1.6959
KEL,2026-01-05T07:22:58.000000000Z,6.22,6.43,3.3762,1540141,2.4903
KEL,2026-01-05T07:24:06.000000000Z,6.23,6.44,3.3708,473366,0.7654
KEL,2026-01-05T07:25:57.000000000Z,6.22,6.44,3.5370,1400984,2.2653
KEL,2026-01-05T07:27:35.000000000Z,6.28,6.44,2.5478,266838,0.4315
KEL,2026-01-05T07:29:52.000000000Z,6.28,6.46,2.8662,786029,1.2710
KEL,2026-01-05T07:31:58.000000000Z,6.26,6.45,3.0351,1709584,2.7643
KEL,2026-01-05T07:34:56.000000000Z,6.26,6.45,3.0351,1180963,1.9095
KEL,2026-01-05T07:37:43.000000000Z,6.24,6.46,3.5256,406674,0.6576
KEL,2026-01-05T07:39:49.000000000Z,6.22,6.45,3.6977,398435,0.6442
KEL,2026-01-05T07:41:38.000000000Z,6.23,6.46,3.6918,986502,1.5951
KEL,2026-01-05T07:44:41.000000000Z,6.26,6.44,2.8754,228103,0.3688
KEL,2026-01-05T07:48:32.000000000Z,6.27,6.43,2.5518,243536,0.3938
KEL,2026-01-05T07:50:47.000000000Z,6.28,6.44,2.5478,579745,0.9374
KEL,2026-01-05T07:54:24.000000000Z,6.28,6.44,2.5478,182344,0.2948
KEL,2026-01-05T08:01:01.000000000Z,6.28,6.45,2.7070,2167644,3.5049
KEL,2026-01-05T08:03:43.000000000Z,6.26,6.43,2.7157,315659,0.5104
KEL,2026-01-05T08:08:55.000000000Z,6.26,6.44,2.8754,1812497,2.9307
KEL,2026-01-05T08:13:05.000000000Z,6.25,6.42,2.7200,542591,0.8773
KEL,2026-01-05T08:16:07.000000000Z,6.28,6.41,2.0701,274860,0.4444
KEL,2026-01-05T08:21:45.000000000Z,6.28,6.41,2.0701,410555,0.6638
KEL,2026-01-05T08:25:56.000000000Z,6.28,6.41,2.0701,379769,0.6141
KEL,2026-01-05T08:31:49.000000000Z,6.29,6.42,2.0668,739837,1.1963
KEL,2026-01-05T08:34:58.000000000Z,6.29,6.41,1.9078,396142,0.6405
KEL,2026-01-05T08:39:29.000000000Z,6.31,6.42,1.7433,1828246,2.9561
KEL,2026-01-05T08:41:33.000000000Z,6.3,6.42,1.9048,2918716,4.7193
KEL,2026-01-05T08:43:01.000000000Z,6.3,6.42,1.9048,993008,1.6056
KEL,2026-01-05T08:46:01.000000000Z,6.31,6.41,1.5848,214343,0.3466
KEL,2026-01-05T08:50:30.000000000Z,6.3,6.42,1.9048,260994,0.4220
KEL,2026-01-05T08:54:17.000000000Z,6.33,6.42,1.4218,322209,0.5210
KEL,2026-01-05T08:57:59.000000000Z,6.32,6.43,1.7405,277088,0.4480
KEL,2026-01-05T09:01:00.000000000Z,6.32,6.4,1.2658,538274,0.8703
KEL,2026-01-05T09:04:15.000000000Z,6.33,6.4,1.1058,2885485,4.6656
KEL,2026-01-05T09:56:16.000000000Z,6.36,6.45,1.4151,418387,0.6765
KEL,2026-01-05T09:58:31.000000000Z,6.36,6.45,1.4151,523302,0.8461
KEL,2026-01-05T10:01:30.000000000Z,6.37,6.47,1.5699,388974,0.6289
KEL,2026-01-05T10:04:34.000000000Z,6.37,6.48,1.7268,505408,0.8172
KEL,2026-01-05T10:17:56.000000000Z,6.37,6.44,1.0989,1036671,1.6762
KEL,2026-01-05T10:20:12.000000000Z,6.32,6.41,1.4241,1566000,2.5321
KEL,2026-01-05T10:27:27.000000000Z,6.32,6.39,1.1076,1063110,1.7190
KEL,2026-01-06T04:46:27.000000000Z,6.35,6.43,1.2598,457099,0.7391
KEL,2026-01-06T04:49:19.000000000Z,6.38,6.45,1.0972,1115659,1.8039
TRSM,2026-01-06T08:11:27.000000000Z,19.76,20.06,1.5182,58594,2.0222
TRSM,2026-01-06T08:27:48.000000000Z,19.86,20.12,1.3092,47552,1.6411
TRSM,2026-01-06T08:34:47.000000000Z,19.9,20.12,1.1055,68606,2.3677
TRSM,2026-01-07T05:17:31.000000000Z,19.85,20.2,1.7632,46961,1.6207
TRSM,2026-01-07T05:23:33.000000000Z,20.21,20.74,2.6225,49392,1.7046
TRSM,2026-01-07T05:26:34.000000000Z,20.6,20.98,1.8447,94677,3.2675
TRSM,2026-01-07T05:28:09.000000000Z,20.98,21.2,1.0486,122659,4.2332
TRSM,2026-01-07T06:11:05.000000000Z,20.73,21.08,1.6884,44550,1.5375
TRSM,2026-01-07T06:24:27.000000000Z,20.35,20.98,3.0958,10151,0.3503
TRSM,2026-01-07T08:06:09.000000000Z,20.44,20.7,1.2720,63766,2.2007
TRSM,2026-01-08T05:45:58.000000000Z,19.93,20.49,2.8098,20,0.0007
TRSM,2026-01-08T09:42:58.000000000Z,20.05,20.52,2.3441,1509,0.0521
TRSM,2026-01-09T06:21:40.000000000Z,20,20.21,1.0500,36990,1.2766
TRSM,2026-01-09T09:51:10.000000000Z,20.11,20.47,1.7902,34750,1.1993
TRSM,2026-01-09T10:14:58.000000000Z,20.88,21.15,1.2931,87344,3.0144
TRSM,2026-01-09T10:28:04.000000000Z,20.43,20.86,2.1047,13005,0.4488
BIPL,2026-01-09T10:32:10.000000000Z,33.1,33.46,1.0876,7000,0.1839
FLYNG,2026-01-05T04:32:59.000000000Z,55.15,57.4,4.0798,42023,1.4778
FLYNG,2026-01-05T04:39:37.000000000Z,55.05,56.3,2.2707,28788,1.0124
FLYNG,2026-01-05T04:53:55.000000000Z,55.55,56.26,1.2781,22263,0.7829
FLYNG,2026-01-07T08:03:23.000000000Z,57.31,58,1.2040,10172,0.3577
FLYNG,2026-01-08T04:39:39.000000000Z,54.2,57,5.1661,300,0.0105
FLYNG,2026-01-08T04:49:07.000000000Z,56.1,56.9,1.4260,2205,0.0775
FLYNG,2026-01-09T05:37:15.000000000Z,55.02,56.17,2.0901,697,0.0245
CRTM,2026-01-05T06:01:25.000000000Z,27.11,27.5,1.4386,29981,0.7548
CRTM,2026-01-08T10:06:11.000000000Z,26.5,26.99,1.8491,59411,1.4957
CRTM,2026-01-08T10:10:02.000000000Z,26.2,27.5,4.9618,52551,1.3230
CRTM,2026-01-08T10:15:52.000000000Z,26.9,27.5,2.2305,36427,0.9170
CRTM,2026-01-08T10:26:14.000000000Z,26.7,27.3,2.2472,18805,0.4734
CRTM,2026-01-09T10:19:49.000000000Z,26.65,26.99,1.2758,3604,0.0907
FFL,2026-01-05T04:32:00.000000000Z,21.56,21.99,1.9944,261491,0.9320
FFL,2026-01-05T04:32:58.000000000Z,21.55,21.85,1.3921,361239,1.2875
FFL,2026-01-05T04:34:05.000000000Z,21.5,21.85,1.6279,327359,1.1668
FFL,2026-01-05T04:35:14.000000000Z,21.35,21.81,2.1546,248022,0.8840
FFL,2026-01-05T04:36:55.000000000Z,21.39,21.88,2.2908,309640,1.1036
FFL,2026-01-05T04:38:16.000000000Z,21.36,21.82,2.1536,359274,1.2805
FFL,2026-01-05T04:39:35.000000000Z,21.39,21.85,2.1505,221128,0.7882
FFL,2026-01-05T04:40:52.000000000Z,21.36,21.84,2.2472,345452,1.2313
FFL,2026-01-05T04:42:09.000000000Z,21.28,21.85,2.6786,529426,1.8870
FFL,2026-01-05T04:56:27.000000000Z,21.41,21.92,2.3821,340171,1.2124
FFL,2026-01-05T04:57:40.000000000Z,21.4,21.9,2.3364,406462,1.4487
FFL,2026-01-05T04:59:18.000000000Z,21.43,21.92,2.2865,212782,0.7584
FFL,2026-01-05T05:01:27.000000000Z,21.44,21.9,2.1455,199248,0.7102
FFL,2026-01-05T05:21:37.000000000Z,21.45,21.92,2.1911,399579,1.4242
FFL,2026-01-05T05:24:30.000000000Z,21.4,21.93,2.4766,250092,0.8914
FFL,2026-01-05T05:26:48.000000000Z,21.4,21.94,2.5234,220009,0.7842
FFL,2026-01-05T05:28:52.000000000Z,21.39,21.93,2.5245,47118,0.1679
FFL,2026-01-05T05:31:31.000000000Z,21.38,21.9,2.4322,373299,1.3305
FFL,2026-01-05T05:33:02.000000000Z,21.29,21.91,2.9122,307464,1.0959
FFL,2026-01-05T05:34:30.000000000Z,21.3,21.93,2.9577,215362,0.7676
FFL,2026-01-05T05:36:08.000000000Z,21.35,21.92,2.6698,185281,0.6604
FFL,2026-01-05T05:38:17.000000000Z,21.35,21.98,2.9508,328114,1.1695
FFL,2026-01-05T05:40:17.000000000Z,21.28,22.06,3.6654,468156,1.6686
FFL,2026-01-05T05:42:09.000000000Z,21.26,22.07,3.8100,561933,2.0029
FFL,2026-01-05T05:43:53.000000000Z,21.3,21.98,3.1925,480650,1.7131
FFL,2026-01-05T05:45:57.000000000Z,21.38,22.04,3.0870,502998,1.7928
FFL,2026-01-05T05:47:55.000000000Z,21.35,22.05,3.2787,232217,0.8277
FFL,2026-01-05T05:49:33.000000000Z,21.27,22.02,3.5261,327153,1.1660
FFL,2026-01-05T05:50:39.000000000Z,21.32,21.97,3.0488,233751,0.8331
FFL,2026-01-05T05:52:40.000000000Z,21.35,21.94,2.7635,93118,0.3319
FFL,2026-01-05T05:55:31.000000000Z,21.34,21.95,2.8585,241193,0.8597
FFL,2026-01-05T05:58:19.000000000Z,21.34,21.98,2.9991,206012,0.7343
FFL,2026-01-05T06:01:30.000000000Z,21.33,21.99,3.0942,117248,0.4179
FFL,2026-01-05T06:05:03.000000000Z,21.34,22.06,3.3739,242227,0.8634
FFL,2026-01-05T06:07:38.000000000Z,21.29,21.98,3.2410,342626,1.2212
FFL,2026-01-05T06:09:47.000000000Z,21.27,21.95,3.1970,52428,0.1869
FFL,2026-01-05T06:11:11.000000000Z,21.26,21.94,3.1985,225840,0.8049
FFL,2026-01-05T06:12:38.000000000Z,21.22,21.88,3.1103,389013,1.3865
FFL,2026-01-05T06:14:09.000000000Z,21.24,21.9,3.1073,186556,0.6649
FFL,2026-01-05T06:16:18.000000000Z,21.24,21.93,3.2486,53674,0.1913
FFL,2026-01-05T06:18:50.000000000Z,21.25,21.91,3.1059,77943,0.2778
FFL,2026-01-05T06:22:18.000000000Z,21.29,21.91,2.9122,111093,0.3960
FFL,2026-01-05T06:24:22.000000000Z,21.3,21.94,3.0047,430006,1.5326
FFL,2026-01-05T06:27:11.000000000Z,21.35,21.92,2.6698,141126,0.5030
FFL,2026-01-05T06:30:53.000000000Z,21.27,21.94,3.1500,57526,0.2050
FFL,2026-01-05T06:33:50.000000000Z,21.3,21.94,3.0047,167088,0.5955
FFL,2026-01-05T06:35:48.000000000Z,21.26,21.98,3.3866,261744,0.9329
FFL,2026-01-05T06:38:53.000000000Z,21.22,21.92,3.2988,319888,1.1402
FFL,2026-01-05T06:40:54.000000000Z,21.18,21.98,3.7771,165788,0.5909
FFL,2026-01-05T06:42:33.000000000Z,21.2,21.95,3.5377,163177,0.5816
FFL,2026-01-05T06:44:13.000000000Z,21.21,21.99,3.6775,48937,0.1744
FFL,2026-01-05T06:46:37.000000000Z,21.2,21.94,3.4906,168056,0.5990
FFL,2026-01-05T06:49:27.000000000Z,21.18,21.94,3.5883,112241,0.4001
FFL,2026-01-05T06:51:54.000000000Z,21.19,21.95,3.5866,167440,0.5968
FFL,2026-01-05T06:54:50.000000000Z,21.17,21.94,3.6372,192125,0.6848
FFL,2026-01-05T06:57:28.000000000Z,21.17,21.99,3.8734,223636,0.7971
FFL,2026-01-05T06:59:39.000000000Z,21.17,21.96,3.7317,125578,0.4476
FFL,2026-01-05T07:01:25.000000000Z,21.17,21.98,3.8262,212822,0.7585
FFL,2026-01-05T07:04:04.000000000Z,21.17,22.01,3.9679,261980,0.9338
FFL,2026-01-05T07:06:01.000000000Z,21.13,22.06,4.4013,353455,1.2598
FFL,2026-01-05T07:07:25.000000000Z,21.12,22.21,5.1610,566601,2.0195
FFL,2026-01-05T07:09:10.000000000Z,21.15,22.2,4.9645,594429,2.1187
FFL,2026-01-05T07:11:03.000000000Z,21.16,22.4,5.8601,1453182,5.1795
FFL,2026-01-05T07:13:17.000000000Z,21.16,22.38,5.7656,611347,2.1790
FFL,2026-01-05T07:15:33.000000000Z,21.14,22.25,5.2507,418433,1.4914
FFL,2026-01-05T07:18:24.000000000Z,21.15,22.31,5.4846,210813,0.7514
FFL,2026-01-05T07:20:13.000000000Z,21.13,22.35,5.7738,507545,1.8090
FFL,2026-01-05T07:22:57.000000000Z,21.11,22.35,5.8740,244397,0.8711
FFL,2026-01-05T07:25:40.000000000Z,21.15,22.37,5.7683,186917,0.6662
FFL,2026-01-05T07:28:48.000000000Z,21.14,22.4,5.9603,796205,2.8379
FFL,2026-01-05T07:31:30.000000000Z,21.2,22.34,5.3774,408888,1.4574
FFL,2026-01-05T07:33:19.000000000Z,21.2,22.3,5.1887,444937,1.5859
FFL,2026-01-05T07:36:05.000000000Z,21.15,22.3,5.4374,126042,0.4492
FFL,2026-01-05T07:37:57.000000000Z,21.19,22.31,5.2855,64379,0.2295
FFL,2026-01-05T07:40:56.000000000Z,21.22,22.33,5.2309,146321,0.5215
FFL,2026-01-05T07:44:37.000000000Z,21.22,22.24,4.8068,199884,0.7124
FFL,2026-01-05T07:47:47.000000000Z,21.3,22.17,4.0845,79425,0.2831
FFL,2026-01-05T07:49:33.000000000Z,21.26,22.16,4.2333,375081,1.3369
FFL,2026-01-05T07:51:28.000000000Z,21.3,22.25,4.4601,145951,0.5202
FFL,2026-01-05T07:53:34.000000000Z,21.31,22.15,3.9418,172034,0.6132
FFL,2026-01-05T07:57:00.000000000Z,21.29,22.2,4.2743,110477,0.3938
FFL,2026-01-05T08:00:39.000000000Z,21.32,22.2,4.1276,109245,0.3894
FFL,2026-01-05T08:03:31.000000000Z,21.22,22.18,4.5240,174467,0.6218
FFL,2026-01-05T08:07:32.000000000Z,21.27,22.23,4.5134,207286,0.7388
FFL,2026-01-05T08:12:52.000000000Z,21.3,22.27,4.5540,119953,0.4275
FFL,2026-01-05T08:17:33.000000000Z,21.24,22.34,5.1789,112577,0.4013
FFL,2026-01-05T08:22:01.000000000Z,21.28,22.36,5.0752,270345,0.9636
FFL,2026-01-05T08:27:22.000000000Z,21.23,22.35,5.2756,211435,0.7536
FFL,2026-01-05T08:31:02.000000000Z,21.24,22.35,5.2260,165821,0.5910
FFL,2026-01-05T08:34:01.000000000Z,21.23,22.39,5.4640,69209,0.2467
FFL,2026-01-05T08:38:36.000000000Z,21.23,22.43,5.6524,331118,1.1802
FFL,2026-01-05T08:42:29.000000000Z,21.25,22.6,6.3529,2189974,7.8056
FFL,2026-01-05T08:47:25.000000000Z,21.28,22.6,6.2030,1307705,4.6610
FFL,2026-01-05T08:50:57.000000000Z,21.15,22.53,6.5248,747271,2.6634
FFL,2026-01-05T08:52:48.000000000Z,21.22,22.57,6.3619,533787,1.9025
FFL,2026-01-05T08:55:35.000000000Z,21.17,22.55,6.5187,246267,0.8778
FFL,2026-01-05T08:58:24.000000000Z,21.16,22.57,6.6635,350808,1.2504
FFL,2026-01-05T09:01:09.000000000Z,21.2,22.59,6.5566,275640,0.9824
FFL,2026-01-05T09:05:07.000000000Z,21.17,22.69,7.1800,502977,1.7927
FFL,2026-01-05T09:07:08.000000000Z,21.18,22.61,6.7517,369983,1.3187
FFL,2026-01-05T09:09:39.000000000Z,21.21,22.5,6.0820,488884,1.7425
FFL,2026-01-05T09:12:57.000000000Z,21.2,22.5,6.1321,467392,1.6659
FFL,2026-01-05T09:16:36.000000000Z,21.25,22.44,5.6000,101517,0.3618
FFL,2026-01-05T09:19:13.000000000Z,21.24,22.43,5.6026,157299,0.5607
FFL,2026-01-05T09:21:25.000000000Z,21.2,22.48,6.0377,193332,0.6891
FFL,2026-01-05T09:24:23.000000000Z,21.27,22.47,5.6417,184742,0.6585
FFL,2026-01-05T09:26:38.000000000Z,21.28,22.42,5.3571,163399,0.5824
FFL,2026-01-05T09:29:24.000000000Z,21.23,22.38,5.4169,71393,0.2545
FFL,2026-01-05T09:31:47.000000000Z,21.25,22.41,5.4588,224198,0.7991
FFL,2026-01-05T09:35:11.000000000Z,21.24,22.41,5.5085,128351,0.4575
FFL,2026-01-05T09:38:20.000000000Z,21.23,22.38,5.4169,218761,0.7797
FFL,2026-01-05T09:41:01.000000000Z,21.19,22.37,5.5687,130386,0.4647
FFL,2026-01-05T09:43:33.000000000Z,21.21,22.34,5.3277,261195,0.9310
FFL,2026-01-05T09:45:35.000000000Z,21.21,22.35,5.3748,217432,0.7750
FFL,2026-01-05T09:47:46.000000000Z,21.2,22.4,5.6604,307282,1.0952
FFL,2026-01-05T09:50:19.000000000Z,21.17,22.42,5.9046,233470,0.8321
FFL,2026-01-05T09:52:38.000000000Z,21.18,22.53,6.3739,534435,1.9049
FFL,2026-01-05T09:54:54.000000000Z,21.12,22.54,6.7235,543660,1.9377
FFL,2026-01-05T09:56:16.000000000Z,21.1,22.52,6.7299,716518,2.5538
FFL,2026-01-05T09:57:56.000000000Z,21.17,22.58,6.6604,251687,0.8971
FFL,2026-01-05T09:59:50.000000000Z,21.16,22.57,6.6635,297210,1.0593
FFL,2026-01-05T10:02:32.000000000Z,21.16,22.64,6.9943,431153,1.5367
FFL,2026-01-05T10:05:04.000000000Z,21.15,22.81,7.8487,2038015,7.2640
FFL,2026-01-05T10:08:11.000000000Z,21.11,22.75,7.7688,1392229,4.9622
FFL,2026-01-05T10:10:04.000000000Z,21.15,22.65,7.0922,412490,1.4702
FFL,2026-01-05T10:13:32.000000000Z,21.14,22.63,7.0482,479988,1.7108
FFL,2026-01-05T10:15:56.000000000Z,21.13,22.62,7.0516,370061,1.3190
FFL,2026-01-05T10:18:05.000000000Z,21.1,22.6,7.1090,272878,0.9726
FFL,2026-01-05T10:19:43.000000000Z,21.15,22.56,6.6667,217757,0.7761
FFL,2026-01-05T10:22:04.000000000Z,21.14,22.55,6.6698,221478,0.7894
FFL,2026-01-05T10:24:17.000000000Z,21.14,22.58,6.8117,286279,1.0204
FFL,2026-01-05T10:26:04.000000000Z,21.08,22.64,7.4004,582614,2.0766
FFL,2026-01-05T10:27:31.000000000Z,21.07,22.58,7.1666,234696,0.8365
FFL,2026-01-05T10:29:02.000000000Z,21.13,22.57,6.8150,798292,2.8453
FFL,2026-01-05T10:36:54.000000000Z,21.09,22.58,7.0650,204950,0.7305
FFL,2026-01-06T04:33:10.000000000Z,21.2,22.55,6.3679,65536,0.2336
FFL,2026-01-06T04:34:36.000000000Z,21.11,22.56,6.8688,89449,0.3188
FFL,2026-01-06T04:36:25.000000000Z,21.06,22.7,7.7873,780258,2.7810
FFL,2026-01-06T04:37:59.000000000Z,21.1,22.75,7.8199,516857,1.8422
FFL,2026-01-06T04:39:22.000000000Z,21.02,22.78,8.3730,437629,1.5598
FFL,2026-01-06T04:40:36.000000000Z,21.06,22.65,7.5499,487536,1.7377
FFL,2026-01-06T04:41:57.000000000Z,21.05,22.69,7.7910,132243,0.4713
FFL,2026-01-06T04:43:53.000000000Z,21.06,22.71,7.8348,545333,1.9437
FFL,2026-01-06T04:45:31.000000000Z,21.06,22.85,8.4995,1292505,4.6068
FFL,2026-01-06T04:46:50.000000000Z,21.07,22.85,8.4480,2118001,7.5491
FFL,2026-01-06T04:48:22.000000000Z,21.09,22.83,8.2504,804463,2.8673
FFL,2026-01-06T04:50:02.000000000Z,21.08,22.74,7.8748,339353,1.2095
FFL,2026-01-06T04:51:36.000000000Z,21.07,22.74,7.9260,164560,0.5865
FFL,2026-01-06T04:53:26.000000000Z,21.05,22.71,7.8860,127950,0.4560
FFL,2026-01-06T04:55:11.000000000Z,21.05,22.82,8.4086,448712,1.5993
FFL,2026-01-06T04:57:07.000000000Z,21.01,22.85,8.7577,626852,2.2342
FFL,2026-01-06T04:58:45.000000000Z,20.97,22.88,9.1082,591049,2.1066
FFL,2026-01-06T05:00:12.000000000Z,20.95,22.87,9.1647,192384,0.6857
FFL,2026-01-06T05:01:52.000000000Z,20.9,22.9,9.5694,717259,2.5565
FFL,2026-01-06T05:03:08.000000000Z,20.93,22.83,9.0779,511794,1.8242
FFL,2026-01-06T05:04:25.000000000Z,20.94,22.84,9.0735,167230,0.5960
FFL,2026-01-06T05:06:07.000000000Z,21,22.86,8.8571,320639,1.1428
FFL,2026-01-06T05:07:44.000000000Z,20.98,22.84,8.8656,305388,1.0885
FFL,2026-01-06T05:08:55.000000000Z,20.95,22.78,8.7351,191533,0.6827
FFL,2026-01-06T05:10:13.000000000Z,20.92,22.75,8.7476,209547,0.7469
FFL,2026-01-06T05:11:31.000000000Z,20.9,22.76,8.8995,323652,1.1536
FFL,2026-01-06T05:12:52.000000000Z,20.9,22.75,8.8517,135115,0.4816
FFL,2026-01-06T05:14:34.000000000Z,20.95,22.77,8.6874,168377,0.6001
FFL,2026-01-06T05:16:20.000000000Z,20.92,22.75,8.7476,240111,0.8558
FFL,2026-01-06T05:18:00.000000000Z,20.85,22.73,9.0168,173227,0.6174
FFL,2026-01-06T05:19:51.000000000Z,20.9,22.69,8.5646,111193,0.3963
FFL,2026-01-06T05:21:39.000000000Z,20.85,22.62,8.4892,192014,0.6844
FFL,2026-01-06T05:23:11.000000000Z,20.84,22.62,8.5413,105944,0.3776
FFL,2026-01-06T05:24:28.000000000Z,20.83,22.62,8.5934,524722,1.8702
FFL,2026-01-06T05:26:10.000000000Z,20.75,22.62,9.0120,227318,0.8102
FFL,2026-01-06T05:27:28.000000000Z,20.75,22.63,9.0602,168811,0.6017
FFL,2026-01-06T05:28:41.000000000Z,20.78,22.62,8.8547,137246,0.4892
FFL,2026-01-06T05:30:18.000000000Z,20.8,22.63,8.7981,223126,0.7953
FFL,2026-01-06T05:31:56.000000000Z,20.8,22.63,8.7981,174542,0.6221
FFL,2026-01-06T05:33:21.000000000Z,20.8,22.6,8.6538,109307,0.3896
FFL,2026-01-06T05:34:37.000000000Z,20.8,22.62,8.7500,111645,0.3979
FFL,2026-01-06T05:35:58.000000000Z,20.82,22.6,8.5495,253952,0.9051
FFL,2026-01-06T05:37:03.000000000Z,20.9,22.58,8.0383,107027,0.3815
FFL,2026-01-06T05:38:13.000000000Z,20.86,22.56,8.1496,125815,0.4484
FFL,2026-01-06T05:39:31.000000000Z,20.88,22.56,8.0460,105159,0.3748
FFL,2026-01-06T05:41:13.000000000Z,20.88,22.56,8.0460,67175,0.2394
FFL,2026-01-06T05:43:06.000000000Z,20.87,22.56,8.0977,274483,0.9783
FFL,2026-01-06T05:45:06.000000000Z,20.83,22.54,8.2093,171122,0.6099
FFL,2026-01-06T05:46:58.000000000Z,20.83,22.58,8.4013,174195,0.6209
FFL,2026-01-06T05:49:10.000000000Z,20.85,22.56,8.2014,105060,0.3745
FFL,2026-01-06T05:51:29.000000000Z,20.94,22.56,7.7364,173260,0.6175
FFL,2026-01-06T05:53:18.000000000Z,20.9,22.56,7.9426,36501,0.1301
FFL,2026-01-06T05:55:28.000000000Z,20.91,22.59,8.0344,336674,1.2000
FFL,2026-01-06T05:57:42.000000000Z,20.92,22.59,7.9828,228534,0.8145
FFL,2026-01-06T05:59:41.000000000Z,21.01,22.57,7.4250,128432,0.4578
FFL,2026-01-06T06:01:27.000000000Z,21,22.58,7.5238,85948,0.3063
FFL,2026-01-06T06:03:13.000000000Z,20.95,22.57,7.7327,25992,0.0926
FFL,2026-01-06T06:04:42.000000000Z,20.96,22.58,7.7290,97166,0.3463
FFL,2026-01-06T06:06:31.000000000Z,20.98,22.59,7.6740,237044,0.8449
FFL,2026-01-06T06:08:38.000000000Z,20.98,22.59,7.6740,141366,0.5039
FFL,2026-01-06T06:10:38.000000000Z,20.93,22.55,7.7401,137856,0.4914
FFL,2026-01-06T06:12:48.000000000Z,20.92,22.55,7.7916,127809,0.4555
FFL,2026-01-06T06:15:15.000000000Z,20.91,22.56,7.8910,56565,0.2016
FFL,2026-01-06T06:17:32.000000000Z,20.92,22.56,7.8394,85539,0.3049
FFL,2026-01-06T06:19:18.000000000Z,20.87,22.55,8.0498,76290,0.2719
FFL,2026-01-06T06:21:03.000000000Z,20.87,22.55,8.0498,50163,0.1788
FFL,2026-01-06T06:23:14.000000000Z,20.88,22.56,8.0460,72882,0.2598
FFL,2026-01-06T06:25:30.000000000Z,20.88,22.6,8.2375,292812,1.0437
FFL,2026-01-06T06:29:07.000000000Z,20.88,22.6,8.2375,274306,0.9777
FFL,2026-01-06T06:31:33.000000000Z,20.9,22.6,8.1340,180321,0.6427
FFL,2026-01-06T06:34:26.000000000Z,20.9,22.6,8.1340,145899,0.5200
FFL,2026-01-06T06:37:44.000000000Z,20.91,22.62,8.1779,199543,0.7112
FFL,2026-01-06T06:39:34.000000000Z,20.98,22.72,8.2936,444222,1.5833
FFL,2026-01-06T06:42:12.000000000Z,20.97,22.76,8.5360,172963,0.6165
FFL,2026-01-06T06:45:54.000000000Z,20.94,22.88,9.2646,735723,2.6223
FFL,2026-01-06T06:49:44.000000000Z,20.92,22.75,8.7476,552081,1.9677
FFL,2026-01-06T06:53:54.000000000Z,20.9,22.74,8.8038,134429,0.4791
FFL,2026-01-06T06:57:40.000000000Z,20.9,22.77,8.9474,364943,1.3007
FFL,2026-01-06T07:02:55.000000000Z,20.94,22.73,8.5482,256221,0.9132
FFL,2026-01-06T07:06:36.000000000Z,20.96,22.72,8.3969,42793,0.1525
FFL,2026-01-06T07:09:12.000000000Z,20.97,22.73,8.3929,199302,0.7104
FFL,2026-01-06T07:12:41.000000000Z,20.98,22.72,8.2936,62674,0.2234
FFL,2026-01-06T07:17:21.000000000Z,20.99,22.62,7.7656,73032,0.2603
FFL,2026-01-06T07:20:20.000000000Z,20.98,22.63,7.8646,60779,0.2166
FFL,2026-01-06T07:23:33.000000000Z,20.95,22.7,8.3532,98418,0.3508
FFL,2026-01-06T07:27:33.000000000Z,21,22.91,9.0952,1461152,5.2079
FFL,2026-01-06T07:32:14.000000000Z,20.96,22.8,8.7786,194015,0.6915
FFL,2026-01-06T07:36:20.000000000Z,20.93,22.83,9.0779,671714,2.3941
FFL,2026-01-06T07:39:06.000000000Z,20.93,22.79,8.8868,61841,0.2204
FFL,2026-01-06T07:44:28.000000000Z,20.95,22.63,8.0191,213009,0.7592
FFL,2026-01-06T07:48:59.000000000Z,20.95,22.61,7.9236,393638,1.4030
FFL,2026-01-06T07:53:56.000000000Z,20.94,22.63,8.0707,399664,1.4245
FFL,2026-01-06T07:58:13.000000000Z,20.94,22.6,7.9274,63844,0.2276
FFL,2026-01-06T08:02:23.000000000Z,20.94,22.46,7.2588,688144,2.4527
FFL,2026-01-06T08:06:21.000000000Z,20.99,22.34,6.4316,676871,2.4125
FFL,2026-01-06T08:09:00.000000000Z,20.94,22.41,7.0201,265419,0.9460
FFL,2026-01-06T08:12:09.000000000Z,20.88,22.35,7.0402,349127,1.2444
FFL,2026-01-06T08:13:41.000000000Z,20.82,22.3,7.1085,197880,0.7053
FFL,2026-01-06T08:15:43.000000000Z,20.83,22.33,7.2012,234031,0.8341
FFL,2026-01-06T08:17:34.000000000Z,20.82,22.35,7.3487,102140,0.3641
FFL,2026-01-06T08:20:44.000000000Z,20.82,22.37,7.4448,330236,1.1770
FFL,2026-01-06T08:23:45.000000000Z,20.83,22.3,7.0571,254293,0.9064
FFL,2026-01-06T08:26:40.000000000Z,20.9,22.27,6.5550,121886,0.4344
FFL,2026-01-06T08:29:40.000000000Z,20.92,22.34,6.7878,716803,2.5549
FFL,2026-01-06T08:35:08.000000000Z,20.87,22.36,7.1394,204978,0.7306
FFL,2026-01-06T08:37:01.000000000Z,20.89,22.38,7.1326,135711,0.4837
FFL,2026-01-06T08:40:25.000000000Z,20.93,22.35,6.7845,796469,2.8388
FFL,2026-01-06T08:43:52.000000000Z,21.05,22.32,6.0333,369340,1.3164
FFL,2026-01-06T08:44:56.000000000Z,21.09,22.32,5.8321,908786,3.2391
FFL,2026-01-06T08:45:52.000000000Z,21.16,22.32,5.4820,489931,1.7462
FFL,2026-01-06T08:46:50.000000000Z,21.06,22.32,5.9829,131223,0.4677
FFL,2026-01-06T08:47:56.000000000Z,21.1,22.35,5.9242,112217,0.4000
FFL,2026-01-06T08:49:08.000000000Z,21.1,22.39,6.1137,202459,0.7216
FFL,2026-01-06T08:50:31.000000000Z,21.19,22.48,6.0878,113319,0.4039
FFL,2026-01-06T08:51:57.000000000Z,21.12,22.47,6.3920,249299,0.8886
FFL,2026-01-06T08:53:31.000000000Z,21.2,22.56,6.4151,282670,1.0075
FFL,2026-01-06T08:54:48.000000000Z,21.2,22.4,5.6604,831314,2.9630
FFL,2026-01-06T08:56:05.000000000Z,21.14,22.28,5.3926,415136,1.4796
FFL,2026-01-06T08:57:29.000000000Z,21.1,22.12,4.8341,1027046,3.6606
FFL,2026-01-06T08:59:06.000000000Z,21.07,22.18,5.2682,702764,2.5048
FFL,2026-01-06T09:00:30.000000000Z,21.03,22.19,5.5159,303643,1.0823
FFL,2026-01-06T09:02:13.000000000Z,21.14,22.35,5.7237,147228,0.5248
FFL,2026-01-06T09:05:17.000000000Z,21.06,22.2,5.4131,126663,0.4515
FFL,2026-01-06T09:08:54.000000000Z,21.05,22.2,5.4632,207780,0.7406
FFL,2026-01-06T09:12:15.000000000Z,21.05,22.12,5.0831,283760,1.0114
FFL,2026-01-06T09:14:39.000000000Z,21,22.07,5.0952,535806,1.9097
FFL,2026-01-06T09:17:08.000000000Z,20.97,22.05,5.1502,778117,2.7734
FFL,2026-01-06T09:19:19.000000000Z,21,22.03,4.9048,660047,2.3526
FFL,2026-01-06T09:24:01.000000000Z,21.01,22.05,4.9500,785716,2.8005
FFL,2026-01-06T09:28:06.000000000Z,21,22.07,5.0952,198626,0.7079
FFL,2026-01-06T09:30:45.000000000Z,20.95,22.11,5.5370,181208,0.6459
FFL,2026-01-06T09:33:14.000000000Z,20.94,22.15,5.7784,178772,0.6372
FFL,2026-01-06T09:36:26.000000000Z,20.96,22.14,5.6298,179519,0.6398
FFL,2026-01-06T09:40:18.000000000Z,20.99,22.15,5.5264,167534,0.5971
FFL,2026-01-06T09:44:43.000000000Z,21.01,22.13,5.3308,233665,0.8328
FFL,2026-01-06T09:49:09.000000000Z,21.02,22.19,5.5661,648779,2.3124
FFL,2026-01-06T09:51:19.000000000Z,21.09,22.17,5.1209,296287,1.0560
FFL,2026-01-06T09:53:49.000000000Z,21.08,22.2,5.3131,303866,1.0830
FFL,2026-01-06T09:57:01.000000000Z,21.14,22.21,5.0615,264339,0.9422
FFL,2026-01-06T09:59:42.000000000Z,21.07,22.23,5.5055,304579,1.0856
FFL,2026-01-06T10:03:08.000000000Z,21.07,22.3,5.8377,333008,1.1869
FFL,2026-01-06T10:06:19.000000000Z,21.12,22.35,5.8239,271643,0.9682
FFL,2026-01-06T10:09:17.000000000Z,21.11,22.41,6.1582,271917,0.9692
FFL,2026-01-06T10:12:48.000000000Z,21.05,22.41,6.4608,55768,0.1988
FFL,2026-01-06T10:16:38.000000000Z,21.07,22.31,5.8851,495832,1.7673
FFL,2026-01-06T10:19:13.000000000Z,21.05,22.34,6.1283,228800,0.8155
FFL,2026-01-06T10:21:30.000000000Z,21.02,22.35,6.3273,252024,0.8983
FFL,2026-01-06T10:24:46.000000000Z,21.05,22.33,6.0808,104214,0.3714
FFL,2026-01-06T10:27:32.000000000Z,21.01,22.3,6.1399,415905,1.4824
FFL,2026-01-06T10:28:59.000000000Z,20.9,22.22,6.3158,222490,0.7930
FFL,2026-01-06T10:43:32.000000000Z,21.04,22.27,5.8460,1031442,3.6763
FFL,2026-01-07T04:32:49.000000000Z,21.71,22.25,2.4873,310877,1.1080
FFL,2026-01-07T04:33:39.000000000Z,21.61,22.2,2.7302,366518,1.3064
FFL,2026-01-07T04:34:33.000000000Z,21.59,22.19,2.7791,261046,0.9304
FFL,2026-01-07T04:35:30.000000000Z,21.55,22.21,3.0626,350845,1.2505
FFL,2026-01-07T04:36:22.000000000Z,21.49,22.16,3.1177,141273,0.5035
FFL,2026-01-07T04:37:22.000000000Z,21.45,22.2,3.4965,85123,0.3034
FFL,2026-01-07T04:38:28.000000000Z,21.47,22.17,3.2604,82938,0.2956
FFL,2026-01-07T04:39:31.000000000Z,21.47,22.22,3.4932,160609,0.5724
FFL,2026-01-07T04:40:29.000000000Z,21.44,22.2,3.5448,94982,0.3385
FFL,2026-01-07T04:41:35.000000000Z,21.4,22.22,3.8318,284885,1.0154
FFL,2026-01-07T04:42:54.000000000Z,21.48,22.21,3.3985,230070,0.8200
FFL,2026-01-07T04:44:10.000000000Z,21.45,22.3,3.9627,543956,1.9388
FFL,2026-01-07T04:45:20.000000000Z,21.5,22.31,3.7674,135742,0.4838
FFL,2026-01-07T04:46:17.000000000Z,21.55,22.35,3.7123,176193,0.6280
FFL,2026-01-07T04:47:16.000000000Z,21.55,22.39,3.8979,177884,0.6340
FFL,2026-01-07T04:48:11.000000000Z,21.5,22.37,4.0465,409948,1.4612
FFL,2026-01-07T04:49:08.000000000Z,21.41,22.34,4.3438,365126,1.3014
FFL,2026-01-07T04:50:07.000000000Z,21.45,22.32,4.0559,184913,0.6591
FFL,2026-01-07T04:51:18.000000000Z,21.46,22.35,4.1473,179842,0.6410
FFL,2026-01-07T04:52:28.000000000Z,21.42,22.38,4.4818,134937,0.4809
FFL,2026-01-07T04:53:47.000000000Z,21.47,22.39,4.2850,90351,0.3220
FFL,2026-01-07T04:55:12.000000000Z,21.49,22.35,4.0019,798074,2.8445
FFL,2026-01-07T04:56:19.000000000Z,21.55,22.39,3.8979,417032,1.4864
FFL,2026-01-07T04:57:19.000000000Z,21.58,22.3,3.3364,180865,0.6446
FFL,2026-01-07T04:58:20.000000000Z,21.6,22.26,3.0556,487963,1.7392
FFL,2026-01-07T04:59:16.000000000Z,21.64,22.38,3.4196,313851,1.1186
FFL,2026-01-07T05:00:13.000000000Z,21.66,22.37,3.2779,613640,2.1872
FFL,2026-01-07T05:01:11.000000000Z,21.66,22.35,3.1856,320007,1.1406
FFL,2026-01-07T05:02:07.000000000Z,21.6,22.29,3.1944,519275,1.8508
FFL,2026-01-07T05:03:08.000000000Z,21.54,22.25,3.2962,156418,0.5575
FFL,2026-01-07T05:04:06.000000000Z,21.54,22.2,3.0641,87980,0.3136
FFL,2026-01-07T05:05:10.000000000Z,21.52,22.17,3.0204,227568,0.8111
FFL,2026-01-07T05:06:29.000000000Z,21.53,22.23,3.2513,174543,0.6221
FFL,2026-01-07T05:07:41.000000000Z,21.53,22.25,3.3442,99079,0.3531
FFL,2026-01-07T05:09:08.000000000Z,21.53,22.24,3.2977,127648,0.4550
FFL,2026-01-07T05:10:41.000000000Z,21.51,22.15,2.9754,201212,0.7172
FFL,2026-01-07T05:12:17.000000000Z,21.45,22.11,3.0769,118632,0.4228
FFL,2026-01-07T05:13:49.000000000Z,21.49,22.14,3.0247,83854,0.2989
FFL,2026-01-07T05:15:30.000000000Z,21.43,22.2,3.5931,94278,0.3360
FFL,2026-01-07T05:16:52.000000000Z,21.45,22.18,3.4033,47235,0.1684
FFL,2026-01-07T05:18:42.000000000Z,21.45,22.21,3.5431,76562,0.2729
FFL,2026-01-07T05:20:33.000000000Z,21.45,22.23,3.6364,245287,0.8743
FFL,2026-01-07T05:22:17.000000000Z,21.49,22.25,3.5365,48051,0.1713
FFL,2026-01-07T05:23:59.000000000Z,21.5,22.23,3.3953,72678,0.2590
FFL,2026-01-07T05:25:56.000000000Z,21.46,22.22,3.5415,127529,0.4545
FFL,2026-01-07T05:27:49.000000000Z,21.46,22.2,3.4483,437526,1.5594
FFL,2026-01-07T05:30:17.000000000Z,21.47,22.18,3.3069,139265,0.4964
FFL,2026-01-07T05:32:28.000000000Z,21.47,22.17,3.2604,97739,0.3484
FFL,2026-01-07T05:34:29.000000000Z,21.5,22.17,3.1163,94404,0.3365
FFL,2026-01-07T05:36:25.000000000Z,21.45,22.09,2.9837,263385,0.9388
FFL,2026-01-07T05:38:47.000000000Z,21.45,21.98,2.4709,693120,2.4704
FFL,2026-01-07T05:40:35.000000000Z,21.47,21.94,2.1891,250340,0.8923
FFL,2026-01-07T05:42:59.000000000Z,21.45,21.95,2.3310,191894,0.6840
FFL,2026-01-07T05:44:55.000000000Z,21.49,21.95,2.1405,112559,0.4012
FFL,2026-01-07T05:47:14.000000000Z,21.44,21.93,2.2854,133148,0.4746
FFL,2026-01-07T05:49:28.000000000Z,21.47,21.94,2.1891,80128,0.2856
FFL,2026-01-07T05:51:54.000000000Z,21.45,21.85,1.8648,302244,1.0773
FFL,2026-01-07T05:54:02.000000000Z,21.44,21.8,1.6791,314674,1.1216
FFL,2026-01-07T05:56:31.000000000Z,21.45,21.7,1.1655,916809,3.2677
FFL,2026-01-07T05:59:21.000000000Z,21.42,21.66,1.1204,706777,2.5191
FFL,2026-01-07T06:01:33.000000000Z,21.42,21.68,1.2138,240411,0.8569
FFL,2026-01-07T06:03:39.000000000Z,21.48,21.81,1.5363,275001,0.9802
FFL,2026-01-07T06:06:03.000000000Z,21.45,21.78,1.5385,192112,0.6847
FFL,2026-01-07T06:08:09.000000000Z,21.43,21.7,1.2599,138706,0.4944
FFL,2026-01-07T06:09:56.000000000Z,21.42,21.73,1.4472,287713,1.0255
FFL,2026-01-07T06:12:50.000000000Z,21.41,21.72,1.4479,319279,1.1380
FFL,2026-01-07T06:15:15.000000000Z,21.45,21.87,1.9580,466379,1.6623
FFL,2026-01-07T06:17:58.000000000Z,21.45,21.85,1.8648,156444,0.5576
FFL,2026-01-07T06:21:26.000000000Z,21.45,21.95,2.3310,80614,0.2873
FFL,2026-01-07T06:25:12.000000000Z,21.43,21.89,2.1465,52626,0.1876
FFL,2026-01-07T06:28:13.000000000Z,21.45,21.93,2.2378,85491,0.3047
FFL,2026-01-07T06:30:50.000000000Z,21.47,21.99,2.4220,238571,0.8503
FFL,2026-01-07T06:34:37.000000000Z,21.46,21.93,2.1901,156877,0.5591
FFL,2026-01-07T06:37:26.000000000Z,21.46,21.9,2.0503,139970,0.4989
FFL,2026-01-07T06:40:17.000000000Z,21.46,21.94,2.2367,119115,0.4246
FFL,2026-01-07T06:43:36.000000000Z,21.46,21.92,2.1435,102611,0.3657
FFL,2026-01-07T06:47:26.000000000Z,21.45,21.95,2.3310,156971,0.5595
FFL,2026-01-07T06:50:56.000000000Z,21.45,22,2.5641,407717,1.4532
FFL,2026-01-07T06:54:57.000000000Z,21.45,21.91,2.1445,189938,0.6770
FFL,2026-01-07T06:57:56.000000000Z,21.44,21.92,2.2388,85003,0.3030
FFL,2026-01-07T07:01:37.000000000Z,21.46,21.93,2.1901,185402,0.6608
FFL,2026-01-07T07:04:34.000000000Z,21.47,21.91,2.0494,768721,2.7399
FFL,2026-01-07T07:06:01.000000000Z,21.62,21.9,1.2951,521681,1.8594
FFL,2026-01-07T07:06:58.000000000Z,21.65,21.93,1.2933,460554,1.6415
FFL,2026-01-07T07:07:53.000000000Z,21.63,21.93,1.3870,321076,1.1444
FFL,2026-01-07T07:08:56.000000000Z,21.62,21.95,1.5264,278357,0.9921
FFL,2026-01-07T07:10:05.000000000Z,21.68,21.91,1.0609,715330,2.5496
FFL,2026-01-07T07:12:08.000000000Z,21.63,21.98,1.6181,185581,0.6615
FFL,2026-01-07T07:13:20.000000000Z,21.58,21.98,1.8536,310162,1.1055
FFL,2026-01-07T07:14:26.000000000Z,21.51,22.04,2.4640,387515,1.3812
FFL,2026-01-07T07:15:38.000000000Z,21.6,22.07,2.1759,356223,1.2697
FFL,2026-01-07T07:16:56.000000000Z,21.48,21.98,2.3277,386852,1.3788
FFL,2026-01-07T07:18:20.000000000Z,21.47,22,2.4686,236274,0.8421
FFL,2026-01-07T07:19:51.000000000Z,21.45,21.98,2.4709,108082,0.3852
FFL,2026-01-07T07:21:38.000000000Z,21.45,21.93,2.2378,58614,0.2089
FFL,2026-01-07T07:23:57.000000000Z,21.48,21.95,2.1881,162735,0.5800
FFL,2026-01-07T07:26:18.000000000Z,21.45,21.97,2.4242,96554,0.3441
FFL,2026-01-07T07:28:25.000000000Z,21.42,21.97,2.5677,133999,0.4776
FFL,2026-01-07T07:31:10.000000000Z,21.45,22.07,2.8904,58277,0.2077
FFL,2026-01-07T07:34:19.000000000Z,21.43,22.05,2.8931,441772,1.5746
FFL,2026-01-07T07:38:24.000000000Z,21.43,22,2.6598,217903,0.7767
FFL,2026-01-07T07:42:32.000000000Z,21.43,22.05,2.8931,76492,0.2726
FFL,2026-01-07T07:45:34.000000000Z,21.4,22.12,3.3645,227271,0.8100
FFL,2026-01-07T07:48:54.000000000Z,21.38,21.95,2.6660,149080,0.5314
FFL,2026-01-07T07:51:40.000000000Z,21.32,21.84,2.4390,547325,1.9508
FFL,2026-01-07T07:52:49.000000000Z,21.25,21.79,2.5412,803450,2.8637
FFL,2026-01-07T07:53:54.000000000Z,21.25,21.73,2.2588,175201,0.6245
FFL,2026-01-07T07:55:29.000000000Z,21.28,21.79,2.3966,79946,0.2849
FFL,2026-01-07T07:57:19.000000000Z,21.28,21.8,2.4436,111758,0.3983
FFL,2026-01-07T08:00:15.000000000Z,21.3,21.79,2.3005,79799,0.2844
FFL,2026-01-07T08:02:49.000000000Z,21.3,21.78,2.2535,203488,0.7253
FFL,2026-01-07T08:05:13.000000000Z,21.31,21.79,2.2525,77474,0.2761
FFL,2026-01-07T08:08:33.000000000Z,21.35,21.82,2.2014,69943,0.2493
FFL,2026-01-07T08:11:19.000000000Z,21.33,21.86,2.4848,76753,0.2736
FFL,2026-01-07T08:15:04.000000000Z,21.35,21.92,2.6698,178340,0.6356
FFL,2026-01-07T08:17:01.000000000Z,21.31,21.84,2.4871,159372,0.5680
FFL,2026-01-07T08:19:59.000000000Z,21.32,21.93,2.8612,169753,0.6050
FFL,2026-01-07T08:23:14.000000000Z,21.39,21.98,2.7583,298596,1.0643
FFL,2026-01-07T08:25:33.000000000Z,21.4,21.98,2.7103,140145,0.4995
FFL,2026-01-07T08:27:41.000000000Z,21.35,22.02,3.1382,279234,0.9953
FFL,2026-01-07T08:29:44.000000000Z,21.36,22.08,3.3708,244392,0.8711
FFL,2026-01-07T08:32:18.000000000Z,21.4,22.07,3.1308,290404,1.0351
FFL,2026-01-07T08:35:30.000000000Z,21.3,22.04,3.4742,279765,0.9971
FFL,2026-01-07T08:40:06.000000000Z,21.45,21.96,2.3776,312682,1.1145
FFL,2026-01-07T08:42:51.000000000Z,21.52,21.94,1.9517,187810,0.6694
FFL,2026-01-07T08:44:23.000000000Z,21.59,21.97,1.7601,247764,0.8831
FFL,2026-01-07T08:45:33.000000000Z,21.52,21.96,2.0446,267531,0.9535
FFL,2026-01-07T08:47:37.000000000Z,21.5,21.92,1.9535,47087,0.1678
FFL,2026-01-07T08:51:11.000000000Z,21.47,21.97,2.3288,92593,0.3300
FFL,2026-01-07T08:53:33.000000000Z,21.5,22.05,2.5581,231653,0.8257
FFL,2026-01-07T08:55:14.000000000Z,21.52,22.1,2.6952,295194,1.0521
FFL,2026-01-07T08:57:07.000000000Z,21.57,22.18,2.8280,379629,1.3531
FFL,2026-01-07T08:58:15.000000000Z,21.6,22.14,2.5000,225824,0.8049
FFL,2026-01-07T08:59:45.000000000Z,21.56,22.11,2.5510,280818,1.0009
FFL,2026-01-07T09:01:00.000000000Z,21.63,22.1,2.1729,680506,2.4255
FFL,2026-01-07T09:02:06.000000000Z,21.72,22.1,1.7495,545219,1.9433
FFL,2026-01-07T09:03:03.000000000Z,21.68,22.11,1.9834,988332,3.5226
FFL,2026-01-07T09:03:55.000000000Z,21.69,22.1,1.8903,118179,0.4212
FFL,2026-01-07T09:05:09.000000000Z,21.7,22.02,1.4747,174229,0.6210
FFL,2026-01-07T09:06:19.000000000Z,21.65,22.01,1.6628,271143,0.9664
FFL,2026-01-07T09:07:38.000000000Z,21.65,21.95,1.3857,136785,0.4875
FFL,2026-01-07T09:09:44.000000000Z,21.62,21.95,1.5264,120229,0.4285
FFL,2026-01-07T09:11:35.000000000Z,21.57,21.94,1.7153,65447,0.2333
FFL,2026-01-07T09:14:42.000000000Z,21.53,21.99,2.1366,69450,0.2475
FFL,2026-01-07T09:17:10.000000000Z,21.53,21.98,2.0901,102633,0.3658
FFL,2026-01-07T09:20:06.000000000Z,21.51,22.01,2.3245,137889,0.4915
FFL,2026-01-07T09:22:59.000000000Z,21.55,22,2.0882,66306,0.2363
FFL,2026-01-07T09:25:21.000000000Z,21.5,22.07,2.6512,189390,0.6750
FFL,2026-01-07T09:27:40.000000000Z,21.49,22.07,2.6989,65135,0.2322
FFL,2026-01-07T09:31:00.000000000Z,21.49,22.07,2.6989,84756,0.3021
FFL,2026-01-07T09:34:45.000000000Z,21.47,22.02,2.5617,123190,0.4391
FFL,2026-01-07T09:37:39.000000000Z,21.45,22.02,2.6573,369610,1.3174
FFL,2026-01-07T09:41:32.000000000Z,21.46,22,2.5163,159038,0.5668
FFL,2026-01-07T09:44:56.000000000Z,21.44,22,2.6119,162691,0.5799
FFL,2026-01-07T09:48:01.000000000Z,21.45,22.04,2.7506,310344,1.1061
FFL,2026-01-07T09:51:23.000000000Z,21.45,22.02,2.6573,98365,0.3506
FFL,2026-01-07T09:53:28.000000000Z,21.38,22.01,2.9467,167616,0.5974
FFL,2026-01-07T09:55:57.000000000Z,21.43,22,2.6598,213663,0.7615
FFL,2026-01-07T09:58:04.000000000Z,21.4,21.97,2.6636,457730,1.6315
FFL,2026-01-07T09:59:57.000000000Z,21.39,21.99,2.8050,192784,0.6871
FFL,2026-01-07T10:02:54.000000000Z,21.36,22,2.9963,128594,0.4583
FFL,2026-01-07T10:05:38.000000000Z,21.34,21.97,2.9522,450001,1.6039
FFL,2026-01-07T10:08:49.000000000Z,21.34,21.93,2.7648,130802,0.4662
FFL,2026-01-07T10:11:30.000000000Z,21.34,21.88,2.5305,819486,2.9208
FFL,2026-01-07T10:13:03.000000000Z,21.35,21.96,2.8571,191722,0.6833
FFL,2026-01-07T10:15:47.000000000Z,21.35,21.98,2.9508,195538,0.6969
FFL,2026-01-07T10:18:51.000000000Z,21.37,21.95,2.7141,469397,1.6730
FFL,2026-01-07T10:21:10.000000000Z,21.32,21.92,2.8143,170360,0.6072
FFL,2026-01-07T10:23:09.000000000Z,21.33,22.01,3.1880,435156,1.5510
FFL,2026-01-07T10:25:13.000000000Z,21.33,22.14,3.7975,269970,0.9622
FFL,2026-01-07T10:27:00.000000000Z,21.34,22.22,4.1237,215548,0.7683
FFL,2026-01-07T10:28:26.000000000Z,21.34,22.1,3.5614,497225,1.7722
FFL,2026-01-07T10:29:48.000000000Z,21.35,22.1,3.5129,301001,1.0728
FFL,2026-01-08T04:32:45.000000000Z,21.41,22.11,3.2695,186131,0.6634
FFL,2026-01-08T04:33:59.000000000Z,21.5,22.13,2.9302,158910,0.5664
FFL,2026-01-08T04:35:10.000000000Z,21.42,22.12,3.2680,155919,0.5557
FFL,2026-01-08T04:36:32.000000000Z,21.45,22.05,2.7972,250405,0.8925
FFL,2026-01-08T04:37:45.000000000Z,21.37,21.96,2.7609,218654,0.7793
FFL,2026-01-08T04:39:09.000000000Z,21.35,21.91,2.6230,180564,0.6436
FFL,2026-01-08T04:40:43.000000000Z,21.35,21.87,2.4356,281677,1.0040
FFL,2026-01-08T04:42:14.000000000Z,21.41,21.85,2.0551,77570,0.2765
FFL,2026-01-08T04:43:48.000000000Z,21.45,21.9,2.0979,169912,0.6056
FFL,2026-01-08T04:45:22.000000000Z,21.42,21.9,2.2409,103328,0.3683
FFL,2026-01-08T04:47:00.000000000Z,21.4,21.86,2.1495,213985,0.7627
FFL,2026-01-08T04:48:13.000000000Z,21.37,21.96,2.7609,126093,0.4494
FFL,2026-01-08T04:49:45.000000000Z,21.36,22,2.9963,109786,0.3913
FFL,2026-01-08T04:51:31.000000000Z,21.35,21.97,2.9040,160378,0.5716
FFL,2026-01-08T04:53:04.000000000Z,21.31,22,3.2379,261263,0.9312
FFL,2026-01-08T04:54:26.000000000Z,21.26,21.97,3.3396,51652,0.1841
FFL,2026-01-08T04:56:21.000000000Z,21.29,21.95,3.1000,61263,0.2184
FFL,2026-01-08T04:58:04.000000000Z,21.26,21.93,3.1515,131599,0.4690
FFL,2026-01-08T05:00:20.000000000Z,21.31,21.97,3.0971,88434,0.3152
FFL,2026-01-08T05:02:32.000000000Z,21.38,21.98,2.8064,64999,0.2317
FFL,2026-01-08T05:05:08.000000000Z,21.4,21.99,2.7570,112322,0.4003
FFL,2026-01-08T05:07:28.000000000Z,21.39,21.99,2.8050,45265,0.1613
FFL,2026-01-08T05:09:55.000000000Z,21.4,21.95,2.5701,139261,0.4964
FFL,2026-01-08T05:11:54.000000000Z,21.38,22.04,3.0870,186446,0.6645
FFL,2026-01-08T05:13:53.000000000Z,21.31,22.02,3.3318,124714,0.4445
FFL,2026-01-08T05:16:16.000000000Z,21.36,22.04,3.1835,84705,0.3019
FFL,2026-01-08T05:19:20.000000000Z,21.37,22.07,3.2756,224282,0.7994
FFL,2026-01-08T05:21:18.000000000Z,21.4,22.05,3.0374,333148,1.1874
FFL,2026-01-08T05:23:28.000000000Z,21.4,22.05,3.0374,65279,0.2327
FFL,2026-01-08T05:25:48.000000000Z,21.38,22.05,3.1338,367267,1.3090
FFL,2026-01-08T05:29:12.000000000Z,21.38,22.02,2.9935,98213,0.3501
FFL,2026-01-08T05:31:41.000000000Z,21.35,22,3.0445,140599,0.5011
FFL,2026-01-08T05:34:25.000000000Z,21.4,22.09,3.2243,150935,0.5380
FFL,2026-01-08T05:37:27.000000000Z,21.4,22.08,3.1776,186892,0.6661
FFL,2026-01-08T05:40:14.000000000Z,21.33,22.07,3.4693,27344,0.0975
FFL,2026-01-08T05:42:40.000000000Z,21.34,22.03,3.2334,62776,0.2237
FFL,2026-01-08T05:46:02.000000000Z,21.39,22,2.8518,145880,0.5200
FFL,2026-01-08T05:48:31.000000000Z,21.37,21.95,2.7141,75142,0.2678
FFL,2026-01-08T05:50:46.000000000Z,21.38,21.92,2.5257,45826,0.1633
FFL,2026-01-08T05:53:43.000000000Z,21.37,21.91,2.5269,92397,0.3293
FFL,2026-01-08T05:57:32.000000000Z,21.35,21.93,2.7166,109130,0.3890
FFL,2026-01-08T06:01:33.000000000Z,21.36,21.91,2.5749,75841,0.2703
FFL,2026-01-08T06:04:27.000000000Z,21.36,21.96,2.8090,79682,0.2840
FFL,2026-01-08T06:07:11.000000000Z,21.4,21.96,2.6168,30921,0.1102
FFL,2026-01-08T06:08:51.000000000Z,21.4,21.97,2.6636,123855,0.4414
FFL,2026-01-08T06:11:21.000000000Z,21.4,21.97,2.6636,84255,0.3003
FFL,2026-01-08T06:15:03.000000000Z,21.39,21.96,2.6648,85000,0.3030
FFL,2026-01-08T06:18:49.000000000Z,21.37,21.92,2.5737,53407,0.1904
FFL,2026-01-08T06:21:49.000000000Z,21.36,21.92,2.6217,179611,0.6402
FFL,2026-01-08T06:26:22.000000000Z,21.39,21.8,1.9168,533802,1.9026
FFL,2026-01-08T06:30:00.000000000Z,21.35,21.85,2.3419,49285,0.1757
FFL,2026-01-08T06:34:09.000000000Z,21.33,21.82,2.2972,118906,0.4238
FFL,2026-01-08T06:37:38.000000000Z,21.34,21.7,1.6870,301872,1.0759
FFL,2026-01-08T06:41:36.000000000Z,21.35,21.71,1.6862,74124,0.2642
FFL,2026-01-08T06:46:16.000000000Z,21.33,21.69,1.6878,643950,2.2952
FFL,2026-01-08T06:48:59.000000000Z,21.45,21.71,1.2121,107671,0.3838
FFL,2026-01-08T06:50:45.000000000Z,21.48,21.75,1.2570,122959,0.4383
FFL,2026-01-08T06:52:30.000000000Z,21.44,21.73,1.3526,118084,0.4209
FFL,2026-01-08T06:54:36.000000000Z,21.45,21.78,1.5385,50022,0.1783
FFL,2026-01-08T06:57:36.000000000Z,21.45,21.79,1.5851,210623,0.7507
FFL,2026-01-08T07:01:00.000000000Z,21.44,21.85,1.9123,110049,0.3922
FFL,2026-01-08T07:05:18.000000000Z,21.4,21.86,2.1495,106802,0.3807
FFL,2026-01-08T07:08:31.000000000Z,21.38,22.04,3.0870,318422,1.1349
FFL,2026-01-08T07:11:29.000000000Z,21.38,22.03,3.0402,559985,1.9959
FFL,2026-01-08T07:14:43.000000000Z,21.4,22.05,3.0374,102745,0.3662
FFL,2026-01-08T07:18:54.000000000Z,21.4,22.06,3.0841,231797,0.8262
FFL,2026-01-08T07:21:42.000000000Z,21.42,22.04,2.8945,104506,0.3725
FFL,2026-01-08T07:25:15.000000000Z,21.42,22.06,2.9879,149317,0.5322
FFL,2026-01-08T07:28:49.000000000Z,21.44,22.08,2.9851,112375,0.4005
FFL,2026-01-08T07:31:42.000000000Z,21.43,22.09,3.0798,241889,0.8621
FFL,2026-01-08T07:36:50.000000000Z,21.41,22.08,3.1294,127164,0.4532
FFL,2026-01-08T07:41:48.000000000Z,21.39,22.05,3.0856,100049,0.3566
FFL,2026-01-08T07:45:59.000000000Z,21.39,22.03,2.9921,89840,0.3202
FFL,2026-01-08T07:48:47.000000000Z,21.4,22.02,2.8972,76435,0.2724
FFL,2026-01-08T07:52:03.000000000Z,21.44,22,2.6119,78965,0.2814
FFL,2026-01-08T07:55:56.000000000Z,21.45,21.99,2.5175,72666,0.2590
FFL,2026-01-08T07:59:45.000000000Z,21.42,21.92,2.3343,50863,0.1813
FFL,2026-01-08T08:03:12.000000000Z,21.42,21.96,2.5210,198636,0.7080
FFL,2026-01-08T08:07:01.000000000Z,21.34,22,3.0928,166859,0.5947
FFL,2026-01-08T08:09:57.000000000Z,21.35,21.98,2.9508,77160,0.2750
FFL,2026-01-08T08:12:49.000000000Z,21.35,21.91,2.6230,79341,0.2828
FFL,2026-01-08T08:16:18.000000000Z,21.33,21.89,2.6254,77752,0.2771
FFL,2026-01-08T08:21:09.000000000Z,21.35,21.9,2.5761,71511,0.2549
FFL,2026-01-08T08:25:14.000000000Z,21.34,21.9,2.6242,172455,0.6147
FFL,2026-01-08T08:27:32.000000000Z,21.36,21.85,2.2940,110366,0.3934
FFL,2026-01-08T08:31:37.000000000Z,21.32,21.86,2.5328,163011,0.5810
FFL,2026-01-08T08:34:08.000000000Z,21.33,21.86,2.4848,96810,0.3451
FFL,2026-01-08T08:38:17.000000000Z,21.34,21.81,2.2024,93521,0.3333
FFL,2026-01-08T08:42:27.000000000Z,21.32,21.85,2.4859,66204,0.2360
FFL,2026-01-08T08:45:21.000000000Z,21.33,21.81,2.2504,68630,0.2446
FFL,2026-01-08T08:50:22.000000000Z,21.37,21.76,1.8250,109367,0.3898
FFL,2026-01-08T08:55:16.000000000Z,21.31,21.74,2.0178,433344,1.5445
FFL,2026-01-08T08:58:03.000000000Z,21.31,21.72,1.9240,283185,1.0093
FFL,2026-01-08T09:01:56.000000000Z,21.32,21.75,2.0169,174788,0.6230
FFL,2026-01-08T09:05:14.000000000Z,21.29,21.65,1.6909,394874,1.4074
FFL,2026-01-08T09:08:27.000000000Z,21.28,21.72,2.0677,119167,0.4247
FFL,2026-01-08T09:11:33.000000000Z,21.27,21.67,1.8806,161626,0.5761
FFL,2026-01-08T09:14:48.000000000Z,21.28,21.64,1.6917,197104,0.7025
FFL,2026-01-08T09:18:35.000000000Z,21.26,21.67,1.9285,51466,0.1834
FFL,2026-01-08T09:21:09.000000000Z,21.28,21.7,1.9737,244480,0.8714
FFL,2026-01-08T09:24:52.000000000Z,21.3,21.78,2.2535,71950,0.2564
FFL,2026-01-08T09:28:52.000000000Z,21.3,21.72,1.9718,67591,0.2409
FFL,2026-01-08T09:31:38.000000000Z,21.29,21.68,1.8318,111991,0.3992
FFL,2026-01-08T09:34:03.000000000Z,21.26,21.69,2.0226,197969,0.7056
FFL,2026-01-08T09:37:25.000000000Z,21.27,21.7,2.0216,118134,0.4211
FFL,2026-01-08T09:40:52.000000000Z,21.27,21.68,1.9276,136769,0.4875
FFL,2026-01-08T09:43:57.000000000Z,21.26,21.67,1.9285,112441,0.4008
FFL,2026-01-08T09:46:09.000000000Z,21.26,21.78,2.4459,110100,0.3924
FFL,2026-01-08T09:50:31.000000000Z,21.25,21.8,2.5882,109851,0.3915
FFL,2026-01-08T09:55:05.000000000Z,21.25,21.78,2.4941,149249,0.5320
FFL,2026-01-08T09:59:21.000000000Z,21.25,21.8,2.5882,65394,0.2331
FFL,2026-01-08T10:03:09.000000000Z,21.24,21.79,2.5895,271323,0.9671
FFL,2026-01-08T10:05:07.000000000Z,21.2,21.78,2.7358,82746,0.2949
FFL,2026-01-08T10:06:43.000000000Z,21.17,21.8,2.9759,277783,0.9901
FFL,2026-01-08T10:08:33.000000000Z,21.13,21.78,3.0762,71563,0.2551
FFL,2026-01-08T10:10:23.000000000Z,21.13,21.78,3.0762,97755,0.3484
FFL,2026-01-08T10:12:01.000000000Z,21.13,21.77,3.0289,264410,0.9424
FFL,2026-01-08T10:14:32.000000000Z,21.11,21.77,3.1265,150506,0.5364
FFL,2026-01-08T10:16:15.000000000Z,21.15,21.77,2.9314,79574,0.2836
FFL,2026-01-08T10:18:37.000000000Z,21.14,21.74,2.8382,230192,0.8205
FFL,2026-01-08T10:21:09.000000000Z,21.15,21.7,2.6005,116453,0.4151
FFL,2026-01-08T10:23:33.000000000Z,21.11,21.72,2.8896,178600,0.6366
FFL,2026-01-08T10:25:17.000000000Z,21.13,21.71,2.7449,79807,0.2845
FFL,2026-01-08T10:27:16.000000000Z,21.14,21.74,2.8382,102493,0.3653
FFL,2026-01-08T10:29:00.000000000Z,21.16,21.72,2.6465,113661,0.4051
FFL,2026-01-08T10:42:15.000000000Z,21.15,21.72,2.6950,146307,0.5215
FFL,2026-01-09T04:19:40.000000000Z,21.01,21.75,3.5221,71243,0.2539
FFL,2026-01-09T04:21:27.000000000Z,21.14,21.68,2.5544,181079,0.6454
FFL,2026-01-09T04:22:45.000000000Z,21.05,21.64,2.8029,223446,0.7964
FFL,2026-01-09T04:24:09.000000000Z,21,21.67,3.1905,22661,0.0808
FFL,2026-01-09T04:25:38.000000000Z,20.99,21.64,3.0967,92715,0.3305
FFL,2026-01-09T04:27:01.000000000Z,20.92,21.6,3.2505,365152,1.3015
FFL,2026-01-09T04:28:07.000000000Z,20.99,21.64,3.0967,88278,0.3146
FFL,2026-01-09T04:29:35.000000000Z,20.96,21.61,3.1011,112284,0.4002
FFL,2026-01-09T04:31:07.000000000Z,21.07,21.6,2.5154,191522,0.6826
FFL,2026-01-09T04:32:29.000000000Z,21.04,21.55,2.4240,390820,1.3930
FFL,2026-01-09T04:33:56.000000000Z,21.04,21.52,2.2814,129686,0.4622
FFL,2026-01-09T04:35:28.000000000Z,21.09,21.45,1.7070,628042,2.2385
FFL,2026-01-09T04:37:03.000000000Z,21.07,21.38,1.4713,178996,0.6380
FFL,2026-01-09T04:38:57.000000000Z,21.02,21.34,1.5224,230098,0.8201
FFL,2026-01-09T04:40:43.000000000Z,20.91,21.44,2.5347,210381,0.7498
FFL,2026-01-09T04:42:33.000000000Z,20.98,21.55,2.7169,168247,0.5997
FFL,2026-01-09T04:43:46.000000000Z,21,21.55,2.6190,128058,0.4564
FFL,2026-01-09T04:45:23.000000000Z,21,21.47,2.2381,127368,0.4540
FFL,2026-01-09T04:47:12.000000000Z,21,21.49,2.3333,71397,0.2545
FFL,2026-01-09T05:11:54.000000000Z,21,21.34,1.6190,276594,0.9858
FFL,2026-01-09T05:20:04.000000000Z,21.43,21.67,1.1199,1550115,5.5250
FFL,2026-01-09T05:20:55.000000000Z,21.7,22.1,1.8433,5919493,21.0985
PAEL,2026-01-05T04:32:01.000000000Z,58.03,61.22,5.4972,1391946,5.6881
PAEL,2026-01-05T04:33:12.000000000Z,58.19,61.51,5.7054,734140,3.0000
PAEL,2026-01-05T04:34:07.000000000Z,58.54,61.52,5.0905,526195,2.1503
PAEL,2026-01-05T04:35:04.000000000Z,58.28,61.63,5.7481,701675,2.8673
PAEL,2026-01-05T04:36:35.000000000Z,58.47,61.75,5.6097,309736,1.2657
PAEL,2026-01-05T04:37:29.000000000Z,58.45,61.84,5.7998,1035014,4.2295
PAEL,2026-01-05T04:38:29.000000000Z,58.35,62.14,6.4953,1068234,4.3653
PAEL,2026-01-05T04:39:41.000000000Z,58.35,62.11,6.4439,1096824,4.4821
PAEL,2026-01-05T04:41:02.000000000Z,58.12,62.35,7.2780,1657744,6.7742
PAEL,2026-01-05T04:42:16.000000000Z,58.23,62.36,7.0926,2468735,10.0883
PAEL,2026-01-05T04:51:59.000000000Z,60.01,62.24,3.7160,1482849,6.0596
PAEL,2026-01-05T04:52:49.000000000Z,59.87,62.17,3.8417,1561613,6.3814
PAEL,2026-01-05T04:53:39.000000000Z,60,62.2,3.6667,873859,3.5710
PAEL,2026-01-05T04:54:29.000000000Z,59.99,62.2,3.6839,614469,2.5110
PAEL,2026-01-05T04:55:20.000000000Z,59.8,62.35,4.2642,780598,3.1899
PAEL,2026-01-05T04:56:11.000000000Z,59.73,62.3,4.3027,524083,2.1416
PAEL,2026-01-05T04:57:02.000000000Z,59.71,62.25,4.2539,388186,1.5863
PAEL,2026-01-05T04:57:53.000000000Z,59.49,62.05,4.3032,435879,1.7812
PAEL,2026-01-05T04:58:46.000000000Z,59.75,62.05,3.8494,711082,2.9058
PAEL,2026-01-05T04:59:39.000000000Z,60,61.99,3.3167,1425319,5.8245
PAEL,2026-01-05T05:00:29.000000000Z,60.13,62,3.1099,390462,1.5956
PAEL,2026-01-05T05:01:20.000000000Z,60.1,62,3.1614,473907,1.9366
PAEL,2026-01-05T05:24:37.000000000Z,59.84,62.1,3.7767,359694,1.4699
PAEL,2026-01-05T05:25:43.000000000Z,59.99,62.19,3.6673,182220,0.7446
PAEL,2026-01-05T05:27:01.000000000Z,59.9,62.32,4.0401,122558,0.5008
PAEL,2026-01-05T05:28:14.000000000Z,59.7,62.37,4.4724,151963,0.6210
PAEL,2026-01-05T05:29:34.000000000Z,59.75,62.32,4.3013,120270,0.4915
PAEL,2026-01-05T05:30:56.000000000Z,59.65,62.47,4.7276,207615,0.8484
PAEL,2026-01-05T05:32:32.000000000Z,59.73,62.35,4.3864,71952,0.2940
PAEL,2026-01-05T05:34:03.000000000Z,59.76,62.34,4.3173,133395,0.5451
PAEL,2026-01-05T05:35:30.000000000Z,59.82,62.15,3.8950,90779,0.3710
PAEL,2026-01-05T05:36:51.000000000Z,59.73,62.14,4.0348,85487,0.3493
PAEL,2026-01-05T05:38:20.000000000Z,59.7,62.07,3.9698,80005,0.3269
PAEL,2026-01-05T05:40:01.000000000Z,59.75,62.06,3.8661,147834,0.6041
PAEL,2026-01-05T05:41:39.000000000Z,59.42,62.1,4.5103,50537,0.2065
PAEL,2026-01-05T05:42:50.000000000Z,59.55,61.96,4.0470,158832,0.6491
PAEL,2026-01-05T05:44:10.000000000Z,59.6,62.15,4.2785,73626,0.3009
PAEL,2026-01-05T05:45:59.000000000Z,59.69,61.97,3.8197,116825,0.4774
PAEL,2026-01-05T05:48:11.000000000Z,59.55,62.08,4.2485,65027,0.2657
PAEL,2026-01-05T05:49:51.000000000Z,59.65,62.16,4.2079,81308,0.3323
PAEL,2026-01-05T05:51:56.000000000Z,59.6,62.09,4.1779,82061,0.3353
PAEL,2026-01-05T05:53:48.000000000Z,59.67,62.08,4.0389,77964,0.3186
PAEL,2026-01-05T05:55:24.000000000Z,59.55,62.07,4.2317,87313,0.3568
PAEL,2026-01-05T05:57:14.000000000Z,59.6,62.1,4.1946,117301,0.4793
PAEL,2026-01-05T05:58:44.000000000Z,59.75,62.1,3.9331,978034,3.9967
PAEL,2026-01-05T05:59:53.000000000Z,60.1,62.25,3.5774,699231,2.8574
PAEL,2026-01-05T06:00:45.000000000Z,60.19,62.36,3.6053,284396,1.1622
PAEL,2026-01-05T06:01:44.000000000Z,59.98,62.3,3.8680,291418,1.1909
PAEL,2026-01-05T06:02:38.000000000Z,59.88,62.21,3.8911,59048,0.2413
PAEL,2026-01-05T06:03:50.000000000Z,59.8,62.1,3.8462,114918,0.4696
PAEL,2026-01-05T06:04:51.000000000Z,59.62,62.29,4.4784,111586,0.4560
PAEL,2026-01-05T06:06:09.000000000Z,59.64,62.3,4.4601,161207,0.6588
PAEL,2026-01-05T06:08:07.000000000Z,59.58,62.3,4.5653,105240,0.4301
PAEL,2026-01-05T06:09:47.000000000Z,59.68,62.25,4.3063,56925,0.2326
PAEL,2026-01-05T06:11:18.000000000Z,59.68,62.11,4.0717,115888,0.4736
PAEL,2026-01-05T06:12:41.000000000Z,59.7,62.15,4.1039,77156,0.3153
PAEL,2026-01-05T06:13:53.000000000Z,59.79,62.16,3.9639,75163,0.3071
PAEL,2026-01-05T06:15:11.000000000Z,59.62,62,3.9919,142685,0.5831
PAEL,2026-01-05T06:17:10.000000000Z,59.65,62.02,3.9732,130659,0.5339
PAEL,2026-01-05T06:19:21.000000000Z,59.7,62.03,3.9028,237602,0.9709
PAEL,2026-01-05T06:20:49.000000000Z,59.64,62.11,4.1415,130528,0.5334
PAEL,2026-01-05T06:22:53.000000000Z,59.58,61.95,3.9778,211980,0.8662
PAEL,2026-01-05T06:24:35.000000000Z,59.65,62.01,3.9564,97513,0.3985
PAEL,2026-01-05T06:25:57.000000000Z,59.67,62.15,4.1562,143154,0.5850
PAEL,2026-01-05T06:27:32.000000000Z,59.65,62.14,4.1744,91958,0.3758
PAEL,2026-01-05T06:29:19.000000000Z,59.64,62.1,4.1247,153985,0.6292
PAEL,2026-01-05T06:31:52.000000000Z,59.57,62.15,4.3310,86179,0.3522
PAEL,2026-01-05T06:34:14.000000000Z,59.55,62.2,4.4500,124108,0.5072
PAEL,2026-01-05T06:36:14.000000000Z,59.56,62.16,4.3653,47963,0.1960
PAEL,2026-01-05T06:39:09.000000000Z,59.53,62.38,4.7875,173388,0.7085
PAEL,2026-01-05T06:41:17.000000000Z,59.56,62.24,4.4997,72849,0.2977
PAEL,2026-01-05T06:44:16.000000000Z,59.57,62.4,4.7507,446135,1.8231
PAEL,2026-01-05T06:46:01.000000000Z,59.98,62.14,3.6012,238252,0.9736
PAEL,2026-01-05T06:47:05.000000000Z,59.86,62.13,3.7922,159548,0.6520
PAEL,2026-01-05T06:48:26.000000000Z,59.9,62.14,3.7396,791049,3.2326
PAEL,2026-01-05T06:49:38.000000000Z,60.1,62.11,3.3444,452878,1.8507
PAEL,2026-01-05T06:50:31.000000000Z,60.1,62,3.1614,602188,2.4608
PAEL,2026-01-05T06:51:24.000000000Z,60.32,62.03,2.8349,541811,2.2141
PAEL,2026-01-05T06:52:16.000000000Z,60.14,61.99,3.0762,606377,2.4779
PAEL,2026-01-05T06:53:11.000000000Z,60.02,61.9,3.1323,206983,0.8458
PAEL,2026-01-05T06:54:15.000000000Z,59.85,61.9,3.4252,106166,0.4338
PAEL,2026-01-05T06:55:14.000000000Z,59.82,61.74,3.2096,140337,0.5735
PAEL,2026-01-05T06:57:16.000000000Z,59.82,61.78,3.2765,148072,0.6051
PAEL,2026-01-05T06:59:15.000000000Z,60.01,61.82,3.0162,118879,0.4858
PAEL,2026-01-05T07:00:34.000000000Z,60.15,61.8,2.7431,387337,1.5828
PAEL,2026-01-05T07:01:43.000000000Z,60.2,61.86,2.7575,231273,0.9451
PAEL,2026-01-05T07:02:45.000000000Z,60.1,61.67,2.6123,582050,2.3785
PAEL,2026-01-05T07:04:04.000000000Z,60.14,61.5,2.2614,167551,0.6847
PAEL,2026-01-05T07:05:16.000000000Z,60.1,61.55,2.4126,139492,0.5700
PAEL,2026-01-05T07:06:39.000000000Z,60.01,61.6,2.6496,77512,0.3167
PAEL,2026-01-05T07:07:57.000000000Z,60,61.59,2.6500,81632,0.3336
PAEL,2026-01-05T07:09:22.000000000Z,60.08,61.68,2.6631,217157,0.8874
PAEL,2026-01-05T07:10:47.000000000Z,59.85,61.68,3.0576,196150,0.8016
PAEL,2026-01-05T07:12:04.000000000Z,59.98,61.56,2.6342,85587,0.3497
PAEL,2026-01-05T07:13:29.000000000Z,59.87,61.52,2.7560,78811,0.3221
PAEL,2026-01-05T07:15:47.000000000Z,59.93,61.56,2.7198,115616,0.4725
PAEL,2026-01-05T07:17:42.000000000Z,59.88,61.7,3.0394,26602,0.1087
PAEL,2026-01-05T07:19:58.000000000Z,59.85,61.7,3.0911,141748,0.5792
PAEL,2026-01-05T07:22:34.000000000Z,59.83,61.69,3.1088,19377,0.0792
PAEL,2026-01-05T07:24:55.000000000Z,59.82,61.65,3.0592,86541,0.3536
PAEL,2026-01-05T07:27:04.000000000Z,59.97,61.58,2.6847,59283,0.2423
PAEL,2026-01-05T07:29:36.000000000Z,59.96,61.51,2.5851,93724,0.3830
PAEL,2026-01-05T07:32:31.000000000Z,59.85,61.6,2.9240,90592,0.3702
PAEL,2026-01-05T07:34:43.000000000Z,59.87,61.5,2.7226,159019,0.6498
PAEL,2026-01-05T07:36:35.000000000Z,59.75,61.4,2.7615,163381,0.6676
PAEL,2026-01-05T07:38:06.000000000Z,59.7,61.41,2.8643,68073,0.2782
PAEL,2026-01-05T07:40:14.000000000Z,59.79,61.4,2.6928,59662,0.2438
PAEL,2026-01-05T07:43:14.000000000Z,59.7,61.42,2.8811,333807,1.3641
PAEL,2026-01-05T07:46:14.000000000Z,59.7,61.3,2.6801,124717,0.5096
PAEL,2026-01-05T07:48:23.000000000Z,59.7,61.39,2.8308,47207,0.1929
PAEL,2026-01-05T07:51:41.000000000Z,59.7,61.34,2.7471,47316,0.1934
PAEL,2026-01-05T07:54:47.000000000Z,59.75,61.3,2.5941,116348,0.4754
PAEL,2026-01-05T07:57:52.000000000Z,59.69,61.32,2.7308,251580,1.0281
PAEL,2026-01-05T08:01:18.000000000Z,59.8,61.36,2.6087,483874,1.9773
PAEL,2026-01-05T08:02:34.000000000Z,60,61.22,2.0333,105085,0.4294
PAEL,2026-01-05T08:03:53.000000000Z,59.8,61.25,2.4247,265169,1.0836
PAEL,2026-01-05T08:05:25.000000000Z,59.82,61.22,2.3404,116676,0.4768
PAEL,2026-01-05T08:07:27.000000000Z,59.8,61.22,2.3746,53488,0.2186
PAEL,2026-01-05T08:09:53.000000000Z,59.8,61.28,2.4749,76040,0.3107
PAEL,2026-01-05T08:15:20.000000000Z,59.8,61.15,2.2575,314673,1.2859
PAEL,2026-01-05T08:18:24.000000000Z,59.82,61.1,2.1398,102037,0.4170
PAEL,2026-01-05T08:22:46.000000000Z,59.73,61.1,2.2937,80440,0.3287
PAEL,2026-01-05T08:27:33.000000000Z,59.8,61.09,2.1572,58641,0.2396
PAEL,2026-01-05T08:31:54.000000000Z,59.74,61.19,2.4272,170522,0.6968
PAEL,2026-01-05T08:34:16.000000000Z,59.72,61.05,2.2271,68063,0.2781
PAEL,2026-01-05T08:37:14.000000000Z,59.75,61.04,2.1590,269454,1.1011
PAEL,2026-01-05T08:41:16.000000000Z,59.8,61.03,2.0569,445084,1.8188
PAEL,2026-01-05T08:45:20.000000000Z,59.75,61.2,2.4268,96429,0.3941
PAEL,2026-01-05T08:49:49.000000000Z,59.75,61.15,2.3431,170745,0.6977
PAEL,2026-01-05T08:53:36.000000000Z,59.78,61.02,2.0743,107474,0.4392
PAEL,2026-01-05T08:58:44.000000000Z,59.65,61.07,2.3806,74988,0.3064
PAEL,2026-01-05T09:01:40.000000000Z,59.64,61.01,2.2971,174054,0.7113
PAEL,2026-01-05T09:05:29.000000000Z,59.7,61.02,2.2111,134240,0.5486
PAEL,2026-01-05T09:08:52.000000000Z,59.6,61.05,2.4329,125178,0.5115
PAEL,2026-01-05T09:11:06.000000000Z,59.57,61.06,2.5013,199339,0.8146
PAEL,2026-01-05T09:12:14.000000000Z,59.58,61.06,2.4841,143889,0.5880
PAEL,2026-01-05T09:15:15.000000000Z,59.5,61.08,2.6555,111717,0.4565
PAEL,2026-01-05T09:18:32.000000000Z,59.52,61.05,2.5706,205363,0.8392
PAEL,2026-01-05T09:21:32.000000000Z,59.51,61,2.5038,447788,1.8299
PAEL,2026-01-05T09:23:20.000000000Z,59.5,61.05,2.6050,228952,0.9356
PAEL,2026-01-05T09:24:38.000000000Z,59.43,61.6,3.6514,204410,0.8353
PAEL,2026-01-05T09:25:48.000000000Z,59.21,61.6,4.0365,148971,0.6088
PAEL,2026-01-05T09:27:28.000000000Z,59.23,61.54,3.9001,30138,0.1232
PAEL,2026-01-05T09:29:56.000000000Z,59.29,61.6,3.8961,124120,0.5072
PAEL,2026-01-05T09:32:26.000000000Z,59.28,61.54,3.8124,335742,1.3720
PAEL,2026-01-05T09:34:26.000000000Z,59.45,61.48,3.4146,288947,1.1808
PAEL,2026-01-05T09:35:57.000000000Z,59.39,61.02,2.7446,267272,1.0922
PAEL,2026-01-05T09:37:54.000000000Z,59.25,60.91,2.8017,83975,0.3432
PAEL,2026-01-05T09:39:11.000000000Z,59.5,60.9,2.3529,129257,0.5282
PAEL,2026-01-05T09:40:44.000000000Z,59.5,60.7,2.0168,129951,0.5310
PAEL,2026-01-05T09:42:58.000000000Z,59.43,60.7,2.1370,107497,0.4393
PAEL,2026-01-05T09:45:13.000000000Z,59.35,60.7,2.2746,91219,0.3728
PAEL,2026-01-05T09:47:46.000000000Z,59.33,60.73,2.3597,174597,0.7135
PAEL,2026-01-05T09:49:37.000000000Z,59.06,60.81,2.9631,66277,0.2708
PAEL,2026-01-05T09:50:56.000000000Z,59.14,60.71,2.6547,440539,1.8002
PAEL,2026-01-05T09:52:20.000000000Z,59.04,60.8,2.9810,219475,0.8969
PAEL,2026-01-05T09:53:33.000000000Z,59,60.8,3.0508,202921,0.8292
PAEL,2026-01-05T09:54:51.000000000Z,59,61.15,3.6441,323188,1.3207
PAEL,2026-01-05T09:56:15.000000000Z,59.1,61.34,3.7902,186024,0.7602
PAEL,2026-01-05T09:58:06.000000000Z,59.12,61.39,3.8396,151929,0.6208
PAEL,2026-01-05T09:59:49.000000000Z,59.25,61.23,3.3418,50820,0.2077
PAEL,2026-01-05T10:01:32.000000000Z,59.2,61.29,3.5304,234360,0.9577
PAEL,2026-01-05T10:03:16.000000000Z,59,61.17,3.6780,298069,1.2180
PAEL,2026-01-05T10:04:30.000000000Z,58.94,61.06,3.5969,204502,0.8357
PAEL,2026-01-05T10:05:58.000000000Z,58.88,60.84,3.3288,139845,0.5715
PAEL,2026-01-05T10:08:10.000000000Z,58.91,60.8,3.2083,100335,0.4100
PAEL,2026-01-05T10:10:07.000000000Z,58.96,60.8,3.1208,194762,0.7959
PAEL,2026-01-05T10:11:56.000000000Z,58.9,60.78,3.1919,189737,0.7753
PAEL,2026-01-05T10:13:20.000000000Z,58.85,60.78,3.2795,168541,0.6887
PAEL,2026-01-05T10:14:38.000000000Z,58.89,60.76,3.1754,57697,0.2358
PAEL,2026-01-05T10:16:14.000000000Z,58.98,60.76,3.0180,133287,0.5447
PAEL,2026-01-05T10:18:27.000000000Z,58.99,60.8,3.0683,231541,0.9462
PAEL,2026-01-05T10:20:06.000000000Z,58.96,60.6,2.7815,228380,0.9333
PAEL,2026-01-05T10:21:21.000000000Z,59.2,60.8,2.7027,426505,1.7429
PAEL,2026-01-05T10:22:22.000000000Z,59.22,60.71,2.5160,429458,1.7549
PAEL,2026-01-05T10:23:27.000000000Z,59.25,60.63,2.3291,125079,0.5111
PAEL,2026-01-05T10:24:51.000000000Z,59.1,60.65,2.6227,110288,0.4507
PAEL,2026-01-05T10:26:14.000000000Z,59.11,60.75,2.7745,179394,0.7331
PAEL,2026-01-05T10:27:47.000000000Z,59.15,61.1,3.2967,535580,2.1886
PAEL,2026-01-05T10:29:17.000000000Z,59.14,61.01,3.1620,330013,1.3486
PAEL,2026-01-05T10:41:41.000000000Z,59.06,61.25,3.7081,194620,0.7953
PAEL,2026-01-06T04:33:15.000000000Z,59.12,61.35,3.7720,303199,1.2390
PAEL,2026-01-06T04:34:29.000000000Z,59.4,61.24,3.0976,158500,0.6477
PAEL,2026-01-06T04:35:44.000000000Z,59.3,61.25,3.2884,159729,0.6527
PAEL,2026-01-06T04:36:58.000000000Z,59.37,61.23,3.1329,153610,0.6277
PAEL,2026-01-06T04:38:26.000000000Z,59.28,61.27,3.3570,271346,1.1088
PAEL,2026-01-06T04:39:40.000000000Z,59.16,61.43,3.8371,106325,0.4345
PAEL,2026-01-06T04:40:54.000000000Z,59.2,61.38,3.6824,179138,0.7320
PAEL,2026-01-06T04:41:55.000000000Z,58.7,61.2,4.2589,134116,0.5481
PAEL,2026-01-06T04:43:01.000000000Z,58.84,61.31,4.1978,108827,0.4447
PAEL,2026-01-06T04:44:18.000000000Z,58.8,61.26,4.1837,98595,0.4029
PAEL,2026-01-06T04:45:37.000000000Z,58.87,61.26,4.0598,118241,0.4832
PAEL,2026-01-06T04:47:01.000000000Z,58.87,61.15,3.8729,70409,0.2877
PAEL,2026-01-06T04:48:20.000000000Z,58.77,61.14,4.0327,78120,0.3192
PAEL,2026-01-06T04:49:49.000000000Z,58.81,60.81,3.4008,212284,0.8675
PAEL,2026-01-06T04:51:10.000000000Z,58.8,60.97,3.6905,142256,0.5813
PAEL,2026-01-06T04:52:54.000000000Z,58.84,61.15,3.9259,126128,0.5154
PAEL,2026-01-06T04:54:43.000000000Z,58.9,61.15,3.8200,105148,0.4297
PAEL,2026-01-06T04:56:15.000000000Z,58.8,61.2,4.0816,106116,0.4336
PAEL,2026-01-06T04:57:40.000000000Z,58.7,61.13,4.1397,214154,0.8751
PAEL,2026-01-06T04:59:01.000000000Z,58.55,61.25,4.6114,155967,0.6373
PAEL,2026-01-06T05:00:00.000000000Z,58.51,61,4.2557,260045,1.0627
PAEL,2026-01-06T05:01:30.000000000Z,58.24,61.03,4.7905,401550,1.6409
PAEL,2026-01-06T05:02:27.000000000Z,58.3,61.3,5.1458,547283,2.2364
PAEL,2026-01-06T05:03:38.000000000Z,58.3,61.35,5.2316,472976,1.9328
PAEL,2026-01-06T05:04:39.000000000Z,58.65,61.65,5.1151,226845,0.9270
PAEL,2026-01-06T05:06:02.000000000Z,58.6,61.6,5.1195,185788,0.7592
PAEL,2026-01-06T05:07:41.000000000Z,58.63,61.6,5.0657,259248,1.0594
PAEL,2026-01-06T05:08:59.000000000Z,58.62,61.65,5.1689,196181,0.8017
PAEL,2026-01-06T05:10:39.000000000Z,58.7,61.49,4.7530,273385,1.1172
PAEL,2026-01-06T05:12:02.000000000Z,58.5,61.45,5.0427,205237,0.8387
PAEL,2026-01-06T05:14:04.000000000Z,58.63,61.51,4.9122,122284,0.4997
PAEL,2026-01-06T05:16:01.000000000Z,58.65,61.8,5.3708,177610,0.7258
PAEL,2026-01-06T05:17:42.000000000Z,58.59,61.88,5.6153,211366,0.8637
PAEL,2026-01-06T05:19:12.000000000Z,58.35,61.6,5.5698,151094,0.6174
PAEL,2026-01-06T05:21:13.000000000Z,58.3,61.74,5.9005,156712,0.6404
PAEL,2026-01-06T05:23:23.000000000Z,58.25,61.76,6.0258,171227,0.6997
PAEL,2026-01-06T05:25:12.000000000Z,58.35,61.66,5.6727,85000,0.3473
PAEL,2026-01-06T05:27:13.000000000Z,58.41,61.6,5.4614,151155,0.6177
PAEL,2026-01-06T05:29:22.000000000Z,58.4,61.8,5.8219,184126,0.7524
PAEL,2026-01-06T05:30:43.000000000Z,58.52,61.8,5.6049,176662,0.7219
PAEL,2026-01-06T05:31:58.000000000Z,58.8,61.92,5.3061,161733,0.6609
PAEL,2026-01-06T05:33:09.000000000Z,58.88,62,5.2989,465574,1.9025
PAEL,2026-01-06T05:34:34.000000000Z,58.9,61.83,4.9745,176962,0.7231
PAEL,2026-01-06T05:36:12.000000000Z,58.82,61.8,5.0663,91911,0.3756
PAEL,2026-01-06T05:39:07.000000000Z,58.8,61.75,5.0170,112286,0.4588
PAEL,2026-01-06T05:41:31.000000000Z,58.84,61.65,4.7757,82512,0.3372
PAEL,2026-01-06T05:43:40.000000000Z,58.78,61.56,4.7295,77113,0.3151
PAEL,2026-01-06T05:46:35.000000000Z,58.54,61.66,5.3297,94165,0.3848
PAEL,2026-01-06T05:48:08.000000000Z,58.63,61.91,5.5944,276151,1.1285
PAEL,2026-01-06T05:50:32.000000000Z,58.62,61.9,5.5954,193957,0.7926
PAEL,2026-01-06T05:53:10.000000000Z,58.77,61.92,5.3599,149089,0.6092
PAEL,2026-01-06T05:55:03.000000000Z,58.85,61.9,5.1827,164856,0.6737
PAEL,2026-01-06T05:57:04.000000000Z,58.84,61.85,5.1156,75382,0.3080
PAEL,2026-01-06T05:59:42.000000000Z,58.9,61.93,5.1443,101079,0.4131
PAEL,2026-01-06T06:01:53.000000000Z,58.88,61.98,5.2649,103743,0.4239
PAEL,2026-01-06T06:05:18.000000000Z,58.88,61.89,5.1121,16028,0.0655
PAEL,2026-01-06T06:08:36.000000000Z,58.84,61.88,5.1666,199528,0.8154
PAEL,2026-01-06T06:12:33.000000000Z,58.89,61.92,5.1452,373335,1.5256
PAEL,2026-01-06T06:16:01.000000000Z,58.73,61.98,5.5338,186901,0.7638
PAEL,2026-01-06T06:17:45.000000000Z,58.96,61.7,4.6472,241601,0.9873
PAEL,2026-01-06T06:20:05.000000000Z,58.8,61.83,5.1531,31519,0.1288
PAEL,2026-01-06T06:22:40.000000000Z,58.78,61.8,5.1378,41290,0.1687
PAEL,2026-01-06T06:26:20.000000000Z,58.8,61.95,5.3571,52669,0.2152
PAEL,2026-01-06T06:32:01.000000000Z,58.77,61.98,5.4620,59405,0.2428
PAEL,2026-01-06T06:36:14.000000000Z,58.8,62.12,5.6463,364982,1.4915
PAEL,2026-01-06T06:40:17.000000000Z,58.85,61.91,5.1997,250804,1.0249
PAEL,2026-01-06T06:44:50.000000000Z,58.8,61.8,5.1020,137593,0.5623
PAEL,2026-01-06T06:47:56.000000000Z,59,61.75,4.6610,128718,0.5260
PAEL,2026-01-06T06:49:46.000000000Z,59,61.73,4.6271,57896,0.2366
PAEL,2026-01-06T06:52:03.000000000Z,59,61.66,4.5085,84315,0.3445
PAEL,2026-01-06T06:54:50.000000000Z,59,61.9,4.9153,74989,0.3064
PAEL,2026-01-06T06:58:44.000000000Z,58.9,61.88,5.0594,105584,0.4315
PAEL,2026-01-06T07:03:28.000000000Z,58.9,61.83,4.9745,36167,0.1478
PAEL,2026-01-06T07:07:48.000000000Z,58.8,61.81,5.1190,79660,0.3255
PAEL,2026-01-06T07:10:50.000000000Z,58.8,61.92,5.3061,58101,0.2374
PAEL,2026-01-06T07:13:54.000000000Z,58.87,61.97,5.2658,46500,0.1900
PAEL,2026-01-06T07:16:39.000000000Z,58.95,61.96,5.1060,62048,0.2536
PAEL,2026-01-06T07:19:04.000000000Z,58.99,62.08,5.2382,295271,1.2066
PAEL,2026-01-06T07:21:09.000000000Z,59.02,62.11,5.2355,369154,1.5085
PAEL,2026-01-06T07:24:35.000000000Z,59.04,62.18,5.3184,258185,1.0551
PAEL,2026-01-06T07:26:02.000000000Z,59.25,62.34,5.2152,359574,1.4694
PAEL,2026-01-06T07:27:12.000000000Z,59.28,62.35,5.1788,155356,0.6349
PAEL,2026-01-06T07:28:31.000000000Z,59.21,62.3,5.2187,163484,0.6681
PAEL,2026-01-06T07:30:28.000000000Z,59.04,62.45,5.7757,171831,0.7022
PAEL,2026-01-06T07:32:11.000000000Z,59.11,62.45,5.6505,424177,1.7334
PAEL,2026-01-06T07:33:59.000000000Z,59.01,62.35,5.6601,165775,0.6774
PAEL,2026-01-06T07:36:53.000000000Z,59.01,62.44,5.8126,168688,0.6893
PAEL,2026-01-06T07:38:37.000000000Z,59.16,62.3,5.3076,40415,0.1652
PAEL,2026-01-06T07:40:34.000000000Z,59.17,62.21,5.1377,314115,1.2836
PAEL,2026-01-06T07:41:33.000000000Z,59.3,62.21,4.9073,67375,0.2753
PAEL,2026-01-06T07:43:41.000000000Z,59.2,62.12,4.9324,135086,0.5520
PAEL,2026-01-06T07:45:29.000000000Z,59.27,62.11,4.7916,41330,0.1689
PAEL,2026-01-06T07:47:44.000000000Z,59.15,62.22,5.1902,42892,0.1753
PAEL,2026-01-06T07:51:01.000000000Z,59.1,62.26,5.3469,102613,0.4193
PAEL,2026-01-06T07:52:44.000000000Z,59.11,62.25,5.3121,201647,0.8240
PAEL,2026-01-06T07:55:46.000000000Z,59,62.2,5.4237,87126,0.3560
PAEL,2026-01-06T07:58:13.000000000Z,58.96,62.3,5.6649,126383,0.5165
PAEL,2026-01-06T08:02:27.000000000Z,58.88,62.26,5.7405,125979,0.5148
PAEL,2026-01-06T08:05:01.000000000Z,59.03,62.19,5.3532,217264,0.8878
PAEL,2026-01-06T08:06:38.000000000Z,59.21,62.26,5.1512,94529,0.3863
PAEL,2026-01-06T08:07:58.000000000Z,59.3,62.11,4.7386,196628,0.8035
PAEL,2026-01-06T08:09:19.000000000Z,59.01,61.94,4.9653,216091,0.8830
PAEL,2026-01-06T08:11:43.000000000Z,59.18,61.85,4.5117,93509,0.3821
PAEL,2026-01-06T08:15:51.000000000Z,59.11,61.92,4.7538,167220,0.6833
PAEL,2026-01-06T08:17:52.000000000Z,59.25,62.24,5.0464,229320,0.9371
PAEL,2026-01-06T08:20:45.000000000Z,59.05,62.26,5.4361,236433,0.9662
PAEL,2026-01-06T08:24:02.000000000Z,59.17,62.25,5.2053,249240,1.0185
PAEL,2026-01-06T08:27:21.000000000Z,58.99,62.28,5.5772,464461,1.8980
PAEL,2026-01-06T08:33:39.000000000Z,59,62.05,5.1695,367646,1.5024
PAEL,2026-01-06T08:37:58.000000000Z,58.98,62.05,5.2052,105269,0.4302
PAEL,2026-01-06T08:46:25.000000000Z,58.98,62.02,5.1543,109932,0.4492
PAEL,2026-01-06T08:51:02.000000000Z,58.81,62,5.4242,166288,0.6795
PAEL,2026-01-06T08:54:01.000000000Z,58.78,62.21,5.8353,119650,0.4889
PAEL,2026-01-06T08:56:45.000000000Z,58.7,62.23,6.0136,72750,0.2973
PAEL,2026-01-06T09:01:51.000000000Z,58.64,62.37,6.3608,359162,1.4677
PAEL,2026-01-06T09:04:46.000000000Z,58.55,62.24,6.3023,170970,0.6987
PAEL,2026-01-06T09:09:06.000000000Z,58.7,62.11,5.8092,181405,0.7413
PAEL,2026-01-06T09:13:25.000000000Z,58.5,62.15,6.2393,119547,0.4885
PAEL,2026-01-06T09:15:21.000000000Z,58.5,62.4,6.6667,281201,1.1491
PAEL,2026-01-06T09:17:36.000000000Z,58.41,62.2,6.4886,99054,0.4048
PAEL,2026-01-06T09:20:47.000000000Z,58.65,62.15,5.9676,58387,0.2386
PAEL,2026-01-06T09:24:42.000000000Z,58.6,62.1,5.9727,242969,0.9929
PAEL,2026-01-06T09:28:27.000000000Z,58.52,62.25,6.3739,171079,0.6991
PAEL,2026-01-06T09:31:46.000000000Z,58.55,62.2,6.2340,122603,0.5010
PAEL,2026-01-06T09:35:26.000000000Z,58.51,62.2,6.3066,195069,0.7971
PAEL,2026-01-06T09:39:56.000000000Z,58.67,62.23,6.0678,99316,0.4058
PAEL,2026-01-06T09:44:41.000000000Z,58.65,62.21,6.0699,148215,0.6057
PAEL,2026-01-06T09:48:21.000000000Z,58.53,62.25,6.3557,193674,0.7914
PAEL,2026-01-06T09:52:46.000000000Z,58.51,62.35,6.5630,340259,1.3904
PAEL,2026-01-06T09:56:59.000000000Z,58.63,62.36,6.3619,251175,1.0264
PAEL,2026-01-06T10:01:41.000000000Z,58.65,62.6,6.7349,892719,3.6480
PAEL,2026-01-06T10:05:30.000000000Z,58.64,62.49,6.5655,518894,2.1204
PAEL,2026-01-06T10:10:08.000000000Z,58.48,62.3,6.5321,224847,0.9188
PAEL,2026-01-06T10:11:24.000000000Z,58.47,62.54,6.9608,182269,0.7448
PAEL,2026-01-06T10:12:59.000000000Z,58.49,62.6,7.0268,589209,2.4078
PAEL,2026-01-06T10:15:29.000000000Z,58.59,62.5,6.6735,75556,0.3088
PAEL,2026-01-06T10:18:02.000000000Z,58.62,62.52,6.6530,90521,0.3699
PAEL,2026-01-06T10:20:31.000000000Z,58.56,62.4,6.5574,153453,0.6271
PAEL,2026-01-06T10:24:06.000000000Z,58.7,62.45,6.3884,211811,0.8656
PAEL,2026-01-06T10:25:54.000000000Z,58.75,62.45,6.2979,78032,0.3189
PAEL,2026-01-06T10:28:08.000000000Z,58.7,62.54,6.5417,186196,0.7609
PAEL,2026-01-06T10:38:23.000000000Z,58.58,62.51,6.7088,55075,0.2251
PAEL,2026-01-07T04:33:04.000000000Z,58.6,62.51,6.6724,59698,0.2440
PAEL,2026-01-07T04:34:54.000000000Z,58.65,62.39,6.3768,205514,0.8398
PAEL,2026-01-07T04:36:31.000000000Z,58.8,62.4,6.1224,100086,0.4090
PAEL,2026-01-07T04:38:21.000000000Z,58.81,62.35,6.0194,82009,0.3351
PAEL,2026-01-07T04:40:02.000000000Z,58.83,62.15,5.6434,271229,1.1084
PAEL,2026-01-07T04:41:30.000000000Z,58.8,62.21,5.7993,409028,1.6715
PAEL,2026-01-07T04:43:26.000000000Z,58.8,62.2,5.7823,624413,2.5516
PAEL,2026-01-07T04:44:42.000000000Z,58.74,62.15,5.8052,309940,1.2665
PAEL,2026-01-07T04:47:26.000000000Z,58.6,62.2,6.1433,131847,0.5388
PAEL,2026-01-07T04:49:27.000000000Z,58.65,62.26,6.1552,140716,0.5750
PAEL,2026-01-07T04:51:56.000000000Z,58.61,62.48,6.6030,254478,1.0399
PAEL,2026-01-07T04:53:54.000000000Z,58.49,62.35,6.5994,176407,0.7209
PAEL,2026-01-07T04:56:13.000000000Z,58.49,62.29,6.4968,612582,2.5033
PAEL,2026-01-07T04:58:25.000000000Z,58.8,62.3,5.9524,155680,0.6362
PAEL,2026-01-07T05:00:11.000000000Z,58.76,62.3,6.0245,235125,0.9608
PAEL,2026-01-07T05:02:20.000000000Z,58.75,62.69,6.7064,171857,0.7023
PAEL,2026-01-07T05:05:05.000000000Z,58.75,62.65,6.6383,154283,0.6305
PAEL,2026-01-07T05:07:28.000000000Z,58.7,62.74,6.8825,213250,0.8714
PAEL,2026-01-07T05:10:06.000000000Z,58.56,62.73,7.1209,245266,1.0023
PAEL,2026-01-07T05:13:11.000000000Z,58.61,62.71,6.9954,262890,1.0743
PAEL,2026-01-07T05:15:56.000000000Z,58.51,62.79,7.3150,187854,0.7677
PAEL,2026-01-07T05:19:05.000000000Z,58.63,62.65,6.8566,227178,0.9283
PAEL,2026-01-07T05:22:03.000000000Z,58.65,62.6,6.7349,91830,0.3753
PAEL,2026-01-07T05:26:10.000000000Z,58.61,62.7,6.9783,377271,1.5417
PAEL,2026-01-07T05:30:29.000000000Z,58.55,62.68,7.0538,365816,1.4949
PAEL,2026-01-07T05:33:48.000000000Z,58.7,62.65,6.7291,385300,1.5745
PAEL,2026-01-07T05:38:52.000000000Z,58.75,62.6,6.5532,146024,0.5967
PAEL,2026-01-07T05:42:44.000000000Z,58.7,62.61,6.6610,158448,0.6475
PAEL,2026-01-07T05:47:06.000000000Z,58.65,62.6,6.7349,522965,2.1371
PAEL,2026-01-07T05:50:42.000000000Z,58.74,62.74,6.8097,493480,2.0166
PAEL,2026-01-07T05:54:26.000000000Z,58.86,62.65,6.4390,451567,1.8453
PAEL,2026-01-07T05:55:32.000000000Z,59.09,62.84,6.3463,199774,0.8164
PAEL,2026-01-07T05:56:49.000000000Z,59,62.92,6.6441,615145,2.5137
PAEL,2026-01-07T05:58:16.000000000Z,58.9,63.1,7.1307,290540,1.1873
PAEL,2026-01-07T06:00:25.000000000Z,58.89,63.17,7.2678,217243,0.8877
PAEL,2026-01-07T06:03:09.000000000Z,58.85,63.17,7.3407,343739,1.4047
PAEL,2026-01-07T06:06:35.000000000Z,58.75,63.15,7.4894,101888,0.4164
PAEL,2026-01-07T06:09:21.000000000Z,58.7,63.25,7.7513,438641,1.7925
PAEL,2026-01-07T06:12:26.000000000Z,58.68,63.1,7.5324,142947,0.5841
PAEL,2026-01-07T06:16:37.000000000Z,58.8,63.15,7.3980,125389,0.5124
PAEL,2026-01-07T06:22:08.000000000Z,58.8,63.05,7.2279,136382,0.5573
PAEL,2026-01-07T06:26:16.000000000Z,58.7,62.91,7.1721,222921,0.9110
PAEL,2026-01-07T06:31:30.000000000Z,58.73,63.07,7.3897,87777,0.3587
PAEL,2026-01-07T06:37:34.000000000Z,58.78,63,7.1793,97063,0.3966
PAEL,2026-01-07T06:42:02.000000000Z,58.7,63.09,7.4787,16283,0.0665
PAEL,2026-01-07T06:47:34.000000000Z,58.7,63.06,7.4276,61719,0.2522
PAEL,2026-01-07T06:53:30.000000000Z,58.69,63.08,7.4800,226641,0.9262
PAEL,2026-01-07T06:56:46.000000000Z,58.55,63.06,7.7028,62392,0.2550
PAEL,2026-01-07T07:01:06.000000000Z,58.4,63,7.8767,257715,1.0531
PAEL,2026-01-07T07:04:07.000000000Z,58.6,63.11,7.6962,181898,0.7433
PAEL,2026-01-07T07:07:34.000000000Z,58.57,62.92,7.4270,177961,0.7272
PAEL,2026-01-07T07:12:13.000000000Z,58.59,63.03,7.5781,193821,0.7920
PAEL,2026-01-07T07:14:49.000000000Z,58.91,63,6.9428,294079,1.2017
PAEL,2026-01-07T07:16:55.000000000Z,58.81,63.06,7.2267,136867,0.5593
PAEL,2026-01-07T07:22:10.000000000Z,58.83,63.28,7.5642,159155,0.6504
PAEL,2026-01-07T07:26:43.000000000Z,58.77,63.25,7.6229,74261,0.3035
PAEL,2026-01-07T07:33:26.000000000Z,58.8,63.31,7.6701,202754,0.8285
PAEL,2026-01-07T07:39:42.000000000Z,58.85,63.34,7.6296,360062,1.4714
PAEL,2026-01-07T07:41:09.000000000Z,59.1,63.31,7.1235,161081,0.6582
PAEL,2026-01-07T07:42:15.000000000Z,58.95,63.25,7.2943,444873,1.8179
PAEL,2026-01-07T07:44:06.000000000Z,59.25,63.3,6.8354,286373,1.1702
PAEL,2026-01-07T07:45:04.000000000Z,59.05,63.35,7.2820,206877,0.8454
PAEL,2026-01-07T07:46:44.000000000Z,59.1,63.4,7.2758,166507,0.6804
PAEL,2026-01-07T07:48:22.000000000Z,59.08,63.55,7.5660,394647,1.6127
PAEL,2026-01-07T07:50:24.000000000Z,58.87,63.59,8.0177,359662,1.4697
PAEL,2026-01-07T07:52:40.000000000Z,58.98,63.75,8.0875,281953,1.1522
PAEL,2026-01-07T07:59:19.000000000Z,58.83,63.85,8.5331,401914,1.6424
PAEL,2026-01-07T08:04:21.000000000Z,58.8,63.85,8.5884,369217,1.5088
PAEL,2026-01-07T08:09:30.000000000Z,58.8,63.8,8.5034,324332,1.3254
PAEL,2026-01-07T08:13:56.000000000Z,58.89,64.18,8.9828,1275128,5.2107
PAEL,2026-01-07T08:17:28.000000000Z,59.05,63.99,8.3658,250320,1.0229
PAEL,2026-01-07T08:21:39.000000000Z,58.87,63.82,8.4084,279975,1.1441
PAEL,2026-01-07T08:26:14.000000000Z,58.9,64,8.6587,873278,3.5686
PAEL,2026-01-07T08:31:33.000000000Z,58.82,64.09,8.9595,1089473,4.4521
PAEL,2026-01-07T08:35:02.000000000Z,59.05,64,8.3827,487421,1.9918
PAEL,2026-01-07T08:36:47.000000000Z,59.01,63.75,8.0325,309405,1.2644
PAEL,2026-01-07T08:40:14.000000000Z,58.85,63.5,7.9014,422514,1.7266
PAEL,2026-01-07T08:44:46.000000000Z,58.85,63.6,8.0714,220642,0.9016
PAEL,2026-01-07T08:51:10.000000000Z,58.84,63.49,7.9028,279232,1.1411
PAEL,2026-01-07T08:55:42.000000000Z,58.88,63.61,8.0333,98381,0.4020
PAEL,2026-01-07T08:58:56.000000000Z,58.8,63.79,8.4864,150926,0.6167
PAEL,2026-01-07T09:02:26.000000000Z,58.9,63.65,8.0645,135021,0.5518
PAEL,2026-01-07T09:07:27.000000000Z,59,63.59,7.7797,62035,0.2535
PAEL,2026-01-07T09:14:02.000000000Z,58.99,63.59,7.7979,219522,0.8971
PAEL,2026-01-07T09:19:55.000000000Z,58.89,63.5,7.8282,107555,0.4395
PAEL,2026-01-07T09:23:54.000000000Z,58.87,63.38,7.6609,118346,0.4836
PAEL,2026-01-07T09:27:56.000000000Z,58.8,63.4,7.8231,73915,0.3020
PAEL,2026-01-07T09:31:29.000000000Z,58.82,63.63,8.1775,192629,0.7872
PAEL,2026-01-07T09:36:50.000000000Z,58.99,63.76,8.0861,220621,0.9016
PAEL,2026-01-07T09:39:02.000000000Z,58.8,63.69,8.3163,111170,0.4543
PAEL,2026-01-07T09:43:19.000000000Z,58.8,63.6,8.1633,62643,0.2560
PAEL,2026-01-07T09:51:10.000000000Z,58.98,63.56,7.7653,133844,0.5469
PAEL,2026-01-07T09:54:18.000000000Z,58.99,63.52,7.6793,54278,0.2218
PAEL,2026-01-07T09:57:08.000000000Z,58.91,63.45,7.7067,100719,0.4116
PAEL,2026-01-07T10:02:08.000000000Z,58.95,63.38,7.5148,254351,1.0394
PAEL,2026-01-07T10:06:26.000000000Z,58.9,63.3,7.4703,193975,0.7927
PAEL,2026-01-07T10:09:06.000000000Z,58.97,63.29,7.3258,148991,0.6088
PAEL,2026-01-07T10:12:23.000000000Z,59.1,63.43,7.3266,182127,0.7442
PAEL,2026-01-07T10:13:57.000000000Z,59.03,63.52,7.6063,283975,1.1604
PAEL,2026-01-07T10:15:58.000000000Z,58.9,63.41,7.6570,120886,0.4940
PAEL,2026-01-07T10:20:05.000000000Z,59,63.47,7.5763,232576,0.9504
PAEL,2026-01-07T10:22:44.000000000Z,59.02,63.45,7.5059,92803,0.3792
PAEL,2026-01-07T10:25:02.000000000Z,59.01,63.31,7.2869,396141,1.6188
PAEL,2026-01-07T10:27:21.000000000Z,59,63.3,7.2881,123995,0.5067
PAEL,2026-01-07T10:28:51.000000000Z,58.92,63.25,7.3489,233009,0.9522
PAEL,2026-01-08T04:32:32.000000000Z,59.4,63.45,6.8182,236803,0.9677
PAEL,2026-01-08T04:33:48.000000000Z,59.21,63.4,7.0765,125922,0.5146
PAEL,2026-01-08T04:35:07.000000000Z,59.25,63.45,7.0886,121955,0.4984
PAEL,2026-01-08T04:36:16.000000000Z,59.33,63.35,6.7757,113170,0.4625
PAEL,2026-01-08T04:37:37.000000000Z,59.15,63.4,7.1851,160249,0.6548
PAEL,2026-01-08T04:39:03.000000000Z,59.25,63.45,7.0886,86510,0.3535
PAEL,2026-01-08T04:40:35.000000000Z,59.32,63.44,6.9454,88620,0.3621
PAEL,2026-01-08T04:42:08.000000000Z,59.49,63.4,6.5725,261629,1.0691
PAEL,2026-01-08T04:43:24.000000000Z,59.7,63.25,5.9464,129246,0.5282
PAEL,2026-01-08T04:44:28.000000000Z,59.55,63.35,6.3812,119374,0.4878
PAEL,2026-01-08T04:45:43.000000000Z,59.5,63.42,6.5882,65896,0.2693
PAEL,2026-01-08T04:46:58.000000000Z,59.35,63.26,6.5880,146498,0.5987
PAEL,2026-01-08T04:48:18.000000000Z,59.4,63.29,6.5488,126978,0.5189
PAEL,2026-01-08T04:49:17.000000000Z,59.4,63.3,6.5657,152157,0.6218
PAEL,2026-01-08T04:50:31.000000000Z,59.4,63.45,6.8182,192602,0.7871
PAEL,2026-01-08T04:52:12.000000000Z,59.35,63.4,6.8239,190993,0.7805
PAEL,2026-01-08T04:54:11.000000000Z,59.45,63.35,6.5601,30229,0.1235
PAEL,2026-01-08T04:56:07.000000000Z,59.29,63.3,6.7634,222805,0.9105
PAEL,2026-01-08T04:57:54.000000000Z,59.3,63.3,6.7454,234197,0.9570
PAEL,2026-01-08T04:58:59.000000000Z,59.5,63.22,6.2521,455028,1.8594
PAEL,2026-01-08T05:00:07.000000000Z,59.8,63.16,5.6187,1491621,6.0954
PAEL,2026-01-08T05:00:57.000000000Z,60.25,63.17,4.8465,896828,3.6648
PAEL,2026-01-08T05:01:47.000000000Z,60.4,63.2,4.6358,1349197,5.5134
PAEL,2026-01-08T05:02:38.000000000Z,60.5,63.37,4.7438,898955,3.6735
PAEL,2026-01-08T05:03:29.000000000Z,60.6,63.31,4.4719,1207800,4.9356
PAEL,2026-01-08T05:04:19.000000000Z,60.66,63.39,4.5005,775458,3.1689
PAEL,2026-01-08T05:05:09.000000000Z,60.35,63.44,5.1201,620227,2.5345
PAEL,2026-01-08T05:06:02.000000000Z,60.58,63.21,4.3414,993869,4.0614
PAEL,2026-01-08T05:06:53.000000000Z,60.45,63.33,4.7643,298307,1.2190
PAEL,2026-01-08T05:07:51.000000000Z,60.16,63.41,5.4023,229765,0.9389
PAEL,2026-01-08T05:08:42.000000000Z,60.25,63.27,5.0124,293325,1.1987
PAEL,2026-01-08T05:09:34.000000000Z,60.18,63.15,4.9352,329666,1.3472
PAEL,2026-01-08T05:10:33.000000000Z,60.1,63.23,5.2080,429368,1.7546
PAEL,2026-01-08T05:11:33.000000000Z,59.9,63.27,5.6260,322363,1.3173
PAEL,2026-01-08T05:12:27.000000000Z,60,63.16,5.2667,140250,0.5731
PAEL,2026-01-08T05:13:29.000000000Z,60,63.26,5.4333,303380,1.2397
PAEL,2026-01-08T05:14:54.000000000Z,60,63.07,5.1167,119408,0.4880
PAEL,2026-01-08T05:15:56.000000000Z,60.11,63.04,4.8744,532458,2.1759
PAEL,2026-01-08T05:17:03.000000000Z,59.9,62.86,4.9416,449791,1.8380
PAEL,2026-01-08T05:18:28.000000000Z,59.85,62.8,4.9290,307591,1.2569
PAEL,2026-01-08T05:19:52.000000000Z,59.9,62.9,5.0083,230656,0.9426
PAEL,2026-01-08T05:21:02.000000000Z,59.94,62.75,4.6880,320607,1.3101
PAEL,2026-01-08T05:22:17.000000000Z,60.05,62.85,4.6628,245079,1.0015
PAEL,2026-01-08T05:23:20.000000000Z,60.1,63.1,4.9917,660684,2.6998
PAEL,2026-01-08T05:24:19.000000000Z,60.2,63.17,4.9336,402212,1.6436
PAEL,2026-01-08T05:25:22.000000000Z,60.25,63.05,4.6473,477670,1.9520
PAEL,2026-01-08T05:26:30.000000000Z,60.17,63.1,4.8695,175462,0.7170
PAEL,2026-01-08T05:27:53.000000000Z,60.35,63,4.3911,253373,1.0354
PAEL,2026-01-08T05:29:23.000000000Z,60.11,62.75,4.3919,620199,2.5344
PAEL,2026-01-08T05:30:49.000000000Z,60.09,62.8,4.5099,548990,2.2434
PAEL,2026-01-08T05:32:19.000000000Z,60.1,63.25,5.2413,313292,1.2802
PAEL,2026-01-08T05:33:34.000000000Z,60.14,63.17,5.0382,179611,0.7340
PAEL,2026-01-08T05:34:53.000000000Z,60.1,63,4.8253,195472,0.7988
PAEL,2026-01-08T05:36:09.000000000Z,60.08,63,4.8602,353647,1.4452
PAEL,2026-01-08T05:37:42.000000000Z,60.14,63.15,5.0050,132941,0.5433
PAEL,2026-01-08T05:39:23.000000000Z,60.05,63.15,5.1624,86064,0.3517
PAEL,2026-01-08T05:41:10.000000000Z,60.03,63.16,5.2141,177791,0.7265
PAEL,2026-01-08T05:43:06.000000000Z,59.9,63.21,5.5259,311000,1.2709
PAEL,2026-01-08T05:45:02.000000000Z,60.1,63.25,5.2413,116109,0.4745
PAEL,2026-01-08T05:47:09.000000000Z,60.07,63.4,5.5435,118225,0.4831
PAEL,2026-01-08T05:49:44.000000000Z,60.07,63.3,5.3771,107757,0.4403
PAEL,2026-01-08T05:51:50.000000000Z,60.06,63.4,5.5611,192291,0.7858
PAEL,2026-01-08T05:53:14.000000000Z,60.2,63.39,5.2990,114362,0.4673
PAEL,2026-01-08T05:54:23.000000000Z,60.4,63.35,4.8841,250707,1.0245
PAEL,2026-01-08T05:55:23.000000000Z,60.41,63.34,4.8502,303603,1.2407
PAEL,2026-01-08T05:56:26.000000000Z,60.35,63.18,4.6893,105703,0.4319
PAEL,2026-01-08T05:58:12.000000000Z,60.4,63.1,4.4702,42800,0.1749
PAEL,2026-01-08T05:59:12.000000000Z,60.4,63.33,4.8510,252239,1.0308
PAEL,2026-01-08T06:00:40.000000000Z,60.42,63.27,4.7170,228101,0.9321
PAEL,2026-01-08T06:02:04.000000000Z,60.35,63.21,4.7390,189162,0.7730
PAEL,2026-01-08T06:03:26.000000000Z,60.4,63.25,4.7185,190604,0.7789
PAEL,2026-01-08T06:04:59.000000000Z,60.45,63.25,4.6319,85502,0.3494
PAEL,2026-01-08T06:06:45.000000000Z,60.35,63.25,4.8053,85382,0.3489
PAEL,2026-01-08T06:09:12.000000000Z,60.3,63.1,4.6434,420248,1.7173
PAEL,2026-01-08T06:11:21.000000000Z,60.24,63.12,4.7809,77167,0.3153
PAEL,2026-01-08T06:13:51.000000000Z,60.2,63.1,4.8173,245874,1.0047
PAEL,2026-01-08T06:16:06.000000000Z,60.16,63.1,4.8870,81176,0.3317
PAEL,2026-01-08T06:18:40.000000000Z,60.15,63,4.7382,192207,0.7854
PAEL,2026-01-08T06:21:43.000000000Z,60.1,62.85,4.5757,212257,0.8674
PAEL,2026-01-08T06:24:09.000000000Z,60.12,62.71,4.3081,250123,1.0221
PAEL,2026-01-08T06:26:49.000000000Z,60.15,62.79,4.3890,258369,1.0558
PAEL,2026-01-08T06:28:55.000000000Z,60.11,62.89,4.6249,115126,0.4705
PAEL,2026-01-08T06:31:31.000000000Z,60.11,63,4.8079,337082,1.3775
PAEL,2026-01-08T06:34:08.000000000Z,60.11,62.99,4.7912,261303,1.0678
PAEL,2026-01-08T06:36:36.000000000Z,60.25,62.98,4.5311,200543,0.8195
PAEL,2026-01-08T06:40:25.000000000Z,60.2,63.03,4.7010,447935,1.8305
PAEL,2026-01-08T06:43:34.000000000Z,60.27,63.03,4.5794,246279,1.0064
PAEL,2026-01-08T06:46:38.000000000Z,60.15,63.18,5.0374,717154,2.9306
PAEL,2026-01-08T06:49:36.000000000Z,60.29,63.1,4.6608,188945,0.7721
PAEL,2026-01-08T06:51:43.000000000Z,60.3,63.05,4.5605,346301,1.4151
PAEL,2026-01-08T06:54:23.000000000Z,60.44,63.15,4.4838,97499,0.3984
PAEL,2026-01-08T06:56:03.000000000Z,60.42,63.2,4.6011,63190,0.2582
PAEL,2026-01-08T06:58:00.000000000Z,60.39,63.18,4.6200,192933,0.7884
LUCK,2026-01-05T04:32:00.000000000Z,478.5,499,4.2842,16188,0.6762
LUCK,2026-01-05T04:33:24.000000000Z,481,497.25,3.3784,27748,1.1591
LUCK,2026-01-05T04:34:36.000000000Z,480.99,492.6,2.4138,52002,2.1723
LUCK,2026-01-05T04:35:38.000000000Z,481.6,492.9,2.3463,18879,0.7887
LUCK,2026-01-05T04:37:21.000000000Z,484,492.7,1.7975,32113,1.3415
LUCK,2026-01-05T04:38:19.000000000Z,483.58,493.49,2.0493,15367,0.6419
LUCK,2026-01-05T04:39:21.000000000Z,481.91,492.99,2.2992,17330,0.7239
LUCK,2026-01-05T04:40:31.000000000Z,482,492.5,2.1784,59581,2.4889
LUCK,2026-01-05T04:41:34.000000000Z,482,497,3.1120,29948,1.2510
LUCK,2026-01-05T04:42:43.000000000Z,483,493.5,2.1739,11643,0.4864
LUCK,2026-01-05T04:58:41.000000000Z,481.98,493.97,2.4877,16502,0.6894
LUCK,2026-01-05T05:00:03.000000000Z,481.8,494,2.5322,18736,0.7827
LUCK,2026-01-05T05:27:17.000000000Z,481.64,494.92,2.7572,10961,0.4579
LUCK,2026-01-05T05:29:36.000000000Z,481.85,494,2.5215,8044,0.3360
LUCK,2026-01-05T05:32:05.000000000Z,481.7,494.05,2.5638,8987,0.3754
LUCK,2026-01-05T05:34:19.000000000Z,481.8,494.3,2.5944,7803,0.3260
LUCK,2026-01-05T05:36:22.000000000Z,481.5,494.48,2.6957,8838,0.3692
LUCK,2026-01-05T05:39:03.000000000Z,481.46,494.47,2.7022,4207,0.1757
LUCK,2026-01-05T05:42:23.000000000Z,481.48,494.1,2.6211,13008,0.5434
LUCK,2026-01-05T05:45:10.000000000Z,481.8,493.97,2.5259,16398,0.6850
LUCK,2026-01-05T05:47:34.000000000Z,481.99,493.03,2.2905,20056,0.8378
LUCK,2026-01-05T05:50:04.000000000Z,482,493.4,2.3651,29613,1.2371
LUCK,2026-01-05T05:52:02.000000000Z,483,493.94,2.2650,16031,0.6697
LUCK,2026-01-05T05:53:37.000000000Z,483,495,2.4845,28350,1.1843
LUCK,2026-01-05T05:55:06.000000000Z,482.8,495,2.5269,20003,0.8356
LUCK,2026-01-05T05:57:03.000000000Z,482.48,494.6,2.5120,6585,0.2751
LUCK,2026-01-05T05:59:18.000000000Z,481.76,495.5,2.8520,9455,0.3950
LUCK,2026-01-05T06:01:46.000000000Z,482,495.98,2.9004,13158,0.5497
LUCK,2026-01-05T06:03:38.000000000Z,481.99,495.98,2.9025,7957,0.3324
LUCK,2026-01-05T06:06:06.000000000Z,481.99,496.3,2.9689,27805,1.1615
LUCK,2026-01-05T06:08:26.000000000Z,481.99,495,2.6992,12529,0.5234
LUCK,2026-01-05T06:10:45.000000000Z,482.3,495.95,2.8302,7958,0.3324
LUCK,2026-01-05T06:13:16.000000000Z,482.53,495.95,2.7812,9410,0.3931
LUCK,2026-01-05T06:15:38.000000000Z,482.5,496,2.7979,15527,0.6486
LUCK,2026-01-05T06:18:43.000000000Z,481.47,495.02,2.8143,18412,0.7691
LUCK,2026-01-05T06:22:03.000000000Z,481.5,495.5,2.9076,7822,0.3268
LUCK,2026-01-05T06:25:59.000000000Z,481.99,496.44,2.9980,17194,0.7183
LUCK,2026-01-05T06:29:20.000000000Z,481.7,497.5,3.2800,22251,0.9295
LUCK,2026-01-05T06:32:34.000000000Z,481.98,497.5,3.2201,20117,0.8404
LUCK,2026-01-05T06:35:26.000000000Z,481.51,499,3.6323,23903,0.9985
LUCK,2026-01-05T06:40:03.000000000Z,481.69,498.52,3.4939,3803,0.1589
LUCK,2026-01-05T06:43:32.000000000Z,481.75,498.79,3.5371,5863,0.2449
LUCK,2026-01-05T06:46:44.000000000Z,481.7,498.58,3.5043,5364,0.2241
LUCK,2026-01-05T06:50:36.000000000Z,481.68,498.88,3.5708,9173,0.3832
LUCK,2026-01-05T06:54:25.000000000Z,481.68,499,3.5957,35150,1.4684
LUCK,2026-01-05T06:58:34.000000000Z,482,499.85,3.7033,30168,1.2602
LUCK,2026-01-05T07:01:01.000000000Z,482.1,498.52,3.4059,29514,1.2329
LUCK,2026-01-05T07:03:47.000000000Z,482.5,498.51,3.3181,15653,0.6539
LUCK,2026-01-05T07:06:09.000000000Z,482.39,498,3.2360,11941,0.4988
LUCK,2026-01-05T07:09:46.000000000Z,482.88,497,2.9241,12619,0.5271
LUCK,2026-01-05T07:12:08.000000000Z,482.55,497.98,3.1976,21172,0.8844
LUCK,2026-01-05T07:14:04.000000000Z,482.51,496.53,2.9056,14388,0.6010
LUCK,2026-01-05T07:16:21.000000000Z,482.55,495.62,2.7085,6456,0.2697
LUCK,2026-01-05T07:20:12.000000000Z,482.85,495.02,2.5205,10484,0.4380
LUCK,2026-01-05T07:22:36.000000000Z,482.48,495.98,2.7980,4633,0.1935
LUCK,2026-01-05T07:26:43.000000000Z,482.45,495.6,2.7257,12394,0.5177
LUCK,2026-01-05T07:30:44.000000000Z,481.99,495.6,2.8237,4416,0.1845
LUCK,2026-01-05T07:34:18.000000000Z,481.56,496.53,3.1086,18926,0.7906
LUCK,2026-01-05T07:38:42.000000000Z,481.5,496.2,3.0530,10058,0.4202
LUCK,2026-01-05T07:42:39.000000000Z,481.99,496.97,3.1079,3615,0.1510
LUCK,2026-01-05T07:48:18.000000000Z,481.99,496.01,2.9088,2798,0.1169
LUCK,2026-01-05T07:53:29.000000000Z,482,495.7,2.8423,15735,0.6573
LUCK,2026-01-05T07:58:30.000000000Z,481.99,495.92,2.8901,4289,0.1792
LUCK,2026-01-05T08:03:22.000000000Z,481.65,495.61,2.8984,9837,0.4109
LUCK,2026-01-05T08:08:18.000000000Z,481.99,495.5,2.8030,12754,0.5328
LUCK,2026-01-05T08:12:56.000000000Z,481.8,495,2.7397,10135,0.4234
LUCK,2026-01-05T08:16:51.000000000Z,481.8,494,2.5322,17603,0.7353
LUCK,2026-01-05T08:21:05.000000000Z,481.9,494.89,2.6956,3332,0.1392
LUCK,2026-01-05T08:27:13.000000000Z,481.66,494.89,2.7468,5512,0.2303
LUCK,2026-01-05T08:32:39.000000000Z,482,494.11,2.5124,11025,0.4606
LUCK,2026-01-05T08:38:12.000000000Z,482,496.99,3.1100,9878,0.4126
LUCK,2026-01-05T08:43:25.000000000Z,481.95,496.39,2.9962,3025,0.1264
LUCK,2026-01-05T08:47:53.000000000Z,481.5,495.99,3.0093,6203,0.2591
LUCK,2026-01-05T08:51:53.000000000Z,481.9,495,2.7184,12203,0.5098
LUCK,2026-01-05T08:57:25.000000000Z,481.89,493.7,2.4508,29179,1.2189
LUCK,2026-01-05T09:01:41.000000000Z,482,494.49,2.5913,29879,1.2482
LUCK,2026-01-05T09:04:33.000000000Z,482.68,493.5,2.2417,32481,1.3569
LUCK,2026-01-05T09:07:15.000000000Z,483,493,2.0704,31176,1.3023
LUCK,2026-01-05T09:10:13.000000000Z,483,492.8,2.0290,53772,2.2463
LUCK,2026-01-05T09:12:19.000000000Z,483.5,493,1.9648,12382,0.5172
LUCK,2026-01-05T09:14:42.000000000Z,483.1,492.9,2.0286,37973,1.5863
LUCK,2026-01-05T09:17:58.000000000Z,483.62,494,2.1463,35862,1.4981
LUCK,2026-01-05T09:20:06.000000000Z,484,494.16,2.0992,48215,2.0141
LUCK,2026-01-05T09:21:31.000000000Z,485.99,493.63,1.5720,67951,2.8386
LUCK,2026-01-05T09:22:46.000000000Z,487.15,493.1,1.2214,25835,1.0792
LUCK,2026-01-05T09:23:56.000000000Z,487.5,492.97,1.1221,61117,2.5531
LUCK,2026-01-05T09:25:01.000000000Z,488.04,492.97,1.0102,125860,5.2577
LUCK,2026-01-05T10:05:53.000000000Z,487.99,492.94,1.0144,23729,0.9913
LUCK,2026-01-05T10:08:15.000000000Z,487.8,492.94,1.0537,74056,3.0936
LUCK,2026-01-05T10:27:40.000000000Z,487,492,1.0267,54035,2.2573
LUCK,2026-01-05T10:28:53.000000000Z,486.98,493.73,1.3861,135455,5.6585
LUCK,2026-01-05T10:35:14.000000000Z,488.36,494.73,1.3044,59041,2.4664
CEPB,2026-01-05T04:40:37.000000000Z,37.15,37.6,1.2113,106330,1.1866
CEPB,2026-01-05T05:35:16.000000000Z,37,37.5,1.3514,118335,1.3206
CEPB,2026-01-05T05:49:32.000000000Z,37.25,38,2.0134,158887,1.7731
CEPB,2026-01-05T05:58:08.000000000Z,37.2,38.12,2.4731,137027,1.5292
CEPB,2026-01-05T06:12:51.000000000Z,37.26,38,1.9860,173390,1.9350
CEPB,2026-01-05T06:17:03.000000000Z,37.02,38.15,3.0524,83798,0.9352
CEPB,2026-01-05T06:29:34.000000000Z,37.25,38.1,2.2819,49237,0.5495
CEPB,2026-01-05T06:39:37.000000000Z,37.48,37.86,1.0139,321318,3.5858
CEPB,2026-01-05T08:37:44.000000000Z,37.58,38,1.1176,72570,0.8099
CEPB,2026-01-05T08:59:36.000000000Z,37.45,38.3,2.2697,215564,2.4056
CEPB,2026-01-05T09:18:26.000000000Z,37.37,38.12,2.0070,161375,1.8009
CEPB,2026-01-05T09:24:14.000000000Z,37.15,37.9,2.0188,60345,0.6734
CEPB,2026-01-05T09:27:36.000000000Z,37.15,37.9,2.0188,164305,1.8336
CEPB,2026-01-05T09:30:55.000000000Z,37.3,38,1.8767,64255,0.7171
CEPB,2026-01-05T09:37:58.000000000Z,37.35,37.85,1.3387,51617,0.5760
CEPB,2026-01-05T09:58:31.000000000Z,37.2,37.6,1.0753,30433,0.3396
CEPB,2026-01-05T10:07:55.000000000Z,37.15,37.99,2.2611,92672,1.0342
CEPB,2026-01-05T10:16:52.000000000Z,37.1,37.8,1.8868,65323,0.7290
CEPB,2026-01-05T10:21:31.000000000Z,37.01,37.6,1.5942,51331,0.5728
CEPB,2026-01-06T04:59:00.000000000Z,37.01,37.9,2.4048,109900,1.2264
CEPB,2026-01-06T05:04:51.000000000Z,36.98,37.94,2.5960,59895,0.6684
CEPB,2026-01-06T05:11:50.000000000Z,37.01,37.7,1.8644,51008,0.5692
CEPB,2026-01-06T05:17:56.000000000Z,37,37.89,2.4054,55025,0.6141
CEPB,2026-01-06T05:26:12.000000000Z,37,38.05,2.8378,145708,1.6260
CEPB,2026-01-06T05:33:37.000000000Z,36.96,37.8,2.2727,94223,1.0515
CEPB,2026-01-08T04:33:35.000000000Z,37,37.69,1.8649,21500,0.2399
CEPB,2026-01-08T04:40:38.000000000Z,37.1,37.5,1.0782,11611,0.1296
CEPB,2026-01-09T05:56:12.000000000Z,36.6,37,1.0929,47496,0.5300
CEPB,2026-01-09T06:14:28.000000000Z,37,37.7,1.8919,144600,1.6137
CEPB,2026-01-09T11:23:32.000000000Z,37,37.45,1.2162,111321,1.2423
QUICE,2026-01-05T04:32:01.000000000Z,29.1,34.35,18.0412,594224,4.8681
QUICE,2026-01-05T04:32:58.000000000Z,29.69,34.56,16.4028,1128529,9.2453
QUICE,2026-01-05T04:33:54.000000000Z,29.45,35.05,19.0153,344068,2.8187
QUICE,2026-01-05T04:34:57.000000000Z,29.78,35.25,18.3680,370491,3.0352
QUICE,2026-01-05T04:35:54.000000000Z,30.25,35.15,16.1983,426867,3.4970
QUICE,2026-01-05T04:37:20.000000000Z,30.5,34.81,14.1311,227285,1.8620
QUICE,2026-01-05T04:38:26.000000000Z,30.75,34.95,13.6585,207504,1.6999
QUICE,2026-01-05T04:39:24.000000000Z,31,34.76,12.1290,1198627,9.8196
QUICE,2026-01-05T04:40:17.000000000Z,31.45,34.45,9.5390,536832,4.3979
QUICE,2026-01-05T04:41:31.000000000Z,31.45,34.22,8.8076,803655,6.5838
QUICE,2026-01-05T05:25:39.000000000Z,30.7,34.21,11.4332,445410,3.6490
QUICE,2026-01-05T05:26:46.000000000Z,30.7,34.18,11.3355,184275,1.5096
QUICE,2026-01-05T05:28:00.000000000Z,30.75,34.4,11.8699,211515,1.7328
QUICE,2026-01-05T05:29:15.000000000Z,30.7,34.4,12.0521,104111,0.8529
QUICE,2026-01-05T05:30:42.000000000Z,30.71,34.25,11.5272,133302,1.0921
QUICE,2026-01-05T05:32:11.000000000Z,31.2,34.2,9.6154,107721,0.8825
QUICE,2026-01-05T05:33:18.000000000Z,31.25,34.33,9.8560,168681,1.3819
QUICE,2026-01-05T05:34:31.000000000Z,31.23,34.26,9.7022,80836,0.6622
QUICE,2026-01-05T05:35:46.000000000Z,31,34.25,10.4839,111563,0.9140
QUICE,2026-01-05T05:37:31.000000000Z,31,34.23,10.4194,276404,2.2644
QUICE,2026-01-05T05:39:29.000000000Z,30.8,34.23,11.1364,101095,0.8282
QUICE,2026-01-05T05:41:18.000000000Z,31.11,34.48,10.8325,104154,0.8533
QUICE,2026-01-05T05:42:59.000000000Z,31.2,34.5,10.5769,169395,1.3877
QUICE,2026-01-05T05:45:19.000000000Z,31.15,34.7,11.3965,223808,1.8335
QUICE,2026-01-05T05:47:34.000000000Z,30.5,34.75,13.9344,144425,1.1832
QUICE,2026-01-05T05:48:42.000000000Z,30.49,35.2,15.4477,190347,1.5594
QUICE,2026-01-05T05:49:50.000000000Z,30.65,35.25,15.0082,256429,2.1008
QUICE,2026-01-05T05:51:18.000000000Z,30.6,35.7,16.6667,122018,0.9996
QUICE,2026-01-05T05:53:02.000000000Z,30.65,35.48,15.7586,109207,0.8947
QUICE,2026-01-05T05:54:02.000000000Z,30.6,36.2,18.3007,224250,1.8371
QUICE,2026-01-05T05:55:42.000000000Z,30.74,35.5,15.4847,196807,1.6123
QUICE,2026-01-05T05:57:56.000000000Z,30.7,35.3,14.9837,71132,0.5827
QUICE,2026-01-05T06:00:24.000000000Z,30.7,35.45,15.4723,102134,0.8367
QUICE,2026-01-05T06:03:18.000000000Z,30.74,35.4,15.1594,23319,0.1910
QUICE,2026-01-05T06:05:36.000000000Z,30.95,35.25,13.8934,53430,0.4377
QUICE,2026-01-05T06:08:06.000000000Z,30.73,35.22,14.6111,64676,0.5298
QUICE,2026-01-05T06:11:07.000000000Z,30.8,35.05,13.7987,137730,1.1283
QUICE,2026-01-05T06:15:21.000000000Z,30.65,35.14,14.6493,36242,0.2969
QUICE,2026-01-05T06:18:06.000000000Z,30.75,35.25,14.6341,22701,0.1860
QUICE,2026-01-05T06:20:42.000000000Z,30.74,35.4,15.1594,85773,0.7027
QUICE,2026-01-05T06:24:06.000000000Z,30.76,35.15,14.2718,35932,0.2944
QUICE,2026-01-05T06:27:13.000000000Z,30.93,35.2,13.8054,56249,0.4608
QUICE,2026-01-05T06:29:49.000000000Z,30.96,34.89,12.6938,129424,1.0603
QUICE,2026-01-05T06:32:20.000000000Z,30.95,34.85,12.6010,33089,0.2711
QUICE,2026-01-05T06:34:22.000000000Z,30.95,35.2,13.7318,31857,0.2610
QUICE,2026-01-05T06:37:35.000000000Z,30.94,35.06,13.3161,15590,0.1277
QUICE,2026-01-05T06:39:57.000000000Z,30.86,34.92,13.1562,34528,0.2829
QUICE,2026-01-05T06:43:07.000000000Z,30.61,35.06,14.5377,89901,0.7365
QUICE,2026-01-05T06:44:57.000000000Z,30.48,35.25,15.6496,76537,0.6270
QUICE,2026-01-05T06:46:29.000000000Z,30.35,35.6,17.2982,124355,1.0188
QUICE,2026-01-05T06:48:32.000000000Z,30.6,35.4,15.6863,179317,1.4690
QUICE,2026-01-05T06:50:50.000000000Z,30.5,35.7,17.0492,201494,1.6507
QUICE,2026-01-05T06:52:48.000000000Z,30.31,35.6,17.4530,42321,0.3467
QUICE,2026-01-05T06:54:18.000000000Z,30.31,35.6,17.4530,21807,0.1787
QUICE,2026-01-05T06:57:16.000000000Z,30.4,36.1,18.7500,155746,1.2759
QUICE,2026-01-05T06:59:33.000000000Z,30.5,36.6,20.0000,240306,1.9687
QUICE,2026-01-05T07:01:49.000000000Z,30.21,37.08,22.7408,175401,1.4369
QUICE,2026-01-05T07:04:40.000000000Z,30.19,37.75,25.0414,379085,3.1056
QUICE,2026-01-05T07:06:06.000000000Z,30,38.3,27.6667,502127,4.1136
QUICE,2026-01-05T07:07:12.000000000Z,29.5,37.5,27.1186,516463,4.2311
QUICE,2026-01-05T07:08:08.000000000Z,29.1,37.35,28.3505,93740,0.7680
QUICE,2026-01-05T07:09:05.000000000Z,29.45,37.25,26.4856,150174,1.2303
QUICE,2026-01-05T07:10:07.000000000Z,29.3,37.48,27.9181,139129,1.1398
QUICE,2026-01-05T07:11:26.000000000Z,29.69,37.72,27.0461,99693,0.8167
QUICE,2026-01-05T07:12:36.000000000Z,29.6,37.64,27.1622,155359,1.2728
QUICE,2026-01-05T07:13:40.000000000Z,29.67,37.77,27.3003,102794,0.8421
QUICE,2026-01-05T07:14:57.000000000Z,29.5,38,28.8136,225077,1.8439
QUICE,2026-01-05T07:16:22.000000000Z,29.57,37.7,27.4941,137770,1.1287
QUICE,2026-01-05T07:18:28.000000000Z,29.6,37.98,28.3108,83009,0.6800
QUICE,2026-01-05T07:20:17.000000000Z,29.54,37.52,27.0142,128433,1.0522
QUICE,2026-01-05T07:21:38.000000000Z,29.52,37.65,27.5407,81173,0.6650
QUICE,2026-01-05T07:24:07.000000000Z,29.5,37.7,27.7966,13598,0.1114
QUICE,2026-01-05T07:26:18.000000000Z,29.54,37.51,26.9804,108495,0.8888
QUICE,2026-01-05T07:28:55.000000000Z,29.6,37.58,26.9595,137868,1.1295
QUICE,2026-01-05T07:30:24.000000000Z,29.8,37.45,25.6711,78551,0.6435
QUICE,2026-01-05T07:32:17.000000000Z,29.79,37.3,25.2098,71203,0.5833
QUICE,2026-01-05T07:33:50.000000000Z,29.7,37.3,25.5892,142085,1.1640
QUICE,2026-01-05T07:37:12.000000000Z,29.47,37.33,26.6712,56087,0.4595
QUICE,2026-01-05T07:39:05.000000000Z,29.2,37.25,27.5685,337826,2.7676
QUICE,2026-01-05T07:40:18.000000000Z,28.8,37.4,29.8611,71200,0.5833
QUICE,2026-01-05T07:41:29.000000000Z,28.8,37.5,30.2083,208790,1.7105
QUICE,2026-01-05T07:42:35.000000000Z,28.6,37.8,32.1678,97912,0.8021
QUICE,2026-01-05T07:43:59.000000000Z,28.78,37.5,30.2988,226587,1.8563
QUICE,2026-01-05T07:45:11.000000000Z,28.8,37.48,30.1389,33116,0.2713
QUICE,2026-01-05T07:46:55.000000000Z,28.81,37.39,29.7813,72731,0.5958
QUICE,2026-01-05T07:48:15.000000000Z,29,37.5,29.3103,76222,0.6244
QUICE,2026-01-05T07:49:32.000000000Z,28.8,37.5,30.2083,17678,0.1448
QUICE,2026-01-05T07:51:05.000000000Z,28.91,37.4,29.3670,73245,0.6000
QUICE,2026-01-05T07:52:29.000000000Z,29.4,37,25.8503,259315,2.1244
QUICE,2026-01-05T07:53:44.000000000Z,30.49,36.65,20.2033,191634,1.5699
QUICE,2026-01-05T07:54:38.000000000Z,30.08,37,23.0053,165253,1.3538
QUICE,2026-01-05T07:55:34.000000000Z,30.29,37,22.1525,701884,5.7501
QUICE,2026-01-05T07:56:34.000000000Z,30.7,37.4,21.8241,858712,7.0349
QUICE,2026-01-05T07:57:30.000000000Z,31.45,37.36,18.7917,343681,2.8156
QUICE,2026-01-05T07:58:43.000000000Z,31.45,37.4,18.9189,247541,2.0279
QUICE,2026-01-05T08:01:20.000000000Z,31.45,37.3,18.6010,202551,1.6594
QUICE,2026-01-05T08:03:56.000000000Z,31.45,37.3,18.6010,63075,0.5167
QUICE,2026-01-05T08:08:43.000000000Z,31.45,37.03,17.7424,47107,0.3859
QUICE,2026-01-05T08:16:47.000000000Z,31.45,37.25,18.4420,45991,0.3768
QUICE,2026-01-05T08:27:10.000000000Z,31.45,37,17.6471,42987,0.3522
QUICE,2026-01-05T08:48:40.000000000Z,31.45,36.9,17.3291,22938,0.1879
QUICE,2026-01-05T09:11:56.000000000Z,31.45,37,17.6471,68920,0.5646
QUICE,2026-01-05T09:33:55.000000000Z,31.45,36.55,16.2162,100062,0.8197
QUICE,2026-01-05T10:10:13.000000000Z,31.45,35.5,12.8776,125160,1.0254
QUICE,2026-01-05T10:29:43.000000000Z,31.45,35.75,13.6725,234651,1.9223
QUICE,2026-01-06T04:32:37.000000000Z,32.9,36.45,10.7903,283724,2.3244
QUICE,2026-01-06T04:33:28.000000000Z,33.38,36.74,10.0659,251774,2.0626
QUICE,2026-01-06T04:34:23.000000000Z,33.48,36.99,10.4839,131876,1.0804
QUICE,2026-01-06T04:35:17.000000000Z,33.5,37,10.4478,79248,0.6492
QUICE,2026-01-06T04:36:15.000000000Z,33.5,37.01,10.4776,170594,1.3976
QUICE,2026-01-06T04:37:10.000000000Z,33.8,37.16,9.9408,348245,2.8529
QUICE,2026-01-06T04:38:18.000000000Z,33.8,36.86,9.0533,111764,0.9156
QUICE,2026-01-06T04:39:20.000000000Z,33.9,36.55,7.8171,101603,0.8324
QUICE,2026-01-06T04:40:28.000000000Z,33.4,36.73,9.9701,13698,0.1122
QUICE,2026-01-06T04:41:47.000000000Z,33.3,36.42,9.3694,145408,1.1912
QUICE,2026-01-06T04:42:58.000000000Z,32.93,36.87,11.9648,38264,0.3135
QUICE,2026-01-06T04:44:09.000000000Z,32.9,36.87,12.0669,53428,0.4377
QUICE,2026-01-06T04:45:14.000000000Z,32.85,36.61,11.4460,82762,0.6780
QUICE,2026-01-06T04:46:23.000000000Z,33.13,36.65,10.6248,66557,0.5453
QUICE,2026-01-06T04:47:22.000000000Z,33,36.6,10.9091,53473,0.4381
QUICE,2026-01-06T04:48:32.000000000Z,32.99,36.9,11.8521,102146,0.8368
QUICE,2026-01-06T04:50:03.000000000Z,32.8,36.9,12.5000,35828,0.2935
QUICE,2026-01-06T04:51:19.000000000Z,32.82,36.55,11.3650,118611,0.9717
QUICE,2026-01-06T04:52:48.000000000Z,32.71,36.55,11.7395,175057,1.4341
QUICE,2026-01-06T04:53:52.000000000Z,32.5,36.5,12.3077,148001,1.2125
QUICE,2026-01-06T04:54:52.000000000Z,32.01,36.16,12.9647,49521,0.4057
QUICE,2026-01-06T04:55:49.000000000Z,32.07,36.35,13.3458,111353,0.9122
QUICE,2026-01-06T04:56:48.000000000Z,32.1,36.2,12.7726,75079,0.6151
QUICE,2026-01-06T04:57:53.000000000Z,32,36.37,13.6562,40023,0.3279
QUICE,2026-01-06T04:59:04.000000000Z,32.1,36.2,12.7726,57309,0.4695
QUICE,2026-01-06T05:00:26.000000000Z,32.35,36.29,12.1793,100700,0.8250
QUICE,2026-01-06T05:01:46.000000000Z,32.01,36.36,13.5895,88510,0.7251
QUICE,2026-01-06T05:03:00.000000000Z,32,36.59,14.3438,99329,0.8137
QUICE,2026-01-06T05:04:24.000000000Z,32.2,36.4,13.0435,80327,0.6581
QUICE,2026-01-06T05:05:48.000000000Z,32.2,36.45,13.1988,62108,0.5088
QUICE,2026-01-06T05:07:18.000000000Z,32.3,36.44,12.8173,38418,0.3147
QUICE,2026-01-06T05:08:57.000000000Z,32.3,36.3,12.3839,109428,0.8965
QUICE,2026-01-06T05:10:13.000000000Z,32.3,36.3,12.3839,143122,1.1725
QUICE,2026-01-06T05:11:34.000000000Z,32.38,35.97,11.0871,113131,0.9268
QUICE,2026-01-06T05:12:50.000000000Z,32.6,35.66,9.3865,232981,1.9087
QUICE,2026-01-06T05:13:52.000000000Z,32.8,35.89,9.4207,154869,1.2687
QUICE,2026-01-06T05:14:56.000000000Z,32.89,35.71,8.5740,46029,0.3771
QUICE,2026-01-06T05:16:00.000000000Z,32.59,35.89,10.1258,49804,0.4080
QUICE,2026-01-06T05:17:11.000000000Z,32.45,36.05,11.0940,152179,1.2467
QUICE,2026-01-06T05:18:35.000000000Z,32.4,35.77,10.4012,200219,1.6403
QUICE,2026-01-06T05:19:43.000000000Z,31.8,35.8,12.5786,40548,0.3322
QUICE,2026-01-06T05:20:57.000000000Z,31.95,35.89,12.3318,79795,0.6537
QUICE,2026-01-06T05:22:00.000000000Z,32.24,35.77,10.9491,26879,0.2202
QUICE,2026-01-06T05:23:08.000000000Z,32.39,35.66,10.0957,75632,0.6196
QUICE,2026-01-06T05:24:28.000000000Z,32.75,35.85,9.4656,43925,0.3598
QUICE,2026-01-06T05:25:34.000000000Z,32.4,35.87,10.7099,9949,0.0815
QUICE,2026-01-06T05:27:01.000000000Z,32.35,35.75,10.5100,48991,0.4014
QUICE,2026-01-06T05:28:25.000000000Z,32.05,35.67,11.2949,51380,0.4209
QUICE,2026-01-06T05:29:46.000000000Z,32.22,35.67,10.7076,166859,1.3670
QUICE,2026-01-06T05:30:55.000000000Z,32,35.61,11.2812,74780,0.6126
QUICE,2026-01-06T05:32:26.000000000Z,32,35.72,11.6250,126016,1.0324
QUICE,2026-01-06T05:33:52.000000000Z,32,35.5,10.9375,93652,0.7672
QUICE,2026-01-06T05:35:36.000000000Z,32.35,35.35,9.2736,135634,1.1112
QUICE,2026-01-06T05:37:16.000000000Z,32.3,35,8.3591,142468,1.1671
QUICE,2026-01-06T05:38:39.000000000Z,32.29,34.86,7.9591,114048,0.9343
QUICE,2026-01-06T05:40:08.000000000Z,32.4,34.51,6.5123,293492,2.4044
QUICE,2026-01-06T05:42:40.000000000Z,32.25,34.7,7.5969,16972,0.1390
QUICE,2026-01-06T05:44:45.000000000Z,32.37,34.89,7.7850,77762,0.6371
QUICE,2026-01-06T05:47:26.000000000Z,32.42,35.25,8.7292,91982,0.7535
QUICE,2026-01-06T05:49:34.000000000Z,32.5,35.25,8.4615,64006,0.5244
QUICE,2026-01-06T05:51:18.000000000Z,32.58,34.9,7.1209,29776,0.2439
QUICE,2026-01-06T05:52:55.000000000Z,32.59,34.81,6.8119,42654,0.3494
QUICE,2026-01-06T05:54:35.000000000Z,32.64,34.66,6.1887,39235,0.3214
QUICE,2026-01-06T05:55:50.000000000Z,32.79,34.59,5.4895,83512,0.6842
QUICE,2026-01-06T05:57:11.000000000Z,32.85,34.59,5.2968,164598,1.3484
QUICE,2026-01-06T05:58:08.000000000Z,33.1,34.6,4.5317,235748,1.9313
QUICE,2026-01-06T05:59:06.000000000Z,33.66,34.6,2.7926,694914,5.6930
QUICE,2026-01-06T06:01:40.000000000Z,33.8,34.2,1.1834,246447,2.0190
QUICE,2026-01-06T06:02:35.000000000Z,33.6,34.28,2.0238,65174,0.5339
QUICE,2026-01-06T06:03:33.000000000Z,33.3,34.14,2.5225,171661,1.4063
QUICE,2026-01-06T06:04:28.000000000Z,33.5,34.14,1.9104,378439,3.1003
QUICE,2026-01-06T06:05:30.000000000Z,33.8,34.14,1.0059,78924,0.6466
QUICE,2026-01-06T06:08:12.000000000Z,33.77,34.14,1.0956,29780,0.2440
QUICE,2026-01-06T06:09:32.000000000Z,33.8,34.14,1.0059,44081,0.3611
QUICE,2026-01-06T06:11:46.000000000Z,33.76,34.14,1.1256,47526,0.3894
QUICE,2026-01-06T06:13:44.000000000Z,33.76,34.14,1.1256,42998,0.3523
QUICE,2026-01-06T06:15:31.000000000Z,33.78,34.14,1.0657,55624,0.4557
QUICE,2026-01-06T06:19:33.000000000Z,33.8,35,3.5503,359950,2.9488
QUICE,2026-01-06T06:20:34.000000000Z,34.1,35,2.6393,294139,2.4097
QUICE,2026-01-06T06:21:36.000000000Z,34.19,34.7,1.4917,198450,1.6258
QUICE,2026-01-06T06:22:33.000000000Z,33.8,34.51,2.1006,69103,0.5661
QUICE,2026-01-06T06:23:52.000000000Z,33.83,34.7,2.5717,202899,1.6622
QUICE,2026-01-06T06:25:02.000000000Z,33.77,34.89,3.3166,17813,0.1459
QUICE,2026-01-06T06:26:11.000000000Z,33.99,34.7,2.0888,110890,0.9085
QUICE,2026-01-06T06:27:33.000000000Z,33.9,34.7,2.3599,50242,0.4116
QUICE,2026-01-06T06:28:52.000000000Z,33.98,34.4,1.2360,79335,0.6499
QUICE,2026-01-06T07:43:38.000000000Z,32.9,33.45,1.6717,120967,0.9910
QUICE,2026-01-06T07:45:15.000000000Z,32.2,33.15,2.9503,30796,0.2523
QUICE,2026-01-06T07:46:17.000000000Z,32.45,33.35,2.7735,146779,1.2025
QUICE,2026-01-06T07:47:38.000000000Z,32.49,33.51,3.1394,166071,1.3605
QUICE,2026-01-06T07:49:06.000000000Z,32.4,33.7,4.0123,60798,0.4981
QUICE,2026-01-06T07:50:32.000000000Z,32.5,33.7,3.6923,95080,0.7789
QUICE,2026-01-06T07:52:32.000000000Z,32.35,33.59,3.8331,167469,1.3720
QUICE,2026-01-06T07:54:06.000000000Z,32.35,33.31,2.9675,122965,1.0074
QUICE,2026-01-06T07:56:11.000000000Z,32.35,33.3,2.9366,29312,0.2401
QUICE,2026-01-06T07:58:45.000000000Z,32.3,33.2,2.7864,30824,0.2525
QUICE,2026-01-06T08:00:36.000000000Z,32.75,33.49,2.2595,78647,0.6443
QUICE,2026-01-06T08:03:27.000000000Z,32.61,33.3,2.1159,26626,0.2181
QUICE,2026-01-06T08:05:07.000000000Z,32.61,33.48,2.6679,31778,0.2603
QUICE,2026-01-06T08:07:51.000000000Z,32.74,33.5,2.3213,21140,0.1732
QUICE,2026-01-06T08:10:45.000000000Z,32.74,33.2,1.4050,93541,0.7663
QUICE,2026-01-09T05:42:55.000000000Z,42.26,43.46,2.8396,94075,0.7707
QUICE,2026-01-09T05:44:35.000000000Z,42,42.5,1.1905,155268,1.2720
QUICE,2026-01-09T05:47:05.000000000Z,42.94,43.6,1.5370,261772,2.1445
QUICE,2026-01-09T06:24:16.000000000Z,38,38.5,1.3158,196478,1.6096
QUICE,2026-01-09T06:27:36.000000000Z,38.3,38.79,1.2794,50506,0.4138
QUICE,2026-01-09T06:28:29.000000000Z,38.79,39.2,1.0570,207067,1.6964
QUICE,2026-01-09T06:29:19.000000000Z,39.2,39.75,1.4031,140967,1.1549
QUICE,2026-01-09T06:43:55.000000000Z,40.1,40.69,1.4713,89569,0.7338
QUICE,2026-01-09T06:44:46.000000000Z,40.69,41.4,1.7449,208866,1.7111
QUICE,2026-01-09T06:45:36.000000000Z,41.4,41.85,1.0870,85387,0.6995
QUICE,2026-01-09T06:55:20.000000000Z,39.97,40.4,1.0758,41246,0.3379
QUICE,2026-01-09T09:39:48.000000000Z,38.11,38.6,1.2858,43450,0.3560
QUICE,2026-01-09T09:49:38.000000000Z,39.1,39.52,1.0742,26168,0.2144
QUICE,2026-01-09T09:53:39.000000000Z,39.95,40.44,1.2265,52898,0.4334
QUICE,2026-01-09T11:07:18.000000000Z,37.99,38.5,1.3425,129490,1.0608
GHNI,2026-01-05T04:32:00.000000000Z,810,850,4.9383,38626,2.9794
GHNI,2026-01-05T04:34:39.000000000Z,817.25,845,3.3955,23389,1.8041
GHNI,2026-01-05T04:35:54.000000000Z,816.05,845.5,3.6088,62324,4.8074
GHNI,2026-01-05T04:37:50.000000000Z,818,845.13,3.3166,28426,2.1927
GHNI,2026-01-05T04:39:28.000000000Z,820.01,846.61,3.2439,43933,3.3888
GHNI,2026-01-05T04:41:31.000000000Z,821.25,849,3.3790,6782,0.5231
GHNI,2026-01-05T04:54:37.000000000Z,822.98,850,3.2832,37060,2.8587
GHNI,2026-01-05T04:57:43.000000000Z,824,852.99,3.5182,30910,2.3843
GHNI,2026-01-05T05:00:22.000000000Z,827,851,2.9021,57332,4.4224
GHNI,2026-01-05T05:22:56.000000000Z,833,847.11,1.6939,36078,2.7829
GHNI,2026-01-05T05:24:44.000000000Z,833.8,850.99,2.0616,44112,3.4026
GHNI,2026-01-05T05:26:06.000000000Z,835,848.01,1.5581,31899,2.4606
GHNI,2026-01-05T05:27:52.000000000Z,835,846.01,1.3186,14076,1.0858
GHNI,2026-01-05T05:29:38.000000000Z,834.5,846.99,1.4967,3524,0.2718
GHNI,2026-01-05T05:32:04.000000000Z,830.16,847.72,2.1153,1729,0.1334
GHNI,2026-01-05T05:34:45.000000000Z,831.99,848.93,2.0361,8157,0.6292
GHNI,2026-01-05T05:38:45.000000000Z,832.99,849,1.9220,9539,0.7358
GHNI,2026-01-05T05:43:58.000000000Z,829,846.1,2.0627,7527,0.5806
GHNI,2026-01-05T05:49:12.000000000Z,829.98,846,1.9302,11903,0.9181
GHNI,2026-01-05T05:58:02.000000000Z,830,846,1.9277,8994,0.6938
GHNI,2026-01-05T06:01:01.000000000Z,830,845.51,1.8687,13653,1.0531
GHNI,2026-01-05T06:08:05.000000000Z,827.5,847,2.3565,5074,0.3914
GHNI,2026-01-05T06:16:57.000000000Z,826.99,846,2.2987,11624,0.8966
GHNI,2026-01-05T06:24:46.000000000Z,826.99,844,2.0569,25930,2.0001
GHNI,2026-01-05T06:32:01.000000000Z,826,841,1.8160,13762,1.0615
GHNI,2026-01-05T06:44:04.000000000Z,827.5,842,1.7523,32781,2.5286
GHNI,2026-01-05T06:48:45.000000000Z,831.5,842,1.2628,9206,0.7101
GHNI,2026-01-05T06:53:03.000000000Z,833,841.5,1.0204,12006,0.9261
GHNI,2026-01-05T07:00:21.000000000Z,833,846,1.5606,27953,2.1562
GHNI,2026-01-05T07:04:57.000000000Z,830,848,2.1687,4601,0.3549
GHNI,2026-01-05T07:09:34.000000000Z,827.5,851.01,2.8411,10418,0.8036
GHNI,2026-01-05T07:17:19.000000000Z,826.15,851,3.0079,12167,0.9385
GHNI,2026-01-05T07:20:53.000000000Z,826.22,850,2.8782,9807,0.7565
GHNI,2026-01-05T07:25:33.000000000Z,830.5,852,2.5888,6000,0.4628
GHNI,2026-01-05T07:29:44.000000000Z,828.02,851.5,2.8357,9484,0.7316
GHNI,2026-01-05T07:40:25.000000000Z,829,857.99,3.4970,28576,2.2042
GHNI,2026-01-05T07:47:42.000000000Z,828.99,858,3.4994,27222,2.0998
GHNI,2026-01-05T07:58:28.000000000Z,829,861,3.8601,24769,1.9106
GHNI,2026-01-05T08:15:32.000000000Z,829,860.51,3.8010,18069,1.3938
GHNI,2026-01-05T08:32:48.000000000Z,827.05,860,3.9840,6257,0.4826
GHNI,2026-01-05T08:50:02.000000000Z,828,860,3.8647,11167,0.8614
GHNI,2026-01-05T09:06:45.000000000Z,830,864,4.0964,24627,1.8996
GHNI,2026-01-05T09:17:48.000000000Z,831,870.25,4.7232,39495,3.0465
GHNI,2026-01-05T09:26:19.000000000Z,833,875,5.0420,47620,3.6732
GHNI,2026-01-05T09:30:17.000000000Z,833.01,871.1,4.5726,77622,5.9874
GHNI,2026-01-05T09:33:04.000000000Z,835,870,4.1916,29734,2.2936
GHNI,2026-01-05T09:37:27.000000000Z,834,865,3.7170,14252,1.0993
GHNI,2026-01-05T09:45:19.000000000Z,828.88,869,4.8403,19292,1.4881
GHNI,2026-01-05T09:52:55.000000000Z,830,869,4.6988,15337,1.1830
GHNI,2026-01-05T09:58:46.000000000Z,832,869.5,4.5072,29267,2.2575
GHNI,2026-01-05T10:01:28.000000000Z,835.99,867,3.7094,39515,3.0480
GHNI,2026-01-05T10:02:48.000000000Z,838,870.12,3.8329,141757,10.9345
GHNI,2026-01-05T10:03:51.000000000Z,843.95,870,3.0867,10346,0.7980
GHNI,2026-01-05T10:05:09.000000000Z,841.05,871.89,3.6668,33251,2.5648
GHNI,2026-01-05T10:07:01.000000000Z,844,866,2.6066,20807,1.6050
GHNI,2026-01-05T10:08:28.000000000Z,846,863,2.0095,85542,6.5984
GHNI,2026-01-05T10:10:23.000000000Z,850,863,1.5294,4071,0.3140
GHNI,2026-01-05T10:11:28.000000000Z,847,862,1.7710,6020,0.4644
GHNI,2026-01-05T10:12:53.000000000Z,846.99,862.49,1.8300,19160,1.4779
GHNI,2026-01-05T10:14:38.000000000Z,844,864.98,2.4858,11318,0.8730
GHNI,2026-01-05T10:16:18.000000000Z,841.3,867.95,3.1677,6112,0.4715
GHNI,2026-01-05T10:18:16.000000000Z,843.02,865.02,2.6097,6670,0.5145
GHNI,2026-01-05T10:21:19.000000000Z,846,867,2.4823,5454,0.4207
GHNI,2026-01-05T10:24:39.000000000Z,845,867,2.6036,11418,0.8807
GHNI,2026-01-05T10:27:20.000000000Z,843.8,865.1,2.5243,8086,0.6237
GHNI,2026-01-05T10:29:06.000000000Z,846.5,863.11,1.9622,36713,2.8319
GHNI,2026-01-06T04:32:09.000000000Z,849,863.51,1.7091,20195,1.5578
GHNI,2026-01-06T04:33:40.000000000Z,854,863.9,1.1593,15180,1.1709
GHNI,2026-01-06T04:37:16.000000000Z,855,865,1.1696,12739,0.9826
GHNI,2026-01-06T04:38:54.000000000Z,854.19,863.97,1.1449,11682,0.9011
GHNI,2026-01-06T04:40:31.000000000Z,854.94,864,1.0597,4981,0.3842
GHNI,2026-01-06T04:42:00.000000000Z,852.2,865,1.5020,29612,2.2841
GHNI,2026-01-06T04:44:20.000000000Z,850.01,869,2.2341,14614,1.1273
GHNI,2026-01-06T04:45:54.000000000Z,848.99,870,2.4747,25887,1.9968
GHNI,2026-01-06T04:48:06.000000000Z,850,868,2.1176,6511,0.5022
GHNI,2026-01-06T04:50:22.000000000Z,850,874,2.8235,12160,0.9380
GHNI,2026-01-06T04:53:06.000000000Z,849,873,2.8269,26456,2.0407
GHNI,2026-01-06T04:55:36.000000000Z,848.01,876.1,3.3125,59265,4.5715
GHNI,2026-01-06T04:58:02.000000000Z,847.25,874.01,3.1585,31391,2.4214
GHNI,2026-01-06T05:00:40.000000000Z,847,875,3.3058,8485,0.6545
GHNI,2026-01-06T05:04:00.000000000Z,845.51,878,3.8427,50554,3.8995
GHNI,2026-01-06T05:06:05.000000000Z,845.05,880,4.1358,16646,1.2840
GHNI,2026-01-06T05:09:03.000000000Z,845.1,881.85,4.3486,19686,1.5185
GHNI,2026-01-06T05:12:17.000000000Z,846.21,880,3.9931,22325,1.7221
GHNI,2026-01-06T05:16:57.000000000Z,847,876,3.4238,9432,0.7275
GHNI,2026-01-06T05:21:20.000000000Z,845.01,881,4.2591,84845,6.5446
GHNI,2026-01-06T05:24:20.000000000Z,843.5,880,4.3272,13144,1.0139
GHNI,2026-01-06T05:28:52.000000000Z,842,878,4.2755,6627,0.5112
GHNI,2026-01-06T05:32:18.000000000Z,845,876,3.6686,9254,0.7138
GHNI,2026-01-06T05:34:49.000000000Z,846.99,874.01,3.1901,3484,0.2687
GHNI,2026-01-06T05:38:16.000000000Z,847.99,875,3.1852,8448,0.6516
GHNI,2026-01-06T05:42:06.000000000Z,847,879.98,3.8937,3858,0.2976
GHNI,2026-01-06T05:48:00.000000000Z,847.95,876,3.3080,3973,0.3065
GHNI,2026-01-06T05:56:59.000000000Z,846,878,3.7825,5462,0.4213
GHNI,2026-01-06T06:04:34.000000000Z,844,879,4.1469,12285,0.9476
GHNI,2026-01-06T06:14:34.000000000Z,848.49,878,3.4779,6675,0.5149
GHNI,2026-01-06T06:25:24.000000000Z,849,880,3.6514,6747,0.5204
GHNI,2026-01-06T06:32:55.000000000Z,847,880.73,3.9823,6525,0.5033
GHNI,2026-01-06T06:44:33.000000000Z,849,880.11,3.6643,25848,1.9938
GHNI,2026-01-06T06:53:05.000000000Z,849,881.99,3.8857,6109,0.4712
GHNI,2026-01-06T07:06:18.000000000Z,847.15,880,3.8777,5048,0.3894
GHNI,2026-01-06T07:19:45.000000000Z,849,880,3.6514,8990,0.6935
GHNI,2026-01-06T07:31:12.000000000Z,847.24,882,4.1027,12838,0.9903
GHNI,2026-01-06T07:44:43.000000000Z,847.3,875.51,3.3294,16211,1.2504
GHNI,2026-01-06T07:53:34.000000000Z,849,882.9,3.9929,8427,0.6500
GHNI,2026-01-06T08:00:40.000000000Z,849,882,3.8869,8716,0.6723
GHNI,2026-01-06T08:09:43.000000000Z,847.04,880,3.8912,13335,1.0286
GHNI,2026-01-06T08:21:46.000000000Z,849,878.93,3.5253,20057,1.5471
GHNI,2026-01-06T08:27:37.000000000Z,851,874,2.7027,18515,1.4282
GHNI,2026-01-06T08:31:48.000000000Z,852,875,2.6995,13774,1.0625
GHNI,2026-01-06T08:37:52.000000000Z,853.5,874,2.4019,22315,1.7213
GHNI,2026-01-06T08:48:14.000000000Z,852,875.02,2.7019,34216,2.6393
GHNI,2026-01-06T08:53:54.000000000Z,850,875,2.9412,15827,1.2208
GHNI,2026-01-06T09:00:50.000000000Z,848.56,878,3.4694,10945,0.8443
GHNI,2026-01-06T09:05:08.000000000Z,851,872.1,2.4794,10945,0.8443
GHNI,2026-01-06T09:11:54.000000000Z,851,871,2.3502,5749,0.4435
GHNI,2026-01-06T09:20:15.000000000Z,848.56,870,2.5266,53339,4.1143
GHNI,2026-01-06T09:26:23.000000000Z,848,867,2.2406,7123,0.5494
GHNI,2026-01-06T09:37:33.000000000Z,848,869,2.4764,8658,0.6678
GHNI,2026-01-06T09:46:39.000000000Z,847,871,2.8335,41347,3.1893
GHNI,2026-01-06T09:56:10.000000000Z,847,870,2.7155,40588,3.1308
GHNI,2026-01-06T10:02:08.000000000Z,849.99,870.1,2.3659,26495,2.0437
GHNI,2026-01-06T10:09:27.000000000Z,849,871.9,2.6973,23626,1.8224
GHNI,2026-01-06T10:15:45.000000000Z,851,875,2.8202,29913,2.3074
GHNI,2026-01-06T10:20:11.000000000Z,851,877.04,3.0599,9296,0.7171
GHNI,2026-01-06T10:24:52.000000000Z,851.01,877,3.0540,45423,3.5037
GHNI,2026-01-06T10:26:49.000000000Z,855,875,2.3392,15018,1.1584
GHNI,2026-01-06T10:29:39.000000000Z,856.5,875,2.1600,6990,0.5392
GHNI,2026-01-07T04:33:34.000000000Z,859,875,1.8626,27805,2.1448
GHNI,2026-01-07T04:35:22.000000000Z,863,877.7,1.7034,3053,0.2355
GHNI,2026-01-07T04:36:59.000000000Z,860,878,2.0930,3198,0.2467
GHNI,2026-01-07T04:39:43.000000000Z,861.83,879.89,2.0955,21689,1.6730
GHNI,2026-01-07T04:41:42.000000000Z,864.99,879.89,1.7226,4329,0.3339
GHNI,2026-01-07T04:43:34.000000000Z,862,875.1,1.5197,5523,0.4260
GHNI,2026-01-07T04:46:22.000000000Z,862.05,872.43,1.2041,14359,1.1076
GHNI,2026-01-07T04:49:58.000000000Z,862.5,874,1.3333,5929,0.4573
GHNI,2026-01-07T04:52:44.000000000Z,857,874,1.9837,4437,0.3423
GHNI,2026-01-07T04:56:25.000000000Z,859.98,871.56,1.3465,23857,1.8402
GHNI,2026-01-07T05:00:13.000000000Z,862,872,1.1601,3410,0.2630
GHNI,2026-01-07T05:14:21.000000000Z,857.52,869.52,1.3994,3331,0.2569
GHNI,2026-01-07T05:30:04.000000000Z,857,867,1.1669,6565,0.5064
GHNI,2026-01-07T05:45:18.000000000Z,858,870,1.3986,3223,0.2486
GHNI,2026-01-07T05:55:41.000000000Z,857.1,869.01,1.3896,5953,0.4592
GHNI,2026-01-07T06:34:12.000000000Z,857,868.97,1.3967,4955,0.3822
GHNI,2026-01-07T06:45:57.000000000Z,858,868.31,1.2016,21945,1.6927
GHNI,2026-01-07T07:11:07.000000000Z,858,867.89,1.1527,4291,0.3310
GHNI,2026-01-07T07:24:37.000000000Z,857.05,866,1.0443,14785,1.1405
GHNI,2026-01-07T07:35:08.000000000Z,860.01,869.01,1.0465,7064,0.5449
GHNI,2026-01-08T10:19:11.000000000Z,855.5,874.95,2.2735,18745,1.4459
FABL,2026-01-05T04:32:00.000000000Z,97,100.49,3.5979,342729,6.6909
FABL,2026-01-05T04:33:08.000000000Z,98.9,100.5,1.6178,432844,8.4502
FABL,2026-01-05T04:35:50.000000000Z,98.9,100.5,1.6178,326285,6.3699
FABL,2026-01-08T05:58:38.000000000Z,100.9,102,1.0902,57970,1.1317
MUGHAL,2026-01-09T06:01:13.000000000Z,99.9,100.9,1.0010,25472,0.4511
MUGHAL,2026-01-09T09:54:58.000000000Z,99.99,101.4,1.4101,117820,2.0864
CNERGY,2026-01-05T04:32:00.000000000Z,7.51,7.66,1.9973,1111877,3.2753
CNERGY,2026-01-05T04:34:44.000000000Z,7.54,7.65,1.4589,1907335,5.6185
CNERGY,2026-01-05T04:41:16.000000000Z,7.5,7.61,1.4667,1323387,3.8983
CNERGY,2026-01-05T04:53:18.000000000Z,7.55,7.65,1.3245,1136087,3.3466
CNERGY,2026-01-05T04:55:15.000000000Z,7.55,7.64,1.1921,524876,1.5461
CNERGY,2026-01-05T04:57:38.000000000Z,7.53,7.66,1.7264,668116,1.9681
CNERGY,2026-01-05T05:00:41.000000000Z,7.55,7.67,1.5894,74660,0.2199
CNERGY,2026-01-05T06:05:29.000000000Z,7.74,7.82,1.0336,1386183,4.0833
MARI,2026-01-06T10:01:56.000000000Z,728.5,735.99,1.0281,14695,0.9775
MARI,2026-01-06T10:20:04.000000000Z,729.5,737.49,1.0953,12568,0.8360
MARI,2026-01-06T10:21:53.000000000Z,728.99,738,1.2360,15319,1.0190
MARI,2026-01-06T10:23:54.000000000Z,729,737.74,1.1989,9611,0.6393
MARI,2026-01-06T10:25:29.000000000Z,728.9,736.99,1.1099,8494,0.5650
MARI,2026-01-06T10:28:41.000000000Z,728.98,737,1.1002,30466,2.0266
MARI,2026-01-06T10:35:17.000000000Z,728.85,737.07,1.1278,9093,0.6049
MARI,2026-01-07T04:42:27.000000000Z,732.5,739.98,1.0212,43181,2.8724
MARI,2026-01-07T04:49:14.000000000Z,732,741,1.2295,19734,1.3127
MARI,2026-01-07T04:50:53.000000000Z,731.06,740.5,1.2913,23549,1.5665
MARI,2026-01-07T04:52:25.000000000Z,731.7,741.57,1.3489,25515,1.6973
MARI,2026-01-07T04:53:57.000000000Z,731.5,742,1.4354,28339,1.8851
MARI,2026-01-07T04:55:25.000000000Z,731.87,742,1.3841,13494,0.8976
MARI,2026-01-07T04:57:12.000000000Z,732,740.51,1.1626,29080,1.9344
MARI,2026-01-07T04:58:25.000000000Z,731.86,740.49,1.1792,56274,3.7433
MARI,2026-01-07T04:59:38.000000000Z,731.5,740.59,1.2427,11804,0.7852
MARI,2026-01-07T05:01:30.000000000Z,732.51,740.11,1.0375,27868,1.8538
MARI,2026-01-07T05:02:46.000000000Z,732.01,740.12,1.1079,11721,0.7797
DCL,2026-01-05T04:32:00.000000000Z,12.77,13.3,4.1504,800256,6.5300
DCL,2026-01-05T04:39:28.000000000Z,12.78,13.34,4.3818,252486,2.0603
DCL,2026-01-05T04:58:03.000000000Z,12.84,13.2,2.8037,146301,1.1938
DCL,2026-01-05T05:10:08.000000000Z,12.9,13.37,3.6434,83711,0.6831
DCL,2026-01-05T05:16:14.000000000Z,12.96,13.26,2.3148,126851,1.0351
DCL,2026-01-05T05:21:25.000000000Z,13.02,13.29,2.0737,103879,0.8476
DCL,2026-01-05T05:25:47.000000000Z,12.96,13.31,2.7006,34963,0.2853
DCL,2026-01-05T05:31:19.000000000Z,12.95,13.32,2.8571,308678,2.5188
DCL,2026-01-05T05:39:03.000000000Z,13.03,13.25,1.6884,332025,2.7093
DCL,2026-01-05T05:43:48.000000000Z,13.01,13.25,1.8447,310954,2.5374
DCL,2026-01-05T05:48:24.000000000Z,13.08,13.25,1.2997,304984,2.4886
DCL,2026-01-05T05:52:20.000000000Z,13.03,13.27,1.8419,131899,1.0763
DCL,2026-01-05T05:56:57.000000000Z,12.97,13.27,2.3130,264715,2.1601
DCL,2026-01-05T05:58:58.000000000Z,12.89,13.3,3.1808,417206,3.4044
DCL,2026-01-05T06:01:05.000000000Z,12.78,13.28,3.9124,283436,2.3128
DCL,2026-01-05T06:03:00.000000000Z,12.81,13.25,3.4348,130013,1.0609
DCL,2026-01-05T06:04:51.000000000Z,12.84,13.28,3.4268,213004,1.7381
DCL,2026-01-05T06:10:58.000000000Z,12.87,13.3,3.3411,93488,0.7629
DCL,2026-01-05T06:21:29.000000000Z,12.85,13.32,3.6576,250946,2.0477
DCL,2026-01-05T06:30:52.000000000Z,12.83,13.32,3.8192,166938,1.3622
DCL,2026-01-05T06:41:34.000000000Z,12.94,13.33,3.0139,165909,1.3538
DCL,2026-01-05T06:47:11.000000000Z,12.9,13.3,3.1008,81487,0.6649
DCL,2026-01-05T07:01:49.000000000Z,12.93,13.28,2.7069,75054,0.6124
DCL,2026-01-05T07:14:40.000000000Z,12.95,13.27,2.4710,318880,2.6020
DCL,2026-01-05T07:28:41.000000000Z,13.01,13.23,1.6910,265657,2.1677
DCL,2026-01-05T07:30:41.000000000Z,13.03,13.23,1.5349,224876,1.8350
DCL,2026-01-05T07:33:48.000000000Z,13.05,13.22,1.3027,742480,6.0586
DCL,2026-01-05T07:48:42.000000000Z,13.17,13.37,1.5186,107047,0.8735
DCL,2026-01-05T07:51:04.000000000Z,13.13,13.27,1.0663,288958,2.3579
DCL,2026-01-08T04:46:00.000000000Z,13.4,13.58,1.3433,187484,1.5299
DCL,2026-01-09T04:27:07.000000000Z,13.11,13.27,1.2204,9100,0.0743
DCL,2026-01-09T10:44:46.000000000Z,13.38,13.54,1.1958,341407,2.7859
WASL,2026-01-05T06:19:44.000000000Z,7.06,7.14,1.1331,369185,2.4991
WASL,2026-01-05T06:32:28.000000000Z,7.02,7.1,1.1396,40254,0.2725
WASL,2026-01-05T08:13:27.000000000Z,7.07,7.15,1.1315,84519,0.5721
WASL,2026-01-05T08:59:32.000000000Z,7.06,7.15,1.2748,138734,0.9391
WASL,2026-01-06T05:22:03.000000000Z,7.07,7.2,1.8388,512489,3.4691
WASL,2026-01-06T05:32:52.000000000Z,7.03,7.2,2.4182,15582,0.1055
WASL,2026-01-08T10:28:36.000000000Z,7.02,7.12,1.4245,175218,1.1861
UNITY,2026-01-05T04:32:01.000000000Z,21.12,21.52,1.8939,241710,1.8406
UNITY,2026-01-05T04:36:28.000000000Z,21.1,21.53,2.0379,146106,1.1126
UNITY,2026-01-05T04:39:15.000000000Z,21.1,21.58,2.2749,74898,0.5703
UNITY,2026-01-05T04:42:32.000000000Z,21.11,21.5,1.8475,172627,1.3145
UNITY,2026-01-05T04:57:52.000000000Z,21.13,21.56,2.0350,171330,1.3047
UNITY,2026-01-05T05:01:28.000000000Z,21.15,21.6,2.1277,80490,0.6129
UNITY,2026-01-05T05:25:34.000000000Z,21.25,21.6,1.6471,75520,0.5751
UNITY,2026-01-05T05:36:02.000000000Z,21.3,21.58,1.3146,41519,0.3162
UNITY,2026-01-05T05:39:01.000000000Z,21.4,21.68,1.3084,179189,1.3645
UNITY,2026-01-05T05:48:08.000000000Z,21.44,21.7,1.2127,84812,0.6458
UNITY,2026-01-05T06:15:42.000000000Z,21.46,21.7,1.1184,39381,0.2999
UNITY,2026-01-05T06:20:15.000000000Z,21.41,21.7,1.3545,46646,0.3552
UNITY,2026-01-05T06:23:21.000000000Z,21.43,21.72,1.3532,65124,0.4959
UNITY,2026-01-05T06:26:46.000000000Z,21.4,21.68,1.3084,64184,0.4888
UNITY,2026-01-05T06:35:42.000000000Z,21.36,21.65,1.3577,39634,0.3018
UNITY,2026-01-05T06:53:13.000000000Z,21.36,21.61,1.1704,99246,0.7557
UNITY,2026-01-05T07:06:40.000000000Z,21.4,21.64,1.1215,139313,1.0608
UNITY,2026-01-05T07:28:30.000000000Z,21.4,21.71,1.4486,136502,1.0394
UNITY,2026-01-05T07:39:39.000000000Z,21.4,21.7,1.4019,97574,0.7430
UNITY,2026-01-05T07:47:59.000000000Z,21.4,21.68,1.3084,73649,0.5608
UNITY,2026-01-05T08:05:37.000000000Z,21.41,21.63,1.0276,145989,1.1117
UNITY,2026-01-05T08:42:17.000000000Z,21.59,21.9,1.4358,1004881,7.6520
UNITY,2026-01-05T08:50:02.000000000Z,21.65,21.97,1.4781,637390,4.8536
UNITY,2026-01-05T08:53:00.000000000Z,21.66,22.02,1.6620,1098192,8.3626
UNITY,2026-01-05T08:54:52.000000000Z,21.7,22.02,1.4747,416814,3.1740
UNITY,2026-01-05T08:56:33.000000000Z,21.67,22.05,1.7536,502376,3.8255
UNITY,2026-01-05T08:59:27.000000000Z,21.62,22.1,2.2202,294536,2.2429
UNITY,2026-01-05T09:03:15.000000000Z,21.64,22.09,2.0795,262500,1.9989
UNITY,2026-01-05T09:06:59.000000000Z,21.65,22.14,2.2633,632360,4.8153
UNITY,2026-01-05T09:08:45.000000000Z,21.71,22.15,2.0267,664206,5.0578
UNITY,2026-01-05T09:11:09.000000000Z,21.76,22.15,1.7923,621769,4.7347
UNITY,2026-01-05T09:13:42.000000000Z,21.7,22.16,2.1198,117035,0.8912
UNITY,2026-01-05T09:16:15.000000000Z,21.72,21.99,1.2431,450613,3.4314
UNITY,2026-01-05T09:21:15.000000000Z,21.7,22,1.3825,264895,2.0171
UNITY,2026-01-05T09:25:31.000000000Z,21.61,22,1.8047,337092,2.5669
UNITY,2026-01-05T09:28:47.000000000Z,21.68,22,1.4760,236402,1.8002
UNITY,2026-01-05T09:36:52.000000000Z,21.63,22.02,1.8031,322424,2.4552
UNITY,2026-01-05T09:40:58.000000000Z,21.64,22.05,1.8946,183634,1.3983
UNITY,2026-01-05T09:47:02.000000000Z,21.52,22.07,2.5558,215759,1.6430
UNITY,2026-01-05T09:51:53.000000000Z,21.47,22.08,2.8412,291886,2.2227
UNITY,2026-01-05T09:56:29.000000000Z,21.57,22.09,2.4108,260105,1.9807
UNITY,2026-01-05T09:58:36.000000000Z,21.65,21.99,1.5704,340879,2.5957
UNITY,2026-01-05T10:02:42.000000000Z,21.62,21.87,1.1563,171075,1.3027
UNITY,2026-01-05T10:04:48.000000000Z,21.58,21.86,1.2975,146476,1.1154
UNITY,2026-01-05T10:15:10.000000000Z,21.46,21.81,1.6309,78836,0.6003
UNITY,2026-01-05T10:19:28.000000000Z,21.46,21.84,1.7707,103035,0.7846
UNITY,2026-01-05T10:25:26.000000000Z,21.45,21.9,2.0979,173569,1.3217
UNITY,2026-01-05T10:29:24.000000000Z,21.48,21.87,1.8156,28735,0.2188
UNITY,2026-01-06T04:33:36.000000000Z,21.5,21.91,1.9070,39868,0.3036
UNITY,2026-01-06T04:36:29.000000000Z,21.45,21.92,2.1911,66822,0.5088
UNITY,2026-01-06T04:38:42.000000000Z,21.54,21.85,1.4392,71066,0.5412
UNITY,2026-01-06T04:41:49.000000000Z,21.5,21.96,2.1395,99999,0.7615
UNITY,2026-01-06T04:45:50.000000000Z,21.55,21.96,1.9026,67688,0.5154
UNITY,2026-01-06T04:49:23.000000000Z,21.45,21.92,2.1911,188923,1.4386
UNITY,2026-01-06T04:53:03.000000000Z,21.45,21.81,1.6783,11727,0.0893
UNITY,2026-01-06T04:55:24.000000000Z,21.45,21.77,1.4918,89693,0.6830
UNITY,2026-01-06T04:59:57.000000000Z,21.31,21.79,2.2525,139099,1.0592
UNITY,2026-01-06T05:02:34.000000000Z,21.26,21.87,2.8692,95950,0.7306
UNITY,2026-01-06T05:05:47.000000000Z,21.3,21.85,2.5822,115426,0.8790
UNITY,2026-01-06T05:10:03.000000000Z,21.3,21.79,2.3005,34451,0.2623
UNITY,2026-01-06T05:13:38.000000000Z,21.32,21.85,2.4859,65843,0.5014
UNITY,2026-01-06T05:18:25.000000000Z,21.33,21.8,2.2035,70421,0.5362
UNITY,2026-01-06T05:23:44.000000000Z,21.42,21.84,1.9608,64353,0.4900
UNITY,2026-01-06T05:28:06.000000000Z,21.31,21.76,2.1117,74101,0.5643
UNITY,2026-01-06T05:34:11.000000000Z,21.31,21.72,1.9240,95040,0.7237
UNITY,2026-01-06T05:38:58.000000000Z,21.31,21.8,2.2994,86331,0.6574
UNITY,2026-01-06T05:45:05.000000000Z,21.4,21.77,1.7290,51040,0.3887
UNITY,2026-01-06T05:49:40.000000000Z,21.37,21.7,1.5442,108962,0.8297
UNITY,2026-01-06T06:11:02.000000000Z,21.3,21.7,1.8779,84751,0.6454
UNITY,2026-01-06T06:13:37.000000000Z,21.3,21.68,1.7840,239458,1.8234
UNITY,2026-01-06T06:17:32.000000000Z,21.3,21.65,1.6432,198647,1.5127
UNITY,2026-01-06T06:20:59.000000000Z,21.2,21.85,3.0660,110690,0.8429
UNITY,2026-01-06T06:24:38.000000000Z,21.29,21.62,1.5500,79146,0.6027
UNITY,2026-01-06T06:33:02.000000000Z,21.29,21.89,2.8182,78033,0.5942
UNITY,2026-01-06T06:35:58.000000000Z,21.2,21.84,3.0189,111374,0.8481
UNITY,2026-01-06T06:41:01.000000000Z,21.2,21.9,3.3019,315962,2.4060
UNITY,2026-01-06T06:45:03.000000000Z,21.18,21.66,2.2663,48075,0.3661
UNITY,2026-01-06T06:50:26.000000000Z,21.19,21.67,2.2652,111455,0.8487
UNITY,2026-01-06T06:54:02.000000000Z,21.18,21.65,2.2191,43624,0.3322
UNITY,2026-01-06T06:55:36.000000000Z,21.2,21.61,1.9340,17538,0.1335
UNITY,2026-01-06T07:00:24.000000000Z,21.19,21.63,2.0765,300462,2.2880
UNITY,2026-01-06T07:04:39.000000000Z,21.2,21.6,1.8868,294308,2.2411
UNITY,2026-01-06T07:07:34.000000000Z,21.2,21.67,2.2170,57139,0.4351
UNITY,2026-01-06T07:13:19.000000000Z,21.2,21.77,2.6887,119024,0.9064
UNITY,2026-01-06T07:17:18.000000000Z,21.3,21.73,2.0188,143985,1.0964
UNITY,2026-01-06T07:21:05.000000000Z,21.2,21.66,2.1698,100912,0.7684
UNITY,2026-01-06T07:26:20.000000000Z,21.19,21.57,1.7933,71002,0.5407
UNITY,2026-01-06T07:33:40.000000000Z,21.2,21.58,1.7925,260318,1.9823
UNITY,2026-01-06T07:45:26.000000000Z,21.32,21.55,1.0788,76977,0.5862
UNITY,2026-01-06T07:51:53.000000000Z,21.19,21.52,1.5573,410374,3.1249
UNITY,2026-01-06T07:56:16.000000000Z,21.15,21.5,1.6548,146626,1.1165
UNITY,2026-01-06T07:58:18.000000000Z,21.11,21.58,2.2264,41441,0.3156
UNITY,2026-01-06T08:01:59.000000000Z,21.1,21.59,2.3223,33862,0.2579
UNITY,2026-01-06T08:03:41.000000000Z,21.07,21.55,2.2781,73856,0.5624
UNITY,2026-01-06T08:05:37.000000000Z,21.08,21.52,2.0873,131371,1.0004
UNITY,2026-01-06T08:08:00.000000000Z,21.08,21.46,1.8027,143701,1.0943
UNITY,2026-01-06T08:12:04.000000000Z,21.05,21.46,1.9477,68604,0.5224
UNITY,2026-01-06T08:15:12.000000000Z,21.08,21.52,2.0873,48599,0.3701
UNITY,2026-01-06T08:19:41.000000000Z,21.1,21.51,1.9431,218072,1.6606
UNITY,2026-01-06T08:23:58.000000000Z,21.07,21.4,1.5662,217321,1.6549
UNITY,2026-01-06T08:26:31.000000000Z,21.07,21.37,1.4238,87128,0.6635
UNITY,2026-01-06T08:29:49.000000000Z,21.06,21.5,2.0893,518294,3.9467
UNITY,2026-01-06T08:32:32.000000000Z,21.08,21.47,1.8501,21619,0.1646
UNITY,2026-01-06T08:36:08.000000000Z,21.1,21.43,1.5640,49190,0.3746
UNITY,2026-01-06T08:39:57.000000000Z,21.06,21.39,1.5670,151313,1.1522
UNITY,2026-01-06T08:43:50.000000000Z,21.05,21.48,2.0428,75883,0.5778
UNITY,2026-01-06T08:48:30.000000000Z,21.06,21.5,2.0893,185704,1.4141
UNITY,2026-01-06T08:52:43.000000000Z,21.1,21.39,1.3744,86138,0.6559
UNITY,2026-01-06T08:58:36.000000000Z,21.11,21.33,1.0422,238043,1.8127
UNITY,2026-01-06T09:04:11.000000000Z,21.08,21.4,1.5180,46440,0.3536
UNITY,2026-01-06T09:08:41.000000000Z,21.07,21.39,1.5187,242333,1.8453
UNITY,2026-01-06T09:12:55.000000000Z,21.1,21.39,1.3744,206642,1.5736
UNITY,2026-01-06T09:16:00.000000000Z,21.08,21.39,1.4706,70217,0.5347
UNITY,2026-01-06T09:21:01.000000000Z,21.06,21.4,1.6144,80246,0.6111
UNITY,2026-01-06T09:24:57.000000000Z,21.05,21.46,1.9477,28262,0.2152
UNITY,2026-01-06T09:28:57.000000000Z,21.11,21.45,1.6106,248956,1.8958
UNITY,2026-01-06T09:31:40.000000000Z,21.02,21.35,1.5699,52535,0.4000
UNITY,2026-01-06T09:36:06.000000000Z,21.08,21.4,1.5180,32516,0.2476
UNITY,2026-01-06T09:40:04.000000000Z,21.05,21.45,1.9002,107900,0.8216
UNITY,2026-01-06T09:43:32.000000000Z,21.05,21.45,1.9002,193557,1.4739
UNITY,2026-01-06T09:46:56.000000000Z,21.05,21.44,1.8527,74247,0.5654
UNITY,2026-01-06T09:51:57.000000000Z,21.05,21.44,1.8527,83704,0.6374
UNITY,2026-01-06T09:57:11.000000000Z,21.05,21.45,1.9002,114478,0.8717
UNITY,2026-01-06T10:00:00.000000000Z,21.1,21.45,1.6588,79759,0.6074
UNITY,2026-01-06T10:02:52.000000000Z,21.05,21.48,2.0428,60849,0.4634
UNITY,2026-01-06T10:07:44.000000000Z,21.04,21.5,2.1863,242623,1.8475
UNITY,2026-01-06T10:10:16.000000000Z,21.03,21.4,1.7594,134903,1.0273
UNITY,2026-01-06T10:14:18.000000000Z,21.05,21.4,1.6627,280378,2.1350
UNITY,2026-01-06T10:17:17.000000000Z,21.02,21.29,1.2845,88120,0.6710
UNITY,2026-01-06T10:23:44.000000000Z,21.03,21.3,1.2839,176348,1.3429
UNITY,2026-01-06T10:26:02.000000000Z,21.06,21.35,1.3770,60178,0.4582
UNITY,2026-01-06T10:28:28.000000000Z,21.04,21.36,1.5209,52857,0.4025
UNITY,2026-01-06T10:41:50.000000000Z,21.03,21.37,1.6167,27768,0.2114
UNITY,2026-01-07T04:34:13.000000000Z,21,21.44,2.0952,135070,1.0285
UNITY,2026-01-07T04:37:08.000000000Z,21,21.47,2.2381,99352,0.7566
UNITY,2026-01-07T04:39:25.000000000Z,20.99,21.31,1.5245,133886,1.0195
UNITY,2026-01-07T04:41:25.000000000Z,21,21.31,1.4762,76914,0.5857
UNITY,2026-01-07T04:44:18.000000000Z,21.01,21.26,1.1899,176123,1.3412
UNITY,2026-01-07T04:49:23.000000000Z,21.07,21.29,1.0441,21559,0.1642
UNITY,2026-01-07T04:51:59.000000000Z,21.07,21.37,1.4238,50351,0.3834
UNITY,2026-01-07T04:56:18.000000000Z,21,21.3,1.4286,42138,0.3209
UNITY,2026-01-07T05:00:02.000000000Z,21.1,21.36,1.2322,83346,0.6347
UNITY,2026-01-07T05:03:43.000000000Z,21,21.35,1.6667,29765,0.2267
UNITY,2026-01-07T05:06:37.000000000Z,21.04,21.35,1.4734,70917,0.5400
UNITY,2026-01-07T05:10:40.000000000Z,21.1,21.32,1.0427,123691,0.9419
UNITY,2026-01-07T05:15:02.000000000Z,21.1,21.38,1.3270,130212,0.9915
UNITY,2026-01-07T05:20:39.000000000Z,21,21.24,1.1429,262294,1.9973
UNITY,2026-01-07T05:24:41.000000000Z,21,21.3,1.4286,55228,0.4206
UNITY,2026-01-07T05:27:48.000000000Z,21,21.23,1.0952,98435,0.7496
CHCC,2026-01-05T05:24:39.000000000Z,330.01,337,2.1181,6672,0.2669
CHCC,2026-01-05T05:26:58.000000000Z,332.88,337,1.2377,14039,0.5616
CHCC,2026-01-05T05:34:34.000000000Z,332.9,337,1.2316,16359,0.6545
CHCC,2026-01-05T05:39:13.000000000Z,332.9,339.95,2.1178,32072,1.2831
CHCC,2026-01-05T05:44:40.000000000Z,334,340.98,2.0898,52770,2.1111
CHCC,2026-01-05T05:48:01.000000000Z,333,337.5,1.3514,22801,0.9122
CHCC,2026-01-05T06:01:59.000000000Z,332.9,337.93,1.5110,13903,0.5562
CHCC,2026-01-05T06:14:02.000000000Z,332.9,336.4,1.0514,8463,0.3386
CHCC,2026-01-05T06:29:19.000000000Z,332.25,338,1.7306,2200,0.0880
CHCC,2026-01-05T07:23:40.000000000Z,332.5,336,1.0526,7633,0.3054
CHCC,2026-01-05T07:56:15.000000000Z,332,336,1.2048,2119,0.0848
CHCC,2026-01-05T09:29:24.000000000Z,333.1,337.98,1.4650,49249,1.9703
CHCC,2026-01-07T09:13:46.000000000Z,348.1,352,1.1204,37928,1.5173
CHCC,2026-01-08T04:36:55.000000000Z,346,350.99,1.4422,2898,0.1159
CHCC,2026-01-08T05:21:59.000000000Z,343,348,1.4577,4156,0.1663
CHCC,2026-01-09T04:55:44.000000000Z,344,348.9,1.4244,195,0.0078
KOHC,2026-01-09T09:48:00.000000000Z,110.99,112.46,1.3244,11569,0.2659
JVDC,2026-01-05T10:41:12.000000000Z,122.35,124.6,1.8390,63607,2.4767
JVDC,2026-01-06T05:01:46.000000000Z,119,120.35,1.1345,33923,1.3209
JVDC,2026-01-06T05:30:11.000000000Z,119.1,121,1.5953,11547,0.4496
JVDC,2026-01-06T08:01:54.000000000Z,119.12,120.5,1.1585,13981,0.5444
JVDC,2026-01-06T10:35:44.000000000Z,120.82,122.49,1.3822,11028,0.4294
JVDC,2026-01-07T07:57:57.000000000Z,120,121.25,1.0417,17970,0.6997
JVDC,2026-01-08T04:32:45.000000000Z,107.06,116,8.3505,621,0.0242
JVDC,2026-01-08T04:36:11.000000000Z,117,119.99,2.5556,6732,0.2621
JVDC,2026-01-08T05:35:27.000000000Z,116.7,117.99,1.1054,3039,0.1183
JVDC,2026-01-08T08:03:12.000000000Z,118,120,1.6949,46644,1.8162
JVDC,2026-01-09T10:20:45.000000000Z,118,119.98,1.6780,38284,1.4907
TELE,2026-01-05T04:34:50.000000000Z,11.98,12.15,1.4190,1099662,3.2667
TELE,2026-01-05T04:38:21.000000000Z,11.9,12.15,2.1008,590467,1.7540
TELE,2026-01-05T04:40:56.000000000Z,11.93,12.15,1.8441,711418,2.1133
TELE,2026-01-05T04:48:05.000000000Z,12.07,12.2,1.0771,620508,1.8433
TELE,2026-01-05T04:49:29.000000000Z,12.04,12.18,1.1628,465065,1.3815
TELE,2026-01-05T04:51:23.000000000Z,12,12.24,2.0000,289499,0.8600
TELE,2026-01-05T04:53:10.000000000Z,11.98,12.14,1.3356,167565,0.4978
TELE,2026-01-05T04:55:20.000000000Z,11.93,12.22,2.4308,145692,0.4328
TELE,2026-01-05T04:57:25.000000000Z,11.97,12.2,1.9215,338110,1.0044
TELE,2026-01-05T04:59:27.000000000Z,11.98,12.18,1.6694,261040,0.7754
TELE,2026-01-05T05:31:37.000000000Z,12.05,12.22,1.4108,185791,0.5519
TELE,2026-01-05T05:34:46.000000000Z,11.99,12.3,2.5855,355455,1.0559
TELE,2026-01-05T05:39:51.000000000Z,12,12.35,2.9167,97476,0.2896
TELE,2026-01-05T05:44:55.000000000Z,12,12.3,2.5000,149229,0.4433
TELE,2026-01-05T05:50:10.000000000Z,12,12.21,1.7500,128799,0.3826
TELE,2026-01-05T05:56:39.000000000Z,12,12.27,2.2500,282598,0.8395
TELE,2026-01-05T06:00:15.000000000Z,12.04,12.18,1.1628,271750,0.8073
TELE,2026-01-05T06:02:54.000000000Z,12.01,12.21,1.6653,189586,0.5632
TELE,2026-01-05T06:05:50.000000000Z,12.04,12.24,1.6611,525387,1.5607
TELE,2026-01-05T06:09:24.000000000Z,12.05,12.26,1.7427,285514,0.8481
TELE,2026-01-05T06:13:44.000000000Z,12,12.25,2.0833,341610,1.0148
TELE,2026-01-05T06:16:19.000000000Z,12.05,12.28,1.9087,205332,0.6100
TELE,2026-01-05T06:19:32.000000000Z,12.03,12.3,2.2444,309595,0.9197
TELE,2026-01-05T06:22:43.000000000Z,12,12.32,2.6667,155597,0.4622
TELE,2026-01-05T06:30:19.000000000Z,12,12.35,2.9167,138687,0.4120
TELE,2026-01-05T06:36:58.000000000Z,12.02,12.45,3.5774,708448,2.1045
TELE,2026-01-05T06:40:21.000000000Z,12.08,12.45,3.0629,288005,0.8555
TELE,2026-01-05T06:43:13.000000000Z,12.06,12.44,3.1509,187179,0.5560
TELE,2026-01-05T06:47:19.000000000Z,12.05,12.39,2.8216,215049,0.6388
TELE,2026-01-05T06:52:14.000000000Z,12.03,12.35,2.6600,264444,0.7856
TELE,2026-01-05T06:54:49.000000000Z,12,12.3,2.5000,292188,0.8680
TELE,2026-01-05T06:59:23.000000000Z,12.04,12.37,2.7409,248506,0.7382
TELE,2026-01-05T07:04:45.000000000Z,12.03,12.38,2.9094,155076,0.4607
TELE,2026-01-05T07:09:35.000000000Z,12,12.3,2.5000,176488,0.5243
TELE,2026-01-05T07:14:02.000000000Z,11.99,12.34,2.9191,132501,0.3936
TELE,2026-01-05T07:21:12.000000000Z,11.98,12.32,2.8381,167753,0.4983
TELE,2026-01-05T07:25:27.000000000Z,11.97,12.36,3.2581,258910,0.7691
TELE,2026-01-05T07:28:05.000000000Z,11.95,12.3,2.9289,87950,0.2613
TELE,2026-01-05T07:33:10.000000000Z,11.95,12.37,3.5146,332063,0.9864
TELE,2026-01-05T07:36:41.000000000Z,11.94,12.35,3.4338,108089,0.3211
TELE,2026-01-05T07:41:42.000000000Z,11.95,12.4,3.7657,302312,0.8981
TELE,2026-01-05T07:45:52.000000000Z,11.92,12.41,4.1107,122959,0.3653
TELE,2026-01-05T07:53:06.000000000Z,11.95,12.42,3.9331,180677,0.5367
TELE,2026-01-05T07:59:34.000000000Z,11.99,12.44,3.7531,259288,0.7702
TELE,2026-01-05T08:06:40.000000000Z,11.98,12.47,4.0902,720104,2.1391
TELE,2026-01-05T08:19:53.000000000Z,11.97,12.45,4.0100,2840576,8.4382
TELE,2026-01-05T08:21:23.000000000Z,12.25,12.4,1.2245,972997,2.8904
TELE,2026-01-05T08:22:17.000000000Z,12.24,12.4,1.3072,441645,1.3120
TELE,2026-01-05T08:23:19.000000000Z,12.26,12.4,1.1419,1250954,3.7161
TELE,2026-01-06T10:35:45.000000000Z,12.93,13.15,1.7015,282739,0.8399
TELE,2026-01-07T05:27:38.000000000Z,13,13.15,1.1538,1239044,3.6807
TELE,2026-01-07T10:35:01.000000000Z,13.06,13.2,1.0720,220502,0.6550
TELE,2026-01-09T04:20:17.000000000Z,12.61,12.75,1.1102,12303,0.0365
OCTOPUS,2026-01-08T05:25:02.000000000Z,44.3,44.99,1.5576,98988,4.0985
OCTOPUS,2026-01-09T04:20:31.000000000Z,43.8,44.36,1.2785,4242,0.1756
OCTOPUS,2026-01-09T04:31:24.000000000Z,43.71,44.24,1.2125,7700,0.3188
NRL,2026-01-05T04:32:01.000000000Z,416.63,452,8.4895,22693,0.6935
NRL,2026-01-05T04:35:10.000000000Z,415,450.05,8.4458,37404,1.1431
NRL,2026-01-05T04:38:14.000000000Z,415.01,450.5,8.5516,23718,0.7249
NRL,2026-01-05T04:41:34.000000000Z,416,450.98,8.4087,29997,0.9168
NRL,2026-01-05T04:55:51.000000000Z,416.47,453,8.7713,19348,0.5913
NRL,2026-01-05T04:59:29.000000000Z,416.9,454,8.8990,13366,0.4085
NRL,2026-01-05T05:33:34.000000000Z,415.22,455.3,9.6527,22773,0.6960
NRL,2026-01-05T05:38:06.000000000Z,416.89,456,9.3814,25852,0.7901
NRL,2026-01-05T05:41:18.000000000Z,416,457.11,9.8822,64002,1.9560
NRL,2026-01-05T05:44:38.000000000Z,419.25,457,9.0042,51001,1.5587
NRL,2026-01-05T05:45:56.000000000Z,420.01,457,8.8069,19889,0.6079
NRL,2026-01-05T05:47:26.000000000Z,420.25,456.85,8.7091,29227,0.8932
NRL,2026-01-05T05:48:49.000000000Z,420.5,458.89,9.1296,50182,1.5337
NRL,2026-01-05T05:49:53.000000000Z,421.11,460.39,9.3277,101408,3.0993
NRL,2026-01-05T05:50:55.000000000Z,421.5,458.5,8.7782,80906,2.4727
NRL,2026-01-05T05:52:01.000000000Z,421.5,457.49,8.5386,37931,1.1593
NRL,2026-01-05T05:53:25.000000000Z,422,457.5,8.4123,19258,0.5886
NRL,2026-01-05T05:55:06.000000000Z,421.22,457.9,8.7080,38751,1.1843
NRL,2026-01-05T05:56:56.000000000Z,420,456.88,8.7810,27404,0.8375
NRL,2026-01-05T05:59:02.000000000Z,420.11,456.23,8.5977,18734,0.5726
NRL,2026-01-05T06:03:37.000000000Z,420.5,457,8.6801,23469,0.7173
NRL,2026-01-05T06:05:49.000000000Z,420.56,457.21,8.7146,18268,0.5583
NRL,2026-01-05T06:08:44.000000000Z,420.5,457.4,8.7753,10314,0.3152
NRL,2026-01-05T06:12:58.000000000Z,420.11,458,9.0191,32353,0.9888
NRL,2026-01-05T06:16:39.000000000Z,420.1,458,9.0217,38361,1.1724
NRL,2026-01-05T06:23:09.000000000Z,419.75,458.5,9.2317,30100,0.9199
NRL,2026-01-05T06:28:06.000000000Z,420,458.3,9.1190,22347,0.6830
NRL,2026-01-05T06:34:32.000000000Z,420.45,458.45,9.0379,17354,0.5304
NRL,2026-01-05T06:43:03.000000000Z,420.5,457.31,8.7539,8349,0.2552
NRL,2026-01-05T06:49:26.000000000Z,420.5,457.3,8.7515,16243,0.4964
NRL,2026-01-05T06:57:26.000000000Z,420.5,457.8,8.8704,21180,0.6473
NRL,2026-01-05T07:02:35.000000000Z,420.19,458,8.9983,33865,1.0350
NRL,2026-01-05T07:05:54.000000000Z,420.05,457.92,9.0156,6418,0.1961
NRL,2026-01-05T07:12:51.000000000Z,420.06,457.1,8.8178,25462,0.7782
NRL,2026-01-05T07:16:13.000000000Z,420.75,456.6,8.5205,10265,0.3137
NRL,2026-01-05T07:24:28.000000000Z,420.6,456.58,8.5544,13673,0.4179
NRL,2026-01-05T07:31:05.000000000Z,421.29,457,8.4763,10811,0.3304
NRL,2026-01-05T07:40:48.000000000Z,420.75,457,8.6156,8126,0.2483
NRL,2026-01-05T07:46:13.000000000Z,419.51,456.3,8.7698,14342,0.4383
NRL,2026-01-05T07:50:27.000000000Z,421,457.4,8.6461,13524,0.4133
NRL,2026-01-05T07:53:24.000000000Z,421.45,457.46,8.5443,12404,0.3791
NRL,2026-01-05T07:56:52.000000000Z,421.72,457,8.3657,3954,0.1208
NRL,2026-01-05T08:00:26.000000000Z,420.8,456.19,8.4102,16452,0.5028
NRL,2026-01-05T08:03:48.000000000Z,421.33,457.18,8.5088,8020,0.2451
NRL,2026-01-05T08:06:53.000000000Z,421.55,457.09,8.4308,20468,0.6255
NRL,2026-01-05T08:09:25.000000000Z,421.65,456.8,8.3363,21198,0.6479
NRL,2026-01-05T08:13:23.000000000Z,422,456,8.0569,49612,1.5163
NRL,2026-01-05T08:15:49.000000000Z,422,455.01,7.8223,19754,0.6037
NRL,2026-01-05T08:19:46.000000000Z,421.65,455,7.9094,12492,0.3818
NRL,2026-01-05T08:27:44.000000000Z,421.87,455.99,8.0878,4262,0.1303
NRL,2026-01-05T08:35:57.000000000Z,420.61,456,8.4140,15947,0.4874
NRL,2026-01-05T08:44:20.000000000Z,421,455.56,8.2090,12592,0.3848
NRL,2026-01-05T08:52:33.000000000Z,421.5,455.6,8.0902,26827,0.8199
NRL,2026-01-05T09:02:52.000000000Z,421,456.28,8.3800,3906,0.1194
NRL,2026-01-05T09:15:56.000000000Z,420.99,456,8.3161,50064,1.5301
NRL,2026-01-05T09:22:19.000000000Z,421.85,457,8.3323,5685,0.1737
NRL,2026-01-05T09:30:03.000000000Z,421,456.9,8.5273,11160,0.3411
NRL,2026-01-05T09:33:35.000000000Z,421.88,455.6,7.9928,26307,0.8040
NRL,2026-01-05T09:39:00.000000000Z,421,455,8.0760,44645,1.3644
NRL,2026-01-05T09:42:09.000000000Z,422.2,454.96,7.7594,31969,0.9770
NRL,2026-01-05T09:44:17.000000000Z,422,455,7.8199,35771,1.0932
NRL,2026-01-05T09:47:40.000000000Z,422.25,455.04,7.7655,26511,0.8102
NRL,2026-01-05T09:50:21.000000000Z,420.55,454.58,8.0918,29371,0.8976
NRL,2026-01-05T09:53:01.000000000Z,421.79,455.42,7.9732,49017,1.4981
NRL,2026-01-05T09:56:01.000000000Z,419,455,8.5919,5525,0.1689
NRL,2026-01-05T09:59:20.000000000Z,419.13,454,8.3196,30190,0.9227
NRL,2026-01-05T10:01:59.000000000Z,418.6,452.99,8.2155,11212,0.3427
NRL,2026-01-05T10:04:00.000000000Z,418.1,452.93,8.3305,6801,0.2079
NRL,2026-01-05T10:07:13.000000000Z,418.5,452.01,8.0072,18981,0.5801
NRL,2026-01-05T10:11:27.000000000Z,418.5,451.56,7.8996,6046,0.1848
NRL,2026-01-05T10:16:39.000000000Z,418.5,452,8.0048,29476,0.9009
NRL,2026-01-05T10:21:02.000000000Z,417,454.51,8.9952,35172,1.0749
NRL,2026-01-05T10:23:54.000000000Z,417.49,452,8.2661,9048,0.2765
NRL,2026-01-05T10:25:37.000000000Z,417.89,451.5,8.0428,22072,0.6746
NRL,2026-01-05T10:28:39.000000000Z,418,450.03,7.6627,26658,0.8147
NRL,2026-01-05T10:49:39.000000000Z,418.1,451.85,8.0722,14113,0.4313
NRL,2026-01-06T04:34:30.000000000Z,421,451.4,7.2209,6361,0.1944
NRL,2026-01-06T04:36:08.000000000Z,419.99,451.9,7.5978,15985,0.4885
NRL,2026-01-06T04:38:01.000000000Z,420.94,452.38,7.4690,20853,0.6373
NRL,2026-01-06T04:39:26.000000000Z,421.21,451.51,7.1936,11091,0.3390
NRL,2026-01-06T04:41:42.000000000Z,421,452,7.3634,15224,0.4653
NRL,2026-01-06T04:44:36.000000000Z,420.74,452.5,7.5486,8447,0.2582
NRL,2026-01-06T04:47:17.000000000Z,419,452.56,8.0095,6006,0.1836
NRL,2026-01-06T04:50:32.000000000Z,419.97,452,7.6267,18643,0.5698
NRL,2026-01-06T04:55:05.000000000Z,418.8,452,7.9274,6514,0.1991
NRL,2026-01-06T04:57:22.000000000Z,417.2,450,7.8619,61680,1.8851
NRL,2026-01-06T04:59:14.000000000Z,416.5,449.91,8.0216,19351,0.5914
NRL,2026-01-06T05:01:17.000000000Z,415.53,451.68,8.6997,15832,0.4839
NRL,2026-01-06T05:04:18.000000000Z,416.19,450,8.1237,13554,0.4142
NRL,2026-01-06T05:07:26.000000000Z,417.03,450,7.9059,7582,0.2317
NRL,2026-01-06T05:10:52.000000000Z,417.94,449,7.4317,15973,0.4882
NRL,2026-01-06T05:13:35.000000000Z,418.95,449.85,7.3756,20147,0.6157
NRL,2026-01-06T05:16:49.000000000Z,418.13,450.01,7.6244,8039,0.2457
NRL,2026-01-06T05:20:41.000000000Z,418,451.6,8.0383,11029,0.3371
NRL,2026-01-06T05:23:58.000000000Z,417.01,450.97,8.1437,3875,0.1184
NRL,2026-01-06T05:27:07.000000000Z,417.36,450.99,8.0578,5402,0.1651
NRL,2026-01-06T05:30:33.000000000Z,416.2,450.88,8.3325,19257,0.5885
NRL,2026-01-06T05:33:55.000000000Z,417.95,450.9,7.8837,21432,0.6550
NRL,2026-01-06T05:38:07.000000000Z,419.02,449.01,7.1572,18057,0.5519
NRL,2026-01-06T05:40:13.000000000Z,417.31,449.1,7.6178,4947,0.1512
NRL,2026-01-06T05:44:39.000000000Z,417.76,449,7.4780,13937,0.4259
NRL,2026-01-06T05:48:56.000000000Z,418.5,449.03,7.2951,13802,0.4218
NRL,2026-01-06T05:53:06.000000000Z,418.48,449.12,7.3217,11878,0.3630
NRL,2026-01-06T05:56:35.000000000Z,418.9,449.94,7.4099,26311,0.8041
NRL,2026-01-06T06:00:06.000000000Z,419.9,449,6.9302,16150,0.4936
NRL,2026-01-06T06:03:10.000000000Z,420.1,448.55,6.7722,8554,0.2614
NRL,2026-01-06T06:06:58.000000000Z,419.26,446.51,6.4995,47267,1.4446
NRL,2026-01-06T06:10:29.000000000Z,420.96,446,5.9483,65657,2.0066
NRL,2026-01-06T06:12:04.000000000Z,421.5,445.6,5.7177,18212,0.5566
NRL,2026-01-06T06:14:20.000000000Z,421.5,445.87,5.7817,62951,1.9239
NRL,2026-01-06T06:16:26.000000000Z,422.5,445.2,5.3728,171886,5.2532
NRL,2026-01-06T06:17:29.000000000Z,425,444,4.4706,270885,8.2788
NRL,2026-01-06T06:18:20.000000000Z,424.98,442.19,4.0496,94074,2.8751
NRL,2026-01-06T06:19:11.000000000Z,424.21,441.98,4.1890,36562,1.1174
NRL,2026-01-06T06:20:06.000000000Z,423.11,441.94,4.4504,23918,0.7310
NRL,2026-01-06T06:21:10.000000000Z,423.83,441.45,4.1573,29479,0.9009
NRL,2026-01-06T06:22:43.000000000Z,423,440,4.0189,42727,1.3058
NRL,2026-01-06T06:24:34.000000000Z,422.5,439,3.9053,22070,0.6745
NRL,2026-01-06T06:26:41.000000000Z,422.12,438.98,3.9941,33438,1.0219
NRL,2026-01-06T06:28:45.000000000Z,422.9,437.79,3.5209,19399,0.5929
NRL,2026-01-06T06:30:38.000000000Z,424,438.5,3.4198,98244,3.0026
NRL,2026-01-06T06:31:44.000000000Z,425.9,441.89,3.7544,101745,3.1095
NRL,2026-01-06T06:32:36.000000000Z,425.49,443.69,4.2774,82524,2.5221
NRL,2026-01-06T06:33:40.000000000Z,427.5,444,3.8596,140058,4.2805
NRL,2026-01-06T06:34:30.000000000Z,427.75,443,3.5652,46955,1.4350
NRL,2026-01-06T06:35:22.000000000Z,427.9,442.5,3.4120,43284,1.3229
NRL,2026-01-06T06:36:14.000000000Z,428.43,438,2.2337,51398,1.5708
NRL,2026-01-06T06:37:08.000000000Z,429.49,435.99,1.5134,157992,4.8286
NRL,2026-01-06T06:37:59.000000000Z,429,437.83,2.0583,246489,7.5332
NRL,2026-01-06T06:38:53.000000000Z,430.45,437.99,1.7517,41306,1.2624
NRL,2026-01-06T06:39:46.000000000Z,428.57,437.35,2.0487,44800,1.3692
NRL,2026-01-06T06:40:41.000000000Z,430.15,437.99,1.8226,150000,4.5843
NRL,2026-01-06T06:41:32.000000000Z,430.88,438.8,1.8381,112026,3.4238
NRL,2026-01-06T06:42:22.000000000Z,431.9,438.51,1.5304,39870,1.2185
NRL,2026-01-06T06:43:13.000000000Z,431,438.54,1.7494,127672,3.9019
NRL,2026-01-06T06:45:50.000000000Z,430.52,435.75,1.2148,22071,0.6745
NRL,2026-01-06T06:46:56.000000000Z,431.04,435.99,1.1484,20638,0.6307
NRL,2026-01-06T06:47:57.000000000Z,430.01,437,1.6255,24256,0.7413
NRL,2026-01-06T06:48:53.000000000Z,429.06,436.55,1.7457,21782,0.6657
NRL,2026-01-06T06:49:59.000000000Z,429.58,436.45,1.5992,32419,0.9908
NRL,2026-01-06T06:50:58.000000000Z,429.99,437,1.6303,24548,0.7502
NRL,2026-01-06T06:52:10.000000000Z,429,437.4,1.9580,17306,0.5289
NRL,2026-01-06T06:53:45.000000000Z,429.5,436.5,1.6298,22743,0.6951
NRL,2026-01-06T06:56:30.000000000Z,429,436.49,1.7459,36469,1.1146
NRL,2026-01-06T06:58:47.000000000Z,428.48,438,2.2218,25458,0.7781
NRL,2026-01-06T07:00:18.000000000Z,427.25,440,2.9842,20770,0.6348
NRL,2026-01-06T07:02:06.000000000Z,427.53,439.11,2.7086,23572,0.7204
NRL,2026-01-06T07:03:58.000000000Z,428.5,437.98,2.2124,17849,0.5455
NRL,2026-01-06T07:06:00.000000000Z,429,437,1.8648,25165,0.7691
NRL,2026-01-06T07:07:57.000000000Z,430,435.5,1.2791,48786,1.4910
NRL,2026-01-06T07:29:35.000000000Z,430.79,435.5,1.0933,36284,1.1089
NRL,2026-01-06T07:31:15.000000000Z,430.16,434.9,1.1019,35759,1.0929
NRL,2026-01-06T07:34:10.000000000Z,430,434.5,1.0465,16707,0.5106
NRL,2026-01-06T08:11:01.000000000Z,429.5,433.89,1.0221,2176,0.0665
NRL,2026-01-06T09:32:50.000000000Z,430.5,435.58,1.1800,34425,1.0521
NRL,2026-01-06T09:34:37.000000000Z,429.79,435.99,1.4426,72486,2.2153
NRL,2026-01-06T09:35:35.000000000Z,430.5,436.44,1.3798,36645,1.1200
NRL,2026-01-06T09:40:40.000000000Z,430.9,436,1.1836,26284,0.8033
NRL,2026-01-06T09:42:20.000000000Z,431,435.96,1.1508,30195,0.9228
NRL,2026-01-06T10:12:07.000000000Z,430,434.8,1.1163,33991,1.0388
NRL,2026-01-06T10:13:39.000000000Z,429.16,435,1.3608,30509,0.9324
NRL,2026-01-06T10:15:16.000000000Z,430.79,437,1.4415,32133,0.9821
NRL,2026-01-06T10:16:35.000000000Z,431.8,438,1.4358,25798,0.7884
NRL,2026-01-06T10:18:19.000000000Z,431,437,1.3921,24076,0.7358
NRL,2026-01-06T10:19:58.000000000Z,431,436.5,1.2761,26684,0.8155
NRL,2026-01-06T10:21:59.000000000Z,431.5,436.99,1.2723,22428,0.6854
NRL,2026-01-06T10:29:31.000000000Z,432.1,438.5,1.4811,58522,1.7886
NRL,2026-01-06T10:42:00.000000000Z,431.99,438.75,1.5649,33311,1.0181
NRL,2026-01-07T04:37:29.000000000Z,431.49,437.75,1.4508,30007,0.9171
NRL,2026-01-07T04:38:38.000000000Z,430,436.56,1.5256,22190,0.6782
NRL,2026-01-07T04:39:58.000000000Z,430.22,438,1.8084,22422,0.6853
NRL,2026-01-07T04:41:39.000000000Z,431,438.32,1.6984,26962,0.8240
NRL,2026-01-07T04:43:28.000000000Z,431.38,438.04,1.5439,59662,1.8234
NRL,2026-01-07T04:45:35.000000000Z,431.5,437.05,1.2862,23504,0.7183
NRL,2026-01-07T04:47:24.000000000Z,431.5,437.02,1.2793,35254,1.0774
NRL,2026-01-07T04:49:03.000000000Z,432,437,1.1574,59793,1.8274
NRL,2026-01-07T04:50:51.000000000Z,431.02,436.01,1.1577,38418,1.1741
NRL,2026-01-07T04:52:34.000000000Z,431.11,436.06,1.1482,23595,0.7211
NRL,2026-01-07T04:54:05.000000000Z,432,437,1.1574,16269,0.4972
NRL,2026-01-07T04:55:53.000000000Z,432.38,436.79,1.0199,57845,1.7679
NRL,2026-01-07T10:16:34.000000000Z,457,464.74,1.6937,302389,9.2417
AIRLINK,2026-01-05T04:32:00.000000000Z,173.99,188,8.0522,151433,2.8094
AIRLINK,2026-01-05T04:33:22.000000000Z,174.59,187.54,7.4174,55902,1.0371
AIRLINK,2026-01-05T04:34:55.000000000Z,174.25,187.75,7.7475,69332,1.2862
AIRLINK,2026-01-05T04:37:09.000000000Z,174.55,188.01,7.7113,75942,1.4089
AIRLINK,2026-01-05T04:38:16.000000000Z,174.59,188.59,8.0188,137240,2.5461
AIRLINK,2026-01-05T04:39:34.000000000Z,175,190,8.5714,160384,2.9754
AIRLINK,2026-01-05T04:40:40.000000000Z,174.8,189.62,8.4783,268796,4.9867
AIRLINK,2026-01-05T04:42:17.000000000Z,174.75,189.7,8.5551,139149,2.5815
AIRLINK,2026-01-05T04:55:11.000000000Z,175.2,189.75,8.3048,108789,2.0183
AIRLINK,2026-01-05T04:57:02.000000000Z,174.9,188.95,8.0332,107095,1.9868
AIRLINK,2026-01-05T04:58:46.000000000Z,174.96,189.51,8.3162,298275,5.5336
AIRLINK,2026-01-05T05:00:12.000000000Z,175,189.01,8.0057,131101,2.4322
AIRLINK,2026-01-05T05:16:03.000000000Z,176.89,189,6.8461,34247,0.6353
AIRLINK,2026-01-05T05:17:11.000000000Z,176.5,189.01,7.0878,25854,0.4796
AIRLINK,2026-01-05T05:18:39.000000000Z,176.01,188.79,7.2610,62314,1.1560
AIRLINK,2026-01-05T05:19:56.000000000Z,176.05,188.48,7.0605,53620,0.9948
AIRLINK,2026-01-05T05:21:53.000000000Z,176.25,188.51,6.9560,45537,0.8448
AIRLINK,2026-01-05T05:24:24.000000000Z,175.6,188.66,7.4374,41025,0.7611
AIRLINK,2026-01-05T05:26:46.000000000Z,175.69,188.65,7.3766,8983,0.1667
AIRLINK,2026-01-05T05:29:16.000000000Z,175.49,188.56,7.4477,40201,0.7458
AIRLINK,2026-01-05T05:31:29.000000000Z,175.8,188.49,7.2184,14117,0.2619
AIRLINK,2026-01-05T05:33:25.000000000Z,175.8,188.6,7.2810,27073,0.5023
AIRLINK,2026-01-05T05:35:10.000000000Z,175.98,188.5,7.1144,32523,0.6034
AIRLINK,2026-01-05T05:37:10.000000000Z,176.24,188.35,6.8713,19143,0.3551
AIRLINK,2026-01-05T05:38:55.000000000Z,176.23,188.05,6.7071,27095,0.5027
AIRLINK,2026-01-05T05:40:25.000000000Z,176.01,187.74,6.6644,81175,1.5060
AIRLINK,2026-01-05T05:42:02.000000000Z,176.31,189.5,7.4811,38905,0.7218
AIRLINK,2026-01-05T05:44:07.000000000Z,176.3,189.58,7.5326,37662,0.6987
AIRLINK,2026-01-05T05:46:44.000000000Z,176.25,189.55,7.5461,45770,0.8491
AIRLINK,2026-01-05T05:48:50.000000000Z,176.5,189.49,7.3598,12286,0.2279
AIRLINK,2026-01-05T05:50:45.000000000Z,176.69,189.52,7.2613,127523,2.3658
AIRLINK,2026-01-05T05:52:10.000000000Z,176.7,189.32,7.1420,72904,1.3525
AIRLINK,2026-01-05T05:53:53.000000000Z,176.48,188.02,6.5390,170993,3.1723
AIRLINK,2026-01-05T05:55:25.000000000Z,175.85,188.25,7.0515,110968,2.0587
AIRLINK,2026-01-05T05:56:47.000000000Z,175.57,188.51,7.3703,24420,0.4530
AIRLINK,2026-01-05T05:58:41.000000000Z,175.47,187.91,7.0895,23396,0.4340
AIRLINK,2026-01-05T06:01:29.000000000Z,175.75,188.48,7.2432,15623,0.2898
AIRLINK,2026-01-05T06:05:48.000000000Z,175.84,187.61,6.6936,10743,0.1993
AIRLINK,2026-01-05T06:09:53.000000000Z,175.98,187.76,6.6939,40112,0.7442
AIRLINK,2026-01-05T06:12:24.000000000Z,175.9,187.78,6.7538,15005,0.2784
AIRLINK,2026-01-05T06:15:16.000000000Z,175.8,187.94,6.9056,16020,0.2972
AIRLINK,2026-01-05T06:18:32.000000000Z,176,187.81,6.7102,14284,0.2650
AIRLINK,2026-01-05T06:23:20.000000000Z,176.2,188.25,6.8388,41878,0.7769
AIRLINK,2026-01-05T06:25:26.000000000Z,176.26,187.65,6.4620,24790,0.4599
AIRLINK,2026-01-05T06:28:07.000000000Z,176,188,6.8182,24331,0.4514
AIRLINK,2026-01-05T06:29:36.000000000Z,175.61,187.9,6.9985,48061,0.8916
AIRLINK,2026-01-05T06:31:30.000000000Z,175.55,188.01,7.0977,56057,1.0400
AIRLINK,2026-01-05T06:33:31.000000000Z,175.87,188.01,6.9028,38499,0.7142
AIRLINK,2026-01-05T06:36:50.000000000Z,175.58,188.17,7.1705,40163,0.7451
AIRLINK,2026-01-05T06:41:16.000000000Z,175.7,188.05,7.0290,35853,0.6651
AIRLINK,2026-01-05T06:45:52.000000000Z,175.6,188.5,7.3462,29314,0.5438
AIRLINK,2026-01-05T06:50:34.000000000Z,175.51,188.43,7.3614,41886,0.7771
AIRLINK,2026-01-05T06:53:39.000000000Z,176.15,187.51,6.4490,190366,3.5317
AIRLINK,2026-01-05T06:56:26.000000000Z,177.1,187,5.5901,335781,6.2294
AIRLINK,2026-01-05T06:57:17.000000000Z,178,187.11,5.1180,261137,4.8446
AIRLINK,2026-01-05T06:58:11.000000000Z,178.5,187.05,4.7899,99036,1.8373
AIRLINK,2026-01-05T06:59:04.000000000Z,178,187.3,5.2247,147064,2.7283
AIRLINK,2026-01-05T07:00:00.000000000Z,178,187.25,5.1966,63002,1.1688
AIRLINK,2026-01-05T07:00:55.000000000Z,177.51,186.71,5.1828,43843,0.8134
AIRLINK,2026-01-05T07:02:14.000000000Z,177.79,186.73,5.0284,54006,1.0019
AIRLINK,2026-01-05T07:03:54.000000000Z,177.5,187,5.3521,24621,0.4568
AIRLINK,2026-01-05T07:05:27.000000000Z,177.05,186.87,5.5465,56784,1.0535
AIRLINK,2026-01-05T07:07:29.000000000Z,177.51,186.75,5.2053,49046,0.9099
AIRLINK,2026-01-05T07:09:08.000000000Z,177.99,187,5.0621,39869,0.7396
AIRLINK,2026-01-05T07:10:38.000000000Z,177.73,187,5.2158,16288,0.3022
AIRLINK,2026-01-05T07:11:56.000000000Z,177.5,187,5.3521,27441,0.5091
AIRLINK,2026-01-05T07:13:33.000000000Z,177.7,187.19,5.3405,73735,1.3679
AIRLINK,2026-01-05T07:15:16.000000000Z,177.8,186.25,4.7525,21833,0.4050
AIRLINK,2026-01-05T07:17:32.000000000Z,177.7,186.99,5.2279,12867,0.2387
AIRLINK,2026-01-05T07:19:19.000000000Z,177.59,186.11,4.7976,20477,0.3799
AIRLINK,2026-01-05T07:21:02.000000000Z,177.39,186,4.8537,35354,0.6559
AIRLINK,2026-01-05T07:22:46.000000000Z,177.45,186.2,4.9310,45183,0.8382
AIRLINK,2026-01-05T07:25:08.000000000Z,177.54,186.4,4.9904,15375,0.2852
AIRLINK,2026-01-05T07:27:06.000000000Z,177.4,186.87,5.3382,49173,0.9123
AIRLINK,2026-01-05T07:28:26.000000000Z,176.8,186.7,5.5995,14621,0.2712
AIRLINK,2026-01-05T07:30:04.000000000Z,176.7,186.3,5.4329,36545,0.6780
AIRLINK,2026-01-05T07:31:35.000000000Z,176.8,185.99,5.1980,46962,0.8712
AIRLINK,2026-01-05T07:33:34.000000000Z,176.85,185.5,4.8912,22217,0.4122
AIRLINK,2026-01-05T07:35:49.000000000Z,176.7,185.8,5.1500,22524,0.4179
AIRLINK,2026-01-05T07:39:47.000000000Z,176.8,186.65,5.5713,32987,0.6120
AIRLINK,2026-01-05T07:42:35.000000000Z,176.65,186.31,5.4684,14358,0.2664
AIRLINK,2026-01-05T07:46:08.000000000Z,176.87,185.99,5.1563,33642,0.6241
AIRLINK,2026-01-05T07:49:05.000000000Z,176.98,185.51,4.8198,10289,0.1909
AIRLINK,2026-01-05T07:52:24.000000000Z,176.9,185.99,5.1385,29951,0.5557
AIRLINK,2026-01-05T07:56:34.000000000Z,176.9,185.97,5.1272,42589,0.7901
AIRLINK,2026-01-05T08:00:59.000000000Z,176.93,185.12,4.6289,18566,0.3444
AIRLINK,2026-01-05T08:04:43.000000000Z,176.94,185.14,4.6343,36695,0.6808
AIRLINK,2026-01-05T08:07:36.000000000Z,176.99,185.2,4.6387,43739,0.8114
AIRLINK,2026-01-05T08:10:37.000000000Z,176.65,185.7,5.1231,57938,1.0749
AIRLINK,2026-01-05T08:13:13.000000000Z,176.4,185.2,4.9887,17753,0.3294
AIRLINK,2026-01-05T08:18:56.000000000Z,176.54,185.1,4.8488,27306,0.5066
AIRLINK,2026-01-05T08:24:24.000000000Z,176.61,184.8,4.6373,54888,1.0183
AIRLINK,2026-01-05T08:30:21.000000000Z,176.02,184.5,4.8176,53988,1.0016
AIRLINK,2026-01-05T08:35:54.000000000Z,176.49,184.78,4.6971,12761,0.2367
AIRLINK,2026-01-05T08:39:48.000000000Z,176.69,184.96,4.6805,26287,0.4877
AIRLINK,2026-01-05T08:44:01.000000000Z,177,184,3.9548,67651,1.2551
AIRLINK,2026-01-05T08:46:08.000000000Z,177.2,184,3.8375,68842,1.2772
AIRLINK,2026-01-05T08:48:24.000000000Z,176.75,184.2,4.2150,35866,0.6654
AIRLINK,2026-01-05T08:52:21.000000000Z,176.9,184.2,4.1266,32835,0.6092
AIRLINK,2026-01-05T08:54:32.000000000Z,176.77,184.76,4.5200,17407,0.3229
AIRLINK,2026-01-05T08:59:44.000000000Z,176.7,184.5,4.4143,36690,0.6807
AIRLINK,2026-01-05T09:04:39.000000000Z,176.8,184.9,4.5814,26747,0.4962
AIRLINK,2026-01-05T09:10:11.000000000Z,176.9,185.04,4.6015,78543,1.4571
AIRLINK,2026-01-05T09:13:25.000000000Z,176.9,185.01,4.5845,30447,0.5649
AIRLINK,2026-01-05T09:17:42.000000000Z,176.79,185.5,4.9267,40183,0.7455
AIRLINK,2026-01-05T09:22:35.000000000Z,176.45,185.9,5.3556,18637,0.3458
AIRLINK,2026-01-05T09:25:36.000000000Z,176.4,185.6,5.2154,59966,1.1125
AIRLINK,2026-01-05T09:28:24.000000000Z,176.34,185.38,5.1265,17371,0.3223
AIRLINK,2026-01-05T09:30:36.000000000Z,176.7,184.07,4.1709,184615,3.4250
AIRLINK,2026-01-05T09:33:53.000000000Z,177.45,184.35,3.8884,47968,0.8899
AIRLINK,2026-01-05T09:36:25.000000000Z,177,184.26,4.1017,23743,0.4405
AIRLINK,2026-01-05T09:39:50.000000000Z,176.77,184.07,4.1297,39888,0.7400
AIRLINK,2026-01-05T09:44:03.000000000Z,176.6,182.71,3.4598,52021,0.9651
AIRLINK,2026-01-05T09:47:06.000000000Z,176.11,182.9,3.8555,62353,1.1568
AIRLINK,2026-01-05T09:49:14.000000000Z,176,182.49,3.6875,52245,0.9692
AIRLINK,2026-01-05T09:51:47.000000000Z,176.11,182.1,3.4013,64478,1.1962
AIRLINK,2026-01-05T09:53:59.000000000Z,176,182.39,3.6307,48700,0.9035
AIRLINK,2026-01-05T09:56:20.000000000Z,175.51,182.1,3.7548,38720,0.7183
AIRLINK,2026-01-05T09:58:25.000000000Z,175.94,182.99,4.0070,21813,0.4047
AIRLINK,2026-01-05T10:01:00.000000000Z,175.56,183.5,4.5227,99808,1.8516
AIRLINK,2026-01-05T10:03:44.000000000Z,175.5,183.3,4.4444,37693,0.6993
AIRLINK,2026-01-05T10:05:41.000000000Z,175.29,183.83,4.8719,77164,1.4315
AIRLINK,2026-01-05T10:08:50.000000000Z,175.47,184.49,5.1405,48804,0.9054
AIRLINK,2026-01-05T10:10:57.000000000Z,175.74,184.75,5.1269,53257,0.9880
AIRLINK,2026-01-05T10:13:53.000000000Z,175.56,185.82,5.8442,78935,1.4644
AIRLINK,2026-01-05T10:16:25.000000000Z,175.5,185.71,5.8177,58560,1.0864
AIRLINK,2026-01-05T10:19:08.000000000Z,175.2,186.01,6.1701,61496,1.1409
AIRLINK,2026-01-05T10:22:07.000000000Z,175.65,186,5.8924,28092,0.5212
AIRLINK,2026-01-05T10:24:08.000000000Z,175.74,186.46,6.0999,72044,1.3366
AIRLINK,2026-01-05T10:26:17.000000000Z,175.8,186.2,5.9158,46684,0.8661
AIRLINK,2026-01-05T10:28:28.000000000Z,176.19,186.09,5.6189,55320,1.0263
AIRLINK,2026-01-05T10:29:56.000000000Z,176.27,186.03,5.5370,354082,6.5689
AIRLINK,2026-01-06T04:32:17.000000000Z,179.02,185.85,3.8152,215985,4.0069
AIRLINK,2026-01-06T04:33:07.000000000Z,179,185.12,3.4190,204781,3.7991
AIRLINK,2026-01-06T04:33:57.000000000Z,181,185.12,2.2762,302446,5.6110
AIRLINK,2026-01-06T04:34:47.000000000Z,182.43,185.33,1.5897,265516,4.9258
AIRLINK,2026-01-06T04:35:37.000000000Z,181,185.51,2.4917,67620,1.2545
AIRLINK,2026-01-06T04:36:27.000000000Z,181.31,185.02,2.0462,56187,1.0424
AIRLINK,2026-01-06T04:37:17.000000000Z,181.6,185.13,1.9438,89483,1.6601
AIRLINK,2026-01-06T04:38:18.000000000Z,181.56,185.16,1.9828,67372,1.2499
AIRLINK,2026-01-06T04:39:12.000000000Z,181.5,185,1.9284,42670,0.7916
AIRLINK,2026-01-06T04:40:05.000000000Z,181.2,185,2.0971,59121,1.0968
AIRLINK,2026-01-06T04:40:59.000000000Z,181.33,185.01,2.0294,72084,1.3373
AIRLINK,2026-01-06T04:42:06.000000000Z,181.39,184.89,1.9295,45094,0.8366
AIRLINK,2026-01-06T04:43:09.000000000Z,181,184.65,2.0166,128004,2.3747
AIRLINK,2026-01-06T04:44:13.000000000Z,181,185,2.2099,82692,1.5341
AIRLINK,2026-01-06T04:45:09.000000000Z,180.99,184.62,2.0056,17243,0.3199
AIRLINK,2026-01-06T04:46:11.000000000Z,180.85,184.3,1.9077,40031,0.7427
AIRLINK,2026-01-06T04:47:12.000000000Z,180.5,183.86,1.8615,103361,1.9176
AIRLINK,2026-01-06T04:48:10.000000000Z,180,183.55,1.9722,30692,0.5694
AIRLINK,2026-01-06T04:49:07.000000000Z,179.7,183.99,2.3873,45631,0.8465
AIRLINK,2026-01-06T04:50:03.000000000Z,179.4,183.89,2.5028,54060,1.0029
AIRLINK,2026-01-06T04:51:03.000000000Z,179.49,183.56,2.2675,26085,0.4839
AIRLINK,2026-01-06T04:52:12.000000000Z,179.3,183.66,2.4317,101589,1.8847
AIRLINK,2026-01-06T04:53:17.000000000Z,179.5,185.25,3.2033,103441,1.9190
AIRLINK,2026-01-06T04:54:17.000000000Z,180,186,3.3333,87779,1.6285
AIRLINK,2026-01-06T04:55:13.000000000Z,180,185.99,3.3278,93136,1.7279
AIRLINK,2026-01-06T04:56:16.000000000Z,180.05,185.99,3.2991,83746,1.5537
AIRLINK,2026-01-06T04:57:13.000000000Z,180.88,186.49,3.1015,74357,1.3795
AIRLINK,2026-01-06T04:58:08.000000000Z,180.03,185.99,3.3106,160330,2.9744
AIRLINK,2026-01-06T04:59:09.000000000Z,179.8,185.94,3.4149,27968,0.5189
AIRLINK,2026-01-06T05:00:07.000000000Z,179.26,185.75,3.6204,46713,0.8666
AIRLINK,2026-01-06T05:01:07.000000000Z,179.08,185.5,3.5850,155698,2.8885
AIRLINK,2026-01-06T05:02:04.000000000Z,179.18,185.42,3.4825,32756,0.6077
AIRLINK,2026-01-06T05:03:05.000000000Z,179.49,185.83,3.5322,56396,1.0463
AIRLINK,2026-01-06T05:04:23.000000000Z,179.5,185.87,3.5487,55653,1.0325
AIRLINK,2026-01-06T05:05:49.000000000Z,179.49,186,3.6269,109798,2.0370
AIRLINK,2026-01-06T05:06:55.000000000Z,180.22,186,3.2072,86583,1.6063
AIRLINK,2026-01-06T05:07:52.000000000Z,180,186,3.3333,59858,1.1105
AIRLINK,2026-01-06T05:08:52.000000000Z,180,185.89,3.2722,21643,0.4015
AIRLINK,2026-01-06T05:09:54.000000000Z,179.94,185.96,3.3456,26664,0.4947
AIRLINK,2026-01-06T05:11:17.000000000Z,180.1,186,3.2760,100026,1.8557
AIRLINK,2026-01-06T05:12:27.000000000Z,180.56,185.2,2.5698,99746,1.8505
AIRLINK,2026-01-06T05:13:36.000000000Z,181.01,185.01,2.2098,56671,1.0514
AIRLINK,2026-01-06T05:14:28.000000000Z,181.35,185.03,2.0292,36333,0.6740
AIRLINK,2026-01-06T05:15:25.000000000Z,181.02,184.47,1.9059,53141,0.9859
AIRLINK,2026-01-06T05:16:27.000000000Z,181.1,184.6,1.9326,41457,0.7691
AIRLINK,2026-01-06T05:17:33.000000000Z,181.2,184.65,1.9040,84170,1.5615
AIRLINK,2026-01-06T05:18:45.000000000Z,181.25,184.6,1.8483,62175,1.1535
AIRLINK,2026-01-06T05:20:10.000000000Z,181.39,184.5,1.7145,42978,0.7973
AIRLINK,2026-01-06T05:21:23.000000000Z,181.25,184.51,1.7986,164780,3.0570
AIRLINK,2026-01-06T05:22:34.000000000Z,181,185.26,2.3536,77664,1.4408
AIRLINK,2026-01-06T05:23:47.000000000Z,180.96,185.5,2.5088,19455,0.3609
AIRLINK,2026-01-06T05:25:03.000000000Z,180.7,185.5,2.6563,57997,1.0760
AIRLINK,2026-01-06T05:26:08.000000000Z,180.49,186.19,3.1581,224866,4.1717
AIRLINK,2026-01-06T05:27:07.000000000Z,179.97,186,3.3506,63979,1.1869
AIRLINK,2026-01-06T05:28:21.000000000Z,179.83,186.45,3.6813,69912,1.2970
AIRLINK,2026-01-06T05:29:21.000000000Z,180.1,186,3.2760,62710,1.1634
AIRLINK,2026-01-06T05:30:21.000000000Z,180.99,186,2.7681,38122,0.7072
AIRLINK,2026-01-06T05:31:22.000000000Z,180.89,185.81,2.7199,77875,1.4447
AIRLINK,2026-01-06T05:32:25.000000000Z,181.4,186.06,2.5689,162458,3.0139
AIRLINK,2026-01-06T05:33:20.000000000Z,181.46,186.56,2.8105,268957,4.9897
AIRLINK,2026-01-06T05:34:14.000000000Z,182.4,187,2.5219,131705,2.4434
AIRLINK,2026-01-06T05:35:06.000000000Z,182.6,188,2.9573,485975,9.0158
AIRLINK,2026-01-06T05:35:57.000000000Z,183.1,189.45,3.4681,354778,6.5818
AIRLINK,2026-01-06T05:36:53.000000000Z,183.5,188.95,2.9700,135293,2.5100
AIRLINK,2026-01-06T05:37:46.000000000Z,183.3,189,3.1097,229447,4.2567
AIRLINK,2026-01-06T05:38:43.000000000Z,183.48,188,2.4635,68063,1.2627
AIRLINK,2026-01-06T05:39:49.000000000Z,183,188.1,2.7869,170208,3.1577
AIRLINK,2026-01-06T05:40:55.000000000Z,182.35,188.5,3.3726,26686,0.4951
AIRLINK,2026-01-06T05:42:01.000000000Z,182.61,188.82,3.4007,115497,2.1427
AIRLINK,2026-01-06T05:43:04.000000000Z,182.6,190.33,4.2333,180406,3.3469
AIRLINK,2026-01-06T05:44:14.000000000Z,182,189.99,4.3901,96601,1.7921
AIRLINK,2026-01-06T05:45:23.000000000Z,182.5,190.29,4.2685,65624,1.2175
AIRLINK,2026-01-06T05:46:48.000000000Z,182.5,190.45,4.3562,58395,1.0833
AIRLINK,2026-01-06T05:48:09.000000000Z,182.69,190.38,4.2093,33716,0.6255
AIRLINK,2026-01-06T05:49:50.000000000Z,182.5,190.89,4.5973,191351,3.5499
AIRLINK,2026-01-06T05:51:13.000000000Z,183.38,190.89,4.0953,53091,0.9849
AIRLINK,2026-01-06T05:52:25.000000000Z,183,191,4.3716,60628,1.1248
AIRLINK,2026-01-06T05:53:32.000000000Z,182.99,190.99,4.3718,54769,1.0161
AIRLINK,2026-01-06T05:55:05.000000000Z,182.51,190.8,4.5422,42017,0.7795
AIRLINK,2026-01-06T05:56:45.000000000Z,183,190.5,4.0984,29548,0.5482
AIRLINK,2026-01-06T05:58:31.000000000Z,183,190.38,4.0328,45092,0.8365
AIRLINK,2026-01-06T06:00:18.000000000Z,182.5,190.69,4.4877,16169,0.3000
AIRLINK,2026-01-06T06:02:19.000000000Z,182.21,190.4,4.4948,43143,0.8004
AIRLINK,2026-01-06T06:04:07.000000000Z,182.15,190.3,4.4743,12399,0.2300
AIRLINK,2026-01-06T06:05:47.000000000Z,182.99,190.15,3.9128,19751,0.3664
AIRLINK,2026-01-06T06:07:08.000000000Z,182.21,190.25,4.4125,21391,0.3968
AIRLINK,2026-01-06T06:09:06.000000000Z,182.5,189.5,3.8356,62745,1.1640
AIRLINK,2026-01-06T06:12:09.000000000Z,182.6,190,4.0526,98277,1.8232
AIRLINK,2026-01-06T06:13:35.000000000Z,183.25,189.75,3.5471,18506,0.3433
AIRLINK,2026-01-06T06:15:00.000000000Z,183.3,189.39,3.3224,33423,0.6201
AIRLINK,2026-01-06T06:16:12.000000000Z,183,189.99,3.8197,39506,0.7329
AIRLINK,2026-01-06T06:17:45.000000000Z,183.15,189.05,3.2214,125563,2.3294
AIRLINK,2026-01-06T06:19:25.000000000Z,183.2,189.21,3.2806,37680,0.6990
AIRLINK,2026-01-06T06:20:54.000000000Z,183.5,189.01,3.0027,93983,1.7436
AIRLINK,2026-01-06T06:22:53.000000000Z,183.01,189.55,3.5736,33481,0.6211
AIRLINK,2026-01-06T06:25:19.000000000Z,183.28,189.99,3.6611,23081,0.4282
AIRLINK,2026-01-06T06:27:28.000000000Z,183.17,189.97,3.7124,25293,0.4692
AIRLINK,2026-01-06T06:29:57.000000000Z,183.03,189.92,3.7644,28557,0.5298
AIRLINK,2026-01-06T06:32:34.000000000Z,183.1,189.89,3.7084,34939,0.6482
AIRLINK,2026-01-06T06:34:39.000000000Z,183.01,189.49,3.5408,21424,0.3975
AIRLINK,2026-01-06T06:36:51.000000000Z,183.3,189.3,3.2733,175956,3.2643
AIRLINK,2026-01-06T06:38:09.000000000Z,183.5,189.35,3.1880,50996,0.9461
AIRLINK,2026-01-06T06:39:18.000000000Z,183.6,189.39,3.1536,21262,0.3945
AIRLINK,2026-01-06T06:41:01.000000000Z,183.6,189.94,3.4532,59337,1.1008
AIRLINK,2026-01-06T06:43:39.000000000Z,183.7,189.85,3.3478,6433,0.1193
AIRLINK,2026-01-06T06:45:49.000000000Z,183.16,188.97,3.1721,105399,1.9554
AIRLINK,2026-01-06T06:48:20.000000000Z,183.35,190.29,3.7851,19127,0.3548
AIRLINK,2026-01-06T06:51:18.000000000Z,183.45,191.25,4.2518,17145,0.3181
AIRLINK,2026-01-06T06:53:55.000000000Z,183.42,190.29,3.7455,39846,0.7392
AIRLINK,2026-01-06T06:56:53.000000000Z,183.17,191,4.2747,40531,0.7519
AIRLINK,2026-01-06T07:00:41.000000000Z,183.17,190.99,4.2693,8124,0.1507
AIRLINK,2026-01-06T07:05:09.000000000Z,183.16,190.31,3.9037,144938,2.6889
AIRLINK,2026-01-06T07:07:54.000000000Z,183.01,189.7,3.6555,58125,1.0783
AIRLINK,2026-01-06T07:09:57.000000000Z,182.5,190.05,4.1370,21576,0.4003
AIRLINK,2026-01-06T07:12:06.000000000Z,182.2,189.72,4.1273,39180,0.7269
AIRLINK,2026-01-06T07:13:31.000000000Z,182,189.68,4.2198,94857,1.7598
AIRLINK,2026-01-06T07:15:48.000000000Z,182.2,188.25,3.3205,48007,0.8906
AIRLINK,2026-01-06T07:18:09.000000000Z,182.2,188.3,3.3480,41431,0.7686
AIRLINK,2026-01-06T07:21:09.000000000Z,181.9,188.5,3.6284,14287,0.2651
AIRLINK,2026-01-06T07:23:37.000000000Z,181.9,189.35,4.0957,14558,0.2701
AIRLINK,2026-01-06T07:26:55.000000000Z,181.65,190.01,4.6023,33526,0.6220
AIRLINK,2026-01-06T07:30:50.000000000Z,181.8,190.26,4.6535,63299,1.1743
AIRLINK,2026-01-06T07:32:42.000000000Z,181.7,190.3,4.7331,10567,0.1960
AIRLINK,2026-01-06T07:36:16.000000000Z,181.7,190.3,4.7331,41205,0.7644
AIRLINK,2026-01-06T07:38:10.000000000Z,182.02,190.1,4.4391,9488,0.1760
AIRLINK,2026-01-06T07:40:27.000000000Z,182.32,189.8,4.1027,38605,0.7162
AIRLINK,2026-01-06T07:44:25.000000000Z,182.38,189.73,4.0300,50398,0.9350
AIRLINK,2026-01-06T07:48:47.000000000Z,182,189.89,4.3352,22749,0.4220
AIRLINK,2026-01-06T07:51:31.000000000Z,181.6,190,4.6256,14971,0.2777
AIRLINK,2026-01-06T07:54:04.000000000Z,181.71,190,4.5622,51091,0.9478
AIRLINK,2026-01-06T07:56:52.000000000Z,181.6,190.06,4.6586,64464,1.1959
AIRLINK,2026-01-06T07:58:47.000000000Z,181.2,190,4.8565,249314,4.6253
AIRLINK,2026-01-06T08:00:29.000000000Z,181.51,190,4.6774,53048,0.9841
AIRLINK,2026-01-06T08:01:44.000000000Z,181.6,189.85,4.5430,59575,1.1052
AIRLINK,2026-01-06T08:03:24.000000000Z,182.4,190,4.1667,34788,0.6454
AIRLINK,2026-01-06T08:04:55.000000000Z,182.65,189.85,3.9420,63420,1.1766
AIRLINK,2026-01-06T08:06:53.000000000Z,182.35,189.74,4.0526,97207,1.8034
AIRLINK,2026-01-06T08:08:56.000000000Z,182.69,190,4.0013,71087,1.3188
AIRLINK,2026-01-06T08:11:39.000000000Z,182.21,190,4.2753,62793,1.1649
AIRLINK,2026-01-06T08:14:35.000000000Z,182.4,189.7,4.0022,55189,1.0239
AIRLINK,2026-01-06T08:18:00.000000000Z,182.5,189,3.5616,83705,1.5529
AIRLINK,2026-01-06T08:21:12.000000000Z,182.49,188.95,3.5399,26175,0.4856
AIRLINK,2026-01-06T08:26:23.000000000Z,182.31,188.85,3.5873,38979,0.7231
AIRLINK,2026-01-06T08:30:30.000000000Z,182.37,188.9,3.5806,69019,1.2804
AIRLINK,2026-01-06T08:34:16.000000000Z,181.8,188.21,3.5259,45715,0.8481
AIRLINK,2026-01-06T08:37:11.000000000Z,181.8,187.22,2.9813,58470,1.0847
AIRLINK,2026-01-06T08:40:02.000000000Z,182,187.39,2.9615,71805,1.3321
AIRLINK,2026-01-06T08:43:35.000000000Z,181.99,187.5,3.0276,89196,1.6548
AIRLINK,2026-01-06T08:47:53.000000000Z,181.7,188.4,3.6874,19755,0.3665
AIRLINK,2026-01-06T08:50:56.000000000Z,181.61,187.7,3.3533,46692,0.8662
AIRLINK,2026-01-06T08:54:50.000000000Z,181.61,187.61,3.3038,18076,0.3353
AIRLINK,2026-01-06T08:59:33.000000000Z,182,188.37,3.5000,22798,0.4229
AIRLINK,2026-01-06T09:02:39.000000000Z,181.9,188.38,3.5624,32613,0.6050
AIRLINK,2026-01-06T09:05:00.000000000Z,181.66,188.45,3.7378,23362,0.4334
AIRLINK,2026-01-06T09:07:11.000000000Z,182.19,188.3,3.3536,30693,0.5694
AIRLINK,2026-01-06T09:09:08.000000000Z,181.65,187.74,3.3526,88721,1.6459
AIRLINK,2026-01-06T09:13:39.000000000Z,181.4,187.6,3.4179,100466,1.8638
AIRLINK,2026-01-06T09:16:38.000000000Z,181.35,187.7,3.5015,80825,1.4995
AIRLINK,2026-01-06T09:20:29.000000000Z,180.99,188.28,4.0278,77358,1.4351
AIRLINK,2026-01-06T09:24:05.000000000Z,181,187.93,3.8287,117587,2.1815
AIRLINK,2026-01-06T09:27:26.000000000Z,181,187.8,3.7569,45596,0.8459
AIRLINK,2026-01-06T09:30:42.000000000Z,181.2,188.5,4.0287,14844,0.2754
AIRLINK,2026-01-06T09:34:42.000000000Z,181.11,188.01,3.8098,26196,0.4860
AIRLINK,2026-01-06T09:37:47.000000000Z,181.4,188,3.6384,39142,0.7262
AIRLINK,2026-01-06T09:40:32.000000000Z,182.25,188,3.1550,111793,2.0740
AIRLINK,2026-01-06T09:43:28.000000000Z,182.1,188.2,3.3498,20331,0.3772
AIRLINK,2026-01-06T09:45:24.000000000Z,183,188.2,2.8415,626233,11.6179
AIRLINK,2026-01-06T09:46:24.000000000Z,186.02,188.2,1.1719,465734,8.6403
AIRLINK,2026-01-08T08:03:30.000000000Z,189.05,191.25,1.1637,445809,8.2706
AIRLINK,2026-01-08T09:18:41.000000000Z,193.75,195.74,1.0271,400893,7.4374
AIRLINK,2026-01-08T09:20:23.000000000Z,195.5,197.97,1.2634,222862,4.1345
AIRLINK,2026-01-08T09:58:56.000000000Z,192.5,194.5,1.0390,109460,2.0307
SLGL,2026-01-05T09:46:22.000000000Z,22.5,22.75,1.1111,314180,1.9624
SLGL,2026-01-05T09:50:07.000000000Z,22.43,22.7,1.2037,216139,1.3500
SLGL,2026-01-05T09:53:32.000000000Z,22.31,22.8,2.1963,367432,2.2950
SLGL,2026-01-05T09:57:04.000000000Z,22.47,22.8,1.4686,311922,1.9483
SLGL,2026-01-05T10:02:46.000000000Z,22.39,22.79,1.7865,66163,0.4133
SLGL,2026-01-05T10:07:57.000000000Z,22.46,22.7,1.0686,167558,1.0466
SLGL,2026-01-05T10:13:16.000000000Z,22.4,22.68,1.2500,200292,1.2511
SLGL,2026-01-05T10:26:00.000000000Z,22.32,22.8,2.1505,246317,1.5385
SLGL,2026-01-05T10:28:57.000000000Z,22.4,22.79,1.7411,175276,1.0948
SLGL,2026-01-05T10:45:23.000000000Z,22.37,22.75,1.6987,81671,0.5101
SLGL,2026-01-06T04:33:35.000000000Z,22.3,22.62,1.4350,307831,1.9228
SLGL,2026-01-06T05:00:01.000000000Z,22.01,22.46,2.0445,118787,0.7420
SLGL,2026-01-06T05:02:00.000000000Z,21.91,22.4,2.2364,113984,0.7120
SLGL,2026-01-06T05:04:10.000000000Z,21.9,22.4,2.2831,116891,0.7301
SLGL,2026-01-06T05:06:03.000000000Z,22.15,22.4,1.1287,119044,0.7436
SLGL,2026-01-06T05:07:46.000000000Z,22.08,22.35,1.2228,112329,0.7016
SLGL,2026-01-06T05:10:09.000000000Z,22,22.3,1.3636,270874,1.6919
SLGL,2026-01-06T05:18:01.000000000Z,21.95,22.18,1.0478,244363,1.5263
SLGL,2026-01-06T05:21:00.000000000Z,21.88,22.25,1.6910,62952,0.3932
SLGL,2026-01-06T05:24:29.000000000Z,21.78,22.15,1.6988,241435,1.5080
SLGL,2026-01-06T05:29:05.000000000Z,21.75,22.14,1.7931,253831,1.5855
SLGL,2026-01-08T10:29:39.000000000Z,21.4,21.75,1.6355,78198,0.4884
SLGL,2026-01-09T05:26:16.000000000Z,21.25,21.55,1.4118,89750,0.5606
SLGL,2026-01-09T09:53:58.000000000Z,21.53,21.8,1.2541,125300,0.7826
ITTEFAQ,2026-01-05T05:26:13.000000000Z,10.7,10.96,2.4299,127741,0.9271
ITTEFAQ,2026-01-05T05:32:03.000000000Z,10.69,11.2,4.7708,485542,3.5239
ITTEFAQ,2026-01-05T05:37:49.000000000Z,10.68,11.1,3.9326,440043,3.1936
ITTEFAQ,2026-01-05T05:43:50.000000000Z,10.7,11.01,2.8972,458716,3.3292
ITTEFAQ,2026-01-05T05:48:40.000000000Z,10.75,11.2,4.1860,886775,6.4358
ITTEFAQ,2026-01-05T05:53:32.000000000Z,10.65,11.02,3.4742,666869,4.8399
ITTEFAQ,2026-01-05T05:59:19.000000000Z,10.65,11.02,3.4742,166230,1.2064
ITTEFAQ,2026-01-05T06:02:29.000000000Z,10.6,11.04,4.1509,88196,0.6401
ITTEFAQ,2026-01-05T06:09:19.000000000Z,10.61,11.08,4.4298,158559,1.1508
ITTEFAQ,2026-01-05T06:14:02.000000000Z,10.65,11.02,3.4742,261250,1.8960
ITTEFAQ,2026-01-05T06:19:05.000000000Z,10.62,11.02,3.7665,348268,2.5276
ITTEFAQ,2026-01-05T06:21:03.000000000Z,10.5,10.96,4.3810,423528,3.0738
ITTEFAQ,2026-01-05T06:23:23.000000000Z,10.55,10.94,3.6967,201158,1.4599
ITTEFAQ,2026-01-05T06:27:09.000000000Z,10.68,10.93,2.3408,64631,0.4691
ITTEFAQ,2026-01-05T06:30:58.000000000Z,10.66,10.89,2.1576,46776,0.3395
ITTEFAQ,2026-01-05T06:36:30.000000000Z,10.6,10.9,2.8302,70057,0.5084
ITTEFAQ,2026-01-05T06:44:24.000000000Z,10.6,10.95,3.3019,75534,0.5482
ITTEFAQ,2026-01-05T06:54:46.000000000Z,10.62,10.91,2.7307,82931,0.6019
ITTEFAQ,2026-01-05T07:02:16.000000000Z,10.61,10.88,2.5448,134304,0.9747
ITTEFAQ,2026-01-05T07:12:01.000000000Z,10.63,10.82,1.7874,63892,0.4637
ITTEFAQ,2026-01-05T07:37:56.000000000Z,10.58,10.76,1.7013,99861,0.7247
ITTEFAQ,2026-01-05T07:53:18.000000000Z,10.6,10.76,1.5094,120044,0.8712
ITTEFAQ,2026-01-05T08:05:18.000000000Z,10.6,10.74,1.3208,113748,0.8255
ITTEFAQ,2026-01-05T08:16:43.000000000Z,10.63,10.79,1.5052,61904,0.4493
ITTEFAQ,2026-01-05T09:51:47.000000000Z,10.56,10.7,1.3258,115826,0.8406
ITTEFAQ,2026-01-05T10:05:52.000000000Z,10.57,10.85,2.6490,70215,0.5096
ITTEFAQ,2026-01-05T10:21:28.000000000Z,10.5,10.68,1.7143,54190,0.3933
ITTEFAQ,2026-01-06T04:38:50.000000000Z,10.66,10.8,1.3133,93067,0.6754
ITTEFAQ,2026-01-06T04:41:53.000000000Z,10.45,10.89,4.2105,93886,0.6814
ITTEFAQ,2026-01-06T04:47:41.000000000Z,10.56,10.88,3.0303,22002,0.1597
ITTEFAQ,2026-01-06T04:52:38.000000000Z,10.45,10.97,4.9761,231775,1.6821
ITTEFAQ,2026-01-06T04:58:26.000000000Z,10.4,11,5.7692,615010,4.4635
ITTEFAQ,2026-01-06T05:03:47.000000000Z,10.25,11.05,7.8049,270037,1.9598
ITTEFAQ,2026-01-06T05:07:03.000000000Z,10.3,11.05,7.2816,387502,2.8123
ITTEFAQ,2026-01-06T05:11:01.000000000Z,10.3,10.95,6.3107,504610,3.6622
ITTEFAQ,2026-01-06T05:16:39.000000000Z,10.37,10.8,4.1466,166602,1.2091
ITTEFAQ,2026-01-06T05:19:51.000000000Z,10.35,10.72,3.5749,145085,1.0530
ITTEFAQ,2026-01-06T05:25:32.000000000Z,10.3,10.69,3.7864,79833,0.5794
ITTEFAQ,2026-01-06T05:32:29.000000000Z,10.25,10.77,5.0732,127886,0.9281
ITTEFAQ,2026-01-06T05:39:29.000000000Z,10.31,10.7,3.7827,44142,0.3204
ITTEFAQ,2026-01-06T05:55:17.000000000Z,10.34,10.75,3.9652,73717,0.5350
ITTEFAQ,2026-01-06T06:04:06.000000000Z,10.3,10.7,3.8835,178874,1.2982
ITTEFAQ,2026-01-06T06:13:29.000000000Z,10.4,10.72,3.0769,32923,0.2389
ITTEFAQ,2026-01-06T06:24:55.000000000Z,10.35,10.65,2.8986,132756,0.9635
ITTEFAQ,2026-01-06T06:37:41.000000000Z,10.37,10.61,2.3144,90940,0.6600
ITTEFAQ,2026-01-06T06:49:58.000000000Z,10.39,10.7,2.9836,53104,0.3854
ITTEFAQ,2026-01-06T07:08:31.000000000Z,10.37,10.68,2.9894,91457,0.6638
ITTEFAQ,2026-01-06T07:23:14.000000000Z,10.31,10.57,2.5218,353413,2.5649
ITTEFAQ,2026-01-06T07:36:13.000000000Z,10.39,10.6,2.0212,65801,0.4776
ITTEFAQ,2026-01-06T07:54:23.000000000Z,10.37,10.62,2.4108,118182,0.8577
ITTEFAQ,2026-01-06T08:17:36.000000000Z,10.35,10.6,2.4155,89384,0.6487
ITTEFAQ,2026-01-06T08:37:22.000000000Z,10.32,10.53,2.0349,181918,1.3203
ITTEFAQ,2026-01-06T09:03:09.000000000Z,10.37,10.52,1.4465,153552,1.1144
ITTEFAQ,2026-01-06T09:21:51.000000000Z,10.35,10.58,2.2222,43365,0.3147
ITTEFAQ,2026-01-06T09:38:32.000000000Z,10.35,10.58,2.2222,138389,1.0044
ITTEFAQ,2026-01-06T09:49:39.000000000Z,10.38,10.58,1.9268,70248,0.5098
ITTEFAQ,2026-01-06T10:03:02.000000000Z,10.39,10.68,2.7911,227768,1.6530
ITTEFAQ,2026-01-06T10:24:35.000000000Z,10.3,10.67,3.5922,46791,0.3396
ITTEFAQ,2026-01-07T04:32:28.000000000Z,10.33,10.68,3.3882,59454,0.4315
ITTEFAQ,2026-01-07T04:38:51.000000000Z,10.32,10.62,2.9070,57820,0.4196
ITTEFAQ,2026-01-07T04:45:47.000000000Z,10.4,10.6,1.9231,217840,1.5810
ITTEFAQ,2026-01-07T04:55:43.000000000Z,10.3,10.55,2.4272,115549,0.8386
ITTEFAQ,2026-01-07T05:05:12.000000000Z,10.26,10.55,2.8265,117730,0.8544
ITTEFAQ,2026-01-07T05:15:48.000000000Z,10.28,10.72,4.2802,59157,0.4293
ITTEFAQ,2026-01-07T05:30:50.000000000Z,10.3,10.72,4.0777,55453,0.4025
ITTEFAQ,2026-01-07T05:45:10.000000000Z,10.3,10.56,2.5243,135182,0.9811
ITTEFAQ,2026-01-07T06:08:35.000000000Z,10.3,10.64,3.3010,20641,0.1498
ITTEFAQ,2026-01-07T06:31:29.000000000Z,10.3,10.55,2.4272,163481,1.1865
ITTEFAQ,2026-01-07T06:40:53.000000000Z,10.3,10.6,2.9126,27287,0.1980
ITTEFAQ,2026-01-07T06:53:09.000000000Z,10.37,10.67,2.8930,114017,0.8275
ITTEFAQ,2026-01-07T07:15:53.000000000Z,10.34,10.7,3.4816,62119,0.4508
ITTEFAQ,2026-01-07T07:38:24.000000000Z,10.3,10.65,3.3981,41621,0.3021
ITTEFAQ,2026-01-07T08:08:12.000000000Z,10.33,10.65,3.0978,122735,0.8908
ITTEFAQ,2026-01-07T08:31:31.000000000Z,10.4,10.63,2.2115,23480,0.1704
ITTEFAQ,2026-01-07T08:44:09.000000000Z,10.3,10.55,2.4272,48634,0.3530
ITTEFAQ,2026-01-07T09:13:16.000000000Z,10.38,10.59,2.0231,88824,0.6446
ITTEFAQ,2026-01-07T09:38:40.000000000Z,10.35,10.54,1.8357,62842,0.4561
ITTEFAQ,2026-01-07T09:58:51.000000000Z,10.33,10.5,1.6457,101734,0.7383
ITTEFAQ,2026-01-08T06:05:15.000000000Z,10.77,10.9,1.2071,317793,2.3064
ITTEFAQ,2026-01-08T06:06:46.000000000Z,10.9,11.1,1.8349,560422,4.0673
ITTEFAQ,2026-01-08T06:35:18.000000000Z,10.85,11,1.3825,224716,1.6309
ITTEFAQ,2026-01-08T08:39:32.000000000Z,10.85,10.98,1.1982,118148,0.8575
NATF,2026-01-05T04:32:01.000000000Z,394.89,414,4.8393,5686,1.0551
NATF,2026-01-05T04:39:05.000000000Z,394.99,414,4.8128,8186,1.5191
NATF,2026-01-05T04:54:41.000000000Z,396.68,412.1,3.8873,11460,2.1266
NATF,2026-01-05T04:58:36.000000000Z,400,414,3.5000,2372,0.4402
NATF,2026-01-05T05:00:39.000000000Z,399.9,419.99,5.0238,3729,0.6920
NATF,2026-01-05T05:30:50.000000000Z,398,418.99,5.2739,1255,0.2329
NATF,2026-01-05T05:41:32.000000000Z,397,418,5.2897,5518,1.0240
NATF,2026-01-05T05:48:12.000000000Z,399.9,415.1,3.8010,4858,0.9015
NATF,2026-01-05T05:55:25.000000000Z,399.89,415.6,3.9286,4321,0.8018
NATF,2026-01-05T06:03:50.000000000Z,399.69,419.2,4.8813,1426,0.2646
NATF,2026-01-05T06:11:54.000000000Z,398,420,5.5276,1781,0.3305
NATF,2026-01-05T06:19:12.000000000Z,397.97,417.5,4.9074,2810,0.5214
NATF,2026-01-05T06:23:23.000000000Z,397.35,417.5,5.0711,344,0.0638
NATF,2026-01-05T06:28:49.000000000Z,399.4,418,4.6570,2348,0.4357
NATF,2026-01-05T06:38:38.000000000Z,398.9,419.5,5.1642,14311,2.6556
NATF,2026-01-05T06:45:48.000000000Z,397.5,419.45,5.5220,1981,0.3676
NATF,2026-01-05T06:58:42.000000000Z,398,418,5.0251,3357,0.6229
NATF,2026-01-05T07:12:05.000000000Z,397.52,419.5,5.5293,3332,0.6183
NATF,2026-01-05T07:26:12.000000000Z,397.5,417,4.9057,1052,0.1952
NATF,2026-01-05T07:36:25.000000000Z,398.7,420,5.3424,11006,2.0424
NATF,2026-01-05T07:49:27.000000000Z,398,420.5,5.6533,12123,2.2496
NATF,2026-01-05T08:03:37.000000000Z,398.55,421,5.6329,11788,2.1875
NATF,2026-01-05T08:16:33.000000000Z,398.55,421,5.6329,9746,1.8085
NATF,2026-01-05T08:32:48.000000000Z,398.5,420,5.3952,5265,0.9770
NATF,2026-01-05T08:47:06.000000000Z,398.8,421,5.5667,1570,0.2913
NATF,2026-01-05T09:05:01.000000000Z,399,421,5.5138,3010,0.5586
NATF,2026-01-05T09:18:49.000000000Z,398.52,419.97,5.3824,1853,0.3439
NATF,2026-01-05T09:28:51.000000000Z,398.87,419,5.0468,2899,0.5380
NATF,2026-01-05T09:40:40.000000000Z,398.98,418.9,4.9927,2242,0.4160
NATF,2026-01-05T09:49:13.000000000Z,398.64,418.9,5.0823,2920,0.5419
NATF,2026-01-05T09:56:56.000000000Z,398.64,419.74,5.2930,1846,0.3426
NATF,2026-01-05T10:03:51.000000000Z,398.5,418.5,5.0188,13774,2.5560
NATF,2026-01-05T10:15:59.000000000Z,398.49,419,5.1469,3964,0.7356
NATF,2026-01-05T10:27:26.000000000Z,399,419.79,5.2105,3292,0.6109
NATF,2026-01-06T04:33:53.000000000Z,400,419,4.7500,2723,0.5053
NATF,2026-01-06T04:38:40.000000000Z,400,418.8,4.7000,4417,0.8196
NATF,2026-01-06T04:42:40.000000000Z,401,419,4.4888,11082,2.0565
NATF,2026-01-06T04:46:16.000000000Z,402.99,417.02,3.4815,1662,0.3084
NATF,2026-01-06T04:49:47.000000000Z,401.98,419,4.2340,4091,0.7592
NATF,2026-01-06T04:54:14.000000000Z,400.7,417.01,4.0704,4914,0.9119
NATF,2026-01-06T04:59:12.000000000Z,401,418.5,4.3641,6290,1.1672
NATF,2026-01-06T05:01:48.000000000Z,400,416.61,4.1525,4202,0.7798
NATF,2026-01-06T05:06:33.000000000Z,400,416,4.0000,2091,0.3880
NATF,2026-01-06T05:12:28.000000000Z,401.82,416.49,3.6509,6384,1.1847
NATF,2026-01-06T05:17:18.000000000Z,399.5,417.95,4.6183,2379,0.4415
NATF,2026-01-06T05:23:22.000000000Z,399.01,420,5.2605,12262,2.2754
NATF,2026-01-06T05:30:26.000000000Z,399.9,421,5.2763,633,0.1175
NATF,2026-01-06T05:36:00.000000000Z,399.98,419.99,5.0028,3353,0.6222
NATF,2026-01-06T05:44:12.000000000Z,399.99,419.99,5.0001,2156,0.4001
NATF,2026-01-06T05:53:10.000000000Z,400,417,4.2500,9126,1.6935
NATF,2026-01-06T06:01:41.000000000Z,400.5,416.95,4.1074,1848,0.3429
NATF,2026-01-06T06:10:37.000000000Z,401,416,3.7406,3681,0.6831
NATF,2026-01-06T06:20:33.000000000Z,400.7,416.94,4.0529,7152,1.3272
NATF,2026-01-06T06:31:20.000000000Z,400.98,416.94,3.9802,968,0.1796
NATF,2026-01-06T06:39:08.000000000Z,400.96,416,3.7510,8254,1.5317
NATF,2026-01-06T06:49:57.000000000Z,401.99,416.79,3.6817,2186,0.4056
NATF,2026-01-06T07:01:02.000000000Z,401,416.73,3.9227,4152,0.7705
NATF,2026-01-06T07:08:15.000000000Z,400.9,416.39,3.8638,10146,1.8828
NATF,2026-01-06T07:17:34.000000000Z,403,416.75,3.4119,27653,5.1315
NATF,2026-01-06T07:21:52.000000000Z,405,417,2.9630,7646,1.4188
NATF,2026-01-06T07:24:56.000000000Z,407,417.02,2.4619,11231,2.0841
NATF,2026-01-06T07:27:51.000000000Z,409.92,417.5,1.8491,15783,2.9288
NATF,2026-01-06T07:30:30.000000000Z,409.51,417.5,1.9511,2618,0.4858
NATF,2026-01-06T07:33:06.000000000Z,408,417,2.2059,5301,0.9837
NATF,2026-01-06T07:36:50.000000000Z,408,417,2.2059,3854,0.7152
NATF,2026-01-06T07:40:13.000000000Z,406,417,2.7094,4287,0.7955
NATF,2026-01-06T07:46:51.000000000Z,408,416.7,2.1324,4682,0.8688
NATF,2026-01-06T07:52:27.000000000Z,408,416.74,2.1422,3161,0.5866
NATF,2026-01-06T07:57:50.000000000Z,407,416.72,2.3882,1672,0.3103
NATF,2026-01-06T08:05:25.000000000Z,406,416.73,2.6429,35239,6.5392
NATF,2026-01-06T08:09:39.000000000Z,406,416.72,2.6404,7154,1.3275
NATF,2026-01-06T08:15:45.000000000Z,408.5,416,1.8360,10651,1.9765
NATF,2026-01-06T08:21:23.000000000Z,408,416,1.9608,3721,0.6905
NATF,2026-01-06T08:26:48.000000000Z,408,416.72,2.1373,3610,0.6699
NATF,2026-01-06T08:32:21.000000000Z,408,416.73,2.1397,3382,0.6276
NATF,2026-01-06T08:40:50.000000000Z,408.49,416.6,1.9854,5885,1.0921
NATF,2026-01-06T08:49:07.000000000Z,408,416.5,2.0833,18136,3.3654
NATF,2026-01-06T08:57:09.000000000Z,411,416,1.2165,21177,3.9298
NATF,2026-01-06T09:15:10.000000000Z,412,416.5,1.0922,6075,1.1273
NATF,2026-01-06T09:19:23.000000000Z,413.98,420.49,1.5725,9264,1.7191
NATF,2026-01-06T09:25:31.000000000Z,413,421,1.9370,3036,0.5634
NATF,2026-01-06T09:48:59.000000000Z,411,417,1.4599,11148,2.0687
NATF,2026-01-09T05:59:22.000000000Z,420,425.95,1.4167,427,0.0792
SEARL,2026-01-05T04:32:01.000000000Z,126.9,130.15,2.5611,288346,3.2464
SEARL,2026-01-05T04:33:10.000000000Z,126.8,129.5,2.1293,191902,2.1605
SEARL,2026-01-05T04:34:07.000000000Z,127.35,129.3,1.5312,209729,2.3612
SEARL,2026-01-05T04:35:01.000000000Z,127.05,129.7,2.0858,342141,3.8520
SEARL,2026-01-05T04:36:33.000000000Z,127.1,129.86,2.1715,349922,3.9396
SEARL,2026-01-05T04:37:48.000000000Z,127,129.51,1.9764,141939,1.5980
SEARL,2026-01-05T04:38:48.000000000Z,127.02,129.68,2.0942,192635,2.1688
SEARL,2026-01-05T04:39:46.000000000Z,126.99,129.75,2.1734,96229,1.0834
SEARL,2026-01-05T04:40:50.000000000Z,126.75,130,2.5641,296018,3.3327
SEARL,2026-01-05T04:41:57.000000000Z,127,130.81,3.0000,170506,1.9197
SEARL,2026-01-05T04:54:36.000000000Z,126.99,130.5,2.7640,160678,1.8090
SEARL,2026-01-05T04:56:02.000000000Z,126.62,130.71,3.2301,423618,4.7693
SEARL,2026-01-05T04:57:28.000000000Z,127.15,130.72,2.8077,641949,7.2274
SEARL,2026-01-05T04:58:57.000000000Z,127.15,130.12,2.3358,2063679,23.2341
SEARL,2026-01-05T05:00:23.000000000Z,127.01,130.75,2.9447,683766,7.6982
SEARL,2026-01-05T05:33:43.000000000Z,130.6,131.94,1.0260,186494,2.0997
SEARL,2026-01-05T06:11:41.000000000Z,132.35,133.75,1.0578,285654,3.2161
SEARL,2026-01-05T06:18:53.000000000Z,132.36,134.02,1.2542,163696,1.8430
SEARL,2026-01-05T06:20:19.000000000Z,132.5,134,1.1321,225077,2.5340
SEARL,2026-01-06T09:12:05.000000000Z,130.15,131.66,1.1602,65294,0.7351
SEARL,2026-01-06T09:13:29.000000000Z,130.15,131.5,1.0373,53180,0.5987
SEARL,2026-01-06T09:14:59.000000000Z,130.1,131.5,1.0761,139224,1.5675
SEARL,2026-01-06T09:17:18.000000000Z,129.51,131.29,1.3744,60677,0.6831
SEARL,2026-01-06T09:19:11.000000000Z,129.6,131.3,1.3117,245528,2.7643
SEARL,2026-01-06T09:20:12.000000000Z,129.85,131.61,1.3554,98511,1.1091
SEARL,2026-01-06T09:21:21.000000000Z,129.85,132.4,1.9638,261004,2.9385
SEARL,2026-01-06T09:22:24.000000000Z,129.99,131.98,1.5309,181451,2.0429
SEARL,2026-01-06T09:24:16.000000000Z,130.1,131.5,1.0761,62596,0.7047
IBLHL,2026-01-07T07:23:05.000000000Z,69.5,70.21,1.0216,317799,5.8931
IBLHL,2026-01-07T10:27:31.000000000Z,70.21,71.7,2.1222,87175,1.6165
IBLHL,2026-01-08T04:32:10.000000000Z,71.7,72.6,1.2552,51250,0.9504
IBLHL,2026-01-08T04:38:19.000000000Z,70,71,1.4286,76888,1.4258
IBLHL,2026-01-08T07:11:20.000000000Z,69.11,69.9,1.1431,12242,0.2270
IBLHL,2026-01-09T10:20:42.000000000Z,64.95,65.98,1.5858,142238,2.6376
SEL,2026-01-06T05:49:59.000000000Z,35,35.49,1.4000,15445,1.7056
SEL,2026-01-08T10:29:16.000000000Z,34.3,34.9,1.7493,1438,0.1588
SEL,2026-01-09T05:02:40.000000000Z,34.02,34.69,1.9694,1732,0.1913
SEL,2026-01-09T06:49:36.000000000Z,32,32.95,2.9688,223,0.0246
SEL,2026-01-09T10:15:51.000000000Z,32.79,33.3,1.5554,632,0.0698
SEL,2026-01-09T10:54:10.000000000Z,32.01,32.5,1.5308,151,0.0167
SEL,2026-01-09T11:03:37.000000000Z,32.5,33.38,2.7077,355,0.0392
DGKC,2026-01-05T04:55:18.000000000Z,222.51,224.91,1.0786,71999,1.4415
DGKC,2026-01-05T05:51:17.000000000Z,225.55,228.36,1.2458,84759,1.6970
DGKC,2026-01-05T05:53:22.000000000Z,225.65,228.45,1.2409,107221,2.1467
DGKC,2026-01-05T05:55:58.000000000Z,225.55,228.9,1.4853,108343,2.1692
DGKC,2026-01-05T05:57:55.000000000Z,225.37,228.85,1.5441,99962,2.0014
DGKC,2026-01-05T06:00:33.000000000Z,225.68,228.74,1.3559,35718,0.7151
DGKC,2026-01-05T06:02:42.000000000Z,225.7,228.55,1.2627,102907,2.0603
DGKC,2026-01-05T06:04:49.000000000Z,225.74,229.35,1.5992,80971,1.6211
DGKC,2026-01-05T06:06:39.000000000Z,225.5,229.8,1.9069,66458,1.3306
DGKC,2026-01-05T06:09:12.000000000Z,225.4,230.4,2.2183,304577,6.0980
DGKC,2026-01-05T06:12:02.000000000Z,225.41,232.03,2.9369,262931,5.2642
DGKC,2026-01-05T06:14:54.000000000Z,225.72,231.5,2.5607,109654,2.1954
DGKC,2026-01-05T06:16:59.000000000Z,225.5,231.65,2.7273,95061,1.9032
DGKC,2026-01-05T06:19:45.000000000Z,225.6,231.12,2.4468,100118,2.0045
DGKC,2026-01-05T06:22:49.000000000Z,225.5,231,2.4390,39458,0.7900
DGKC,2026-01-05T06:25:31.000000000Z,225.4,231,2.4845,219184,4.3884
DGKC,2026-01-05T06:27:55.000000000Z,225.5,231.25,2.5499,285933,5.7248
DGKC,2026-01-05T06:29:57.000000000Z,225,231,2.6667,106425,2.1308
DGKC,2026-01-05T06:33:10.000000000Z,225,231,2.6667,86917,1.7402
DGKC,2026-01-05T06:36:10.000000000Z,224.6,230.67,2.7026,20613,0.4127
DGKC,2026-01-05T06:39:14.000000000Z,224.6,231.5,3.0721,58940,1.1801
DGKC,2026-01-05T06:42:30.000000000Z,224.9,231.49,2.9302,61495,1.2312
DGKC,2026-01-05T06:46:06.000000000Z,225.37,231.5,2.7200,104151,2.0852
DGKC,2026-01-05T06:47:57.000000000Z,224.96,231.55,2.9294,16152,0.3234
DGKC,2026-01-05T06:51:15.000000000Z,225,231.52,2.8978,96887,1.9398
DGKC,2026-01-05T06:53:20.000000000Z,224.55,231.65,3.1619,47676,0.9545
DGKC,2026-01-05T06:55:38.000000000Z,224.61,231.97,3.2768,54783,1.0968
DGKC,2026-01-05T06:58:17.000000000Z,225.25,232.1,3.0411,140964,2.8223
DGKC,2026-01-05T07:00:12.000000000Z,225.25,232.4,3.1743,78267,1.5670
DGKC,2026-01-05T07:01:55.000000000Z,225.5,232.19,2.9667,30650,0.6137
DGKC,2026-01-05T07:04:42.000000000Z,225.49,232.45,3.0866,132904,2.6609
DGKC,2026-01-05T07:06:58.000000000Z,225.39,232,2.9327,18747,0.3753
DGKC,2026-01-05T07:09:16.000000000Z,225,232,3.1111,25154,0.5036
DGKC,2026-01-05T07:12:05.000000000Z,225.1,232,3.0653,137162,2.7462
DGKC,2026-01-05T07:14:17.000000000Z,225.4,231.66,2.7773,65792,1.3172
DGKC,2026-01-05T07:16:41.000000000Z,225.25,231.86,2.9345,16982,0.3400
DGKC,2026-01-05T07:19:57.000000000Z,225.4,231.65,2.7728,24382,0.4882
DGKC,2026-01-05T07:23:16.000000000Z,225.2,231.25,2.6865,60369,1.2087
DGKC,2026-01-05T07:25:43.000000000Z,225.01,231.1,2.7065,73875,1.4791
DGKC,2026-01-05T07:28:44.000000000Z,225.45,231.05,2.4839,20740,0.4152
DGKC,2026-01-05T07:32:25.000000000Z,225.07,230.75,2.5237,33173,0.6642
DGKC,2026-01-05T07:35:52.000000000Z,225.1,230.55,2.4211,8118,0.1625
DGKC,2026-01-05T07:39:47.000000000Z,225.3,230.76,2.4234,33957,0.6799
DGKC,2026-01-05T07:42:23.000000000Z,224.99,230.69,2.5334,9604,0.1923
DGKC,2026-01-05T07:45:02.000000000Z,224.75,230.51,2.5628,20941,0.4193
DGKC,2026-01-05T07:47:32.000000000Z,225.01,230.52,2.4488,22307,0.4466
DGKC,2026-01-05T07:51:13.000000000Z,225.3,230.25,2.1971,7157,0.1433
DGKC,2026-01-05T07:55:05.000000000Z,225.3,230.37,2.2503,17073,0.3418
DGKC,2026-01-05T08:00:12.000000000Z,225.31,230.11,2.1304,15869,0.3177
DGKC,2026-01-05T08:04:10.000000000Z,225.35,230.2,2.1522,10187,0.2040
DGKC,2026-01-05T08:07:23.000000000Z,225.4,230.49,2.2582,13346,0.2672
DGKC,2026-01-05T08:11:30.000000000Z,225.49,230.31,2.1376,19711,0.3946
DGKC,2026-01-05T08:17:05.000000000Z,225.02,230,2.2131,59450,1.1903
DGKC,2026-01-05T08:20:01.000000000Z,225.42,230.03,2.0451,22582,0.4521
DGKC,2026-01-05T08:23:31.000000000Z,225.7,230.2,1.9938,30081,0.6023
DGKC,2026-01-05T08:27:08.000000000Z,225.68,231,2.3573,77974,1.5611
DGKC,2026-01-05T08:30:23.000000000Z,225.88,231.48,2.4792,55936,1.1199
DGKC,2026-01-05T08:32:57.000000000Z,225.69,231.89,2.7471,67644,1.3543
DGKC,2026-01-05T08:36:33.000000000Z,225.7,231.74,2.6761,27450,0.5496
DGKC,2026-01-05T08:39:52.000000000Z,225.69,232,2.7959,52216,1.0454
DGKC,2026-01-05T08:42:29.000000000Z,225.7,231.7,2.6584,10253,0.2053
DGKC,2026-01-05T08:47:15.000000000Z,225.5,231.7,2.7494,3701,0.0741
DGKC,2026-01-05T08:51:49.000000000Z,225.5,231.97,2.8692,75648,1.5146
DGKC,2026-01-05T08:56:25.000000000Z,225.34,232.1,2.9999,48903,0.9791
DGKC,2026-01-05T09:00:39.000000000Z,225.96,232,2.6730,65336,1.3081
DGKC,2026-01-05T09:02:51.000000000Z,225.9,231.95,2.6782,149777,2.9987
DGKC,2026-01-05T09:05:13.000000000Z,225.7,231.51,2.5742,125054,2.5037
DGKC,2026-01-05T09:07:02.000000000Z,225.95,231.5,2.4563,9612,0.1924
DGKC,2026-01-05T09:09:49.000000000Z,225.98,231.5,2.4427,35774,0.7162
DGKC,2026-01-05T09:13:08.000000000Z,225.85,230.65,2.1253,93753,1.8771
DGKC,2026-01-05T09:17:32.000000000Z,226,230.8,2.1239,24503,0.4906
DGKC,2026-01-05T09:19:42.000000000Z,226,230.97,2.1991,17875,0.3579
DGKC,2026-01-05T09:21:51.000000000Z,226.01,230.51,1.9911,35528,0.7113
DGKC,2026-01-05T09:23:58.000000000Z,226.01,229.55,1.5663,272692,5.4597
DGKC,2026-01-05T09:28:09.000000000Z,227.51,230.44,1.2879,63793,1.2772
DGKC,2026-01-05T09:57:01.000000000Z,227,229.79,1.2291,79555,1.5928
DGKC,2026-01-05T09:59:32.000000000Z,227,229.79,1.2291,35870,0.7182
DGKC,2026-01-05T10:01:10.000000000Z,227,229.36,1.0396,27381,0.5482
DGKC,2026-01-05T10:16:15.000000000Z,226.85,229.5,1.1682,201484,4.0340
DGKC,2026-01-05T10:17:52.000000000Z,227,229.48,1.0925,247890,4.9631
DGKC,2026-01-05T10:19:00.000000000Z,226.49,229,1.1082,151242,3.0281
DGKC,2026-01-05T10:20:29.000000000Z,226.5,228.79,1.0110,44801,0.8970
DGKC,2026-01-06T05:04:54.000000000Z,224.5,227.55,1.3586,54138,1.0839
DGKC,2026-01-06T05:06:19.000000000Z,224.99,227.5,1.1156,43093,0.8628
DGKC,2026-01-06T05:07:33.000000000Z,224.8,227.89,1.3746,33669,0.6741
DGKC,2026-01-06T05:08:54.000000000Z,224.9,228.39,1.5518,109445,2.1912
DGKC,2026-01-06T05:10:00.000000000Z,224.79,227.99,1.4236,41475,0.8304
DGKC,2026-01-06T05:11:00.000000000Z,224.8,228.05,1.4457,54370,1.0886
DGKC,2026-01-06T05:12:11.000000000Z,224.7,228.3,1.6021,149645,2.9961
DGKC,2026-01-06T05:13:11.000000000Z,223.99,228.26,1.9063,57760,1.1564
DGKC,2026-01-06T05:14:06.000000000Z,224.11,228,1.7358,72114,1.4438
DGKC,2026-01-06T05:15:04.000000000Z,224.1,228.03,1.7537,47894,0.9589
DGKC,2026-01-06T05:16:08.000000000Z,224,228.03,1.7991,48000,0.9610
DGKC,2026-01-06T05:17:16.000000000Z,223.99,228,1.7903,63063,1.2626
DGKC,2026-01-06T05:18:29.000000000Z,223.7,228,1.9222,21767,0.4358
DGKC,2026-01-06T05:19:40.000000000Z,223.89,228.15,1.9027,27820,0.5570
DGKC,2026-01-06T05:21:01.000000000Z,223.1,228.1,2.2411,115128,2.3050
DGKC,2026-01-06T05:22:00.000000000Z,223.69,228.01,1.9312,40903,0.8189
DGKC,2026-01-06T05:23:08.000000000Z,223.49,227.7,1.8838,85852,1.7189
DGKC,2026-01-06T05:24:20.000000000Z,223.2,228,2.1505,31193,0.6245
DGKC,2026-01-06T05:25:29.000000000Z,223,229.2,2.7803,127280,2.5483
DGKC,2026-01-06T05:26:37.000000000Z,223.39,229.5,2.7351,73326,1.4681
DGKC,2026-01-06T05:27:50.000000000Z,223.53,230.04,2.9124,243019,4.8656
DGKC,2026-01-06T05:28:53.000000000Z,223.99,230.7,2.9957,99310,1.9883
DGKC,2026-01-06T05:30:12.000000000Z,223.99,230.55,2.9287,102288,2.0479
DGKC,2026-01-06T05:31:22.000000000Z,223.74,230.65,3.0884,132906,2.6610
DGKC,2026-01-06T05:32:35.000000000Z,224,230.63,2.9598,155590,3.1151
DGKC,2026-01-06T05:33:57.000000000Z,223.88,230.62,3.0105,68713,1.3757
DGKC,2026-01-06T05:35:05.000000000Z,223.8,230.56,3.0206,55907,1.1193
DGKC,2026-01-06T05:36:15.000000000Z,224,230.5,2.9018,171567,3.4350
DGKC,2026-01-06T05:37:26.000000000Z,223.9,230.5,2.9477,39788,0.7966
DGKC,2026-01-06T05:38:27.000000000Z,223.99,230.8,3.0403,84300,1.6878
DGKC,2026-01-06T05:39:35.000000000Z,223.97,230.5,2.9156,150082,3.0048
DGKC,2026-01-06T05:40:50.000000000Z,223.89,230.55,2.9747,128934,2.5814
DGKC,2026-01-06T05:42:00.000000000Z,223.48,230.5,3.1412,62665,1.2546
DGKC,2026-01-06T05:43:01.000000000Z,223.5,230.5,3.1320,74767,1.4969
DGKC,2026-01-06T05:44:24.000000000Z,223.5,230.5,3.1320,26481,0.5302
DGKC,2026-01-06T05:45:57.000000000Z,223.65,229.25,2.5039,165290,3.3093
DGKC,2026-01-06T05:47:36.000000000Z,223.78,229.36,2.4935,24327,0.4871
DGKC,2026-01-06T05:49:07.000000000Z,223.75,229.46,2.5520,22375,0.4480
DGKC,2026-01-06T05:50:20.000000000Z,224.01,229.1,2.2722,14762,0.2956
DGKC,2026-01-06T05:51:42.000000000Z,224.19,229.89,2.5425,52342,1.0480
DGKC,2026-01-06T05:52:52.000000000Z,224.5,229.5,2.2272,40885,0.8186
DGKC,2026-01-06T05:54:08.000000000Z,224.74,228.75,1.7843,115233,2.3071
DGKC,2026-01-06T05:55:28.000000000Z,225,228.12,1.3867,482064,9.6516
DGKC,2026-01-06T06:01:50.000000000Z,226.98,229.4,1.0662,94668,1.8954
DGKC,2026-01-06T06:02:55.000000000Z,226.89,229.3,1.0622,42287,0.8466
DGKC,2026-01-06T06:04:13.000000000Z,226.49,229.3,1.2407,16169,0.3237
DGKC,2026-01-06T06:05:27.000000000Z,226.5,229.3,1.2362,60822,1.2177
DGKC,2026-01-06T06:06:36.000000000Z,225.99,229.55,1.5753,45774,0.9165
DGKC,2026-01-06T06:07:47.000000000Z,225.5,229.5,1.7738,90214,1.8062
DGKC,2026-01-06T06:08:56.000000000Z,225.7,229.51,1.6881,73117,1.4639
DGKC,2026-01-06T06:10:59.000000000Z,225.5,229.7,1.8625,37350,0.7478
DGKC,2026-01-06T06:12:25.000000000Z,225.62,229.5,1.7197,34656,0.6939
DGKC,2026-01-06T06:14:31.000000000Z,225.7,229.5,1.6837,29942,0.5995
DGKC,2026-01-06T06:16:03.000000000Z,225.62,229.5,1.7197,59176,1.1848
DGKC,2026-01-06T06:17:29.000000000Z,225.5,229.51,1.7783,45405,0.9091
DGKC,2026-01-06T06:19:36.000000000Z,225.45,229.9,1.9738,46933,0.9397
DGKC,2026-01-06T06:21:43.000000000Z,225.38,229.95,2.0277,128592,2.5746
DGKC,2026-01-06T06:23:43.000000000Z,225.39,229.96,2.0276,13791,0.2761
DGKC,2026-01-06T06:25:26.000000000Z,225.33,229.36,1.7885,218886,4.3824
DGKC,2026-01-06T06:28:17.000000000Z,225.2,229.2,1.7762,16726,0.3349
DGKC,2026-01-06T06:31:02.000000000Z,225.19,229.47,1.9006,46858,0.9382
DGKC,2026-01-06T06:33:24.000000000Z,225.01,229.51,1.9999,39184,0.7845
DGKC,2026-01-06T06:34:49.000000000Z,225,230,2.2222,112500,2.2524
DGKC,2026-01-06T06:36:54.000000000Z,225,230.6,2.4889,67487,1.3512
DGKC,2026-01-06T06:38:29.000000000Z,224.81,231,2.7534,188587,3.7758
DGKC,2026-01-06T06:40:07.000000000Z,224.99,230.81,2.5868,97114,1.9444
DGKC,2026-01-06T06:41:39.000000000Z,224.9,230.18,2.3477,54616,1.0935
DGKC,2026-01-06T06:42:45.000000000Z,225,230.75,2.5556,101653,2.0352
DGKC,2026-01-06T06:44:06.000000000Z,225,230.77,2.5644,76076,1.5231
DGKC,2026-01-06T06:46:06.000000000Z,224.99,230.4,2.4046,98355,1.9692
DGKC,2026-01-06T06:48:12.000000000Z,225,230.54,2.4622,56008,1.1214
DGKC,2026-01-06T06:49:28.000000000Z,224.99,230.65,2.5157,65946,1.3203
DGKC,2026-01-06T06:50:30.000000000Z,224.5,230.1,2.4944,69310,1.3877
DGKC,2026-01-06T06:51:47.000000000Z,224.62,231,2.8404,135515,2.7132
DGKC,2026-01-06T06:52:58.000000000Z,224.73,231.15,2.8568,120747,2.4175
DGKC,2026-01-06T06:54:04.000000000Z,224.79,230.48,2.5313,175093,3.5056
DGKC,2026-01-06T06:55:10.000000000Z,225.35,230.48,2.2765,98974,1.9816
DGKC,2026-01-06T06:56:35.000000000Z,225.03,230.49,2.4263,108525,2.1728
DGKC,2026-01-06T06:58:47.000000000Z,225,230.49,2.4400,36028,0.7213
DGKC,2026-01-06T07:00:38.000000000Z,225,230.5,2.4444,37962,0.7600
DGKC,2026-01-06T07:02:39.000000000Z,224.98,230.5,2.4536,10982,0.2199
DGKC,2026-01-06T07:04:23.000000000Z,224.9,230.6,2.5345,56513,1.1315
DGKC,2026-01-06T07:05:59.000000000Z,224.9,230.6,2.5345,33129,0.6633
DGKC,2026-01-06T07:07:29.000000000Z,224.9,230.5,2.4900,22271,0.4459
DGKC,2026-01-06T07:09:12.000000000Z,224.99,230.5,2.4490,23841,0.4773
DGKC,2026-01-06T07:11:06.000000000Z,224.97,230.8,2.5915,21451,0.4295
DGKC,2026-01-06T07:13:07.000000000Z,224.66,230.55,2.6217,65314,1.3077
DGKC,2026-01-06T07:15:13.000000000Z,224.95,230.12,2.2983,35690,0.7146
DGKC,2026-01-06T07:17:07.000000000Z,224.97,229.5,2.0136,59046,1.1822
DGKC,2026-01-06T07:18:35.000000000Z,224.99,229,1.7823,109809,2.1985
DGKC,2026-01-06T07:20:14.000000000Z,225,229,1.7778,58955,1.1804
DGKC,2026-01-06T07:21:37.000000000Z,225.25,229.3,1.7980,32484,0.6504
DGKC,2026-01-06T07:22:58.000000000Z,225.3,229.67,1.9396,68273,1.3669
DGKC,2026-01-06T07:24:29.000000000Z,225.31,229.7,1.9484,60890,1.2191
DGKC,2026-01-06T07:25:44.000000000Z,225.7,229.79,1.8121,51593,1.0330
DGKC,2026-01-06T07:26:59.000000000Z,225.8,229.8,1.7715,66491,1.3312
DGKC,2026-01-06T07:28:10.000000000Z,225.8,229.61,1.6873,54275,1.0867
DGKC,2026-01-06T07:29:39.000000000Z,225.8,230.1,1.9043,162950,3.2625
DGKC,2026-01-06T07:30:55.000000000Z,225.97,230.01,1.7878,40593,0.8127
DGKC,2026-01-06T07:32:14.000000000Z,225.78,230.35,2.0241,9996,0.2001
DGKC,2026-01-06T07:34:48.000000000Z,225.9,229.55,1.6158,20803,0.4165
DGKC,2026-01-06T07:36:53.000000000Z,225.61,229.68,1.8040,33639,0.6735
DGKC,2026-01-06T07:38:15.000000000Z,226,230.5,1.9912,31187,0.6244
DGKC,2026-01-06T07:40:05.000000000Z,226,230.4,1.9469,15410,0.3085
DGKC,2026-01-06T07:43:00.000000000Z,226,230.38,1.9381,25293,0.5064
DGKC,2026-01-06T07:45:47.000000000Z,225.99,229.5,1.5532,31298,0.6266
DGKC,2026-01-06T07:48:39.000000000Z,226,229.8,1.6814,69030,1.3821
DGKC,2026-01-06T07:50:24.000000000Z,226,230.24,1.8761,53503,1.0712
DGKC,2026-01-06T07:52:23.000000000Z,225.8,230.2,1.9486,88294,1.7678
DGKC,2026-01-06T07:54:18.000000000Z,226,229.8,1.6814,40072,0.8023
DGKC,2026-01-06T07:56:23.000000000Z,225.79,229.75,1.7538,39857,0.7980
DGKC,2026-01-06T07:57:59.000000000Z,225.5,229.71,1.8670,9667,0.1935
DGKC,2026-01-06T07:59:57.000000000Z,225.3,229.55,1.8864,14090,0.2821
DGKC,2026-01-06T08:01:51.000000000Z,225.4,229.78,1.9432,16190,0.3241
DGKC,2026-01-06T08:04:28.000000000Z,225.45,229.98,2.0093,21345,0.4274
DGKC,2026-01-06T08:06:46.000000000Z,225.67,229.9,1.8744,17351,0.3474
DGKC,2026-01-06T08:08:54.000000000Z,225.12,229.99,2.1633,55216,1.1055
DGKC,2026-01-06T08:10:58.000000000Z,225.25,230.25,2.2198,29049,0.5816
DGKC,2026-01-06T08:13:37.000000000Z,225.6,230.05,1.9725,35421,0.7092
DGKC,2026-01-06T08:16:09.000000000Z,225.2,230.01,2.1359,17975,0.3599
DGKC,2026-01-06T08:18:54.000000000Z,225.34,230.01,2.0724,28250,0.5656
DGKC,2026-01-06T08:21:09.000000000Z,225.65,229.88,1.8746,34897,0.6987
DGKC,2026-01-06T08:22:51.000000000Z,226.2,229.9,1.6357,75322,1.5080
DGKC,2026-01-06T08:24:18.000000000Z,226.5,230.48,1.7572,42702,0.8550
DGKC,2026-01-06T08:25:38.000000000Z,226.3,230.3,1.7676,14631,0.2929
DGKC,2026-01-06T08:27:23.000000000Z,226.6,230,1.5004,89591,1.7937
DGKC,2026-01-06T08:28:37.000000000Z,226.77,230,1.4244,89434,1.7906
DGKC,2026-01-06T08:30:03.000000000Z,227.15,229.98,1.2459,88121,1.7643
DGKC,2026-01-06T08:31:12.000000000Z,227.3,230,1.1879,76883,1.5393
DGKC,2026-01-06T08:32:34.000000000Z,226.75,230.6,1.6979,38681,0.7744
DGKC,2026-01-06T08:34:08.000000000Z,227,231,1.7621,92013,1.8422
DGKC,2026-01-06T08:35:38.000000000Z,226.85,231,1.8294,126205,2.5268
DGKC,2026-01-06T08:37:18.000000000Z,226.98,231.25,1.8812,131930,2.6414
DGKC,2026-01-06T08:38:56.000000000Z,227,231.6,2.0264,65774,1.3169
DGKC,2026-01-06T08:40:42.000000000Z,227,231.51,1.9868,160422,3.2119
DGKC,2026-01-06T08:42:51.000000000Z,227.08,231.94,2.1402,56277,1.1267
DGKC,2026-01-06T08:44:42.000000000Z,227,231.52,1.9912,57427,1.1498
DGKC,2026-01-06T08:46:24.000000000Z,226.36,231.75,2.3812,35470,0.7102
DGKC,2026-01-06T08:49:24.000000000Z,226.74,231.94,2.2934,93039,1.8628
DGKC,2026-01-06T08:51:35.000000000Z,226.62,231.55,2.1754,53468,1.0705
DGKC,2026-01-06T08:53:37.000000000Z,226.88,231.99,2.2523,98257,1.9672
DGKC,2026-01-06T08:55:32.000000000Z,227,232.3,2.3348,156026,3.1238
DGKC,2026-01-06T08:57:10.000000000Z,226.6,233.6,3.0891,39199,0.7848
DGKC,2026-01-06T08:58:51.000000000Z,226.5,234.25,3.4216,44277,0.8865
DGKC,2026-01-06T09:01:05.000000000Z,226.52,234.6,3.5670,97888,1.9598
DGKC,2026-01-06T09:03:12.000000000Z,226.52,233.99,3.2977,106776,2.1378
DGKC,2026-01-06T09:05:10.000000000Z,227,233.5,2.8634,42770,0.8563
DGKC,2026-01-06T09:07:08.000000000Z,226.95,232.85,2.5997,28026,0.5611
DGKC,2026-01-06T09:08:52.000000000Z,226.8,232.84,2.6631,24975,0.5000
DGKC,2026-01-06T09:10:38.000000000Z,226.5,233,2.8698,65446,1.3103
DGKC,2026-01-06T09:12:13.000000000Z,226.36,232.8,2.8450,52522,1.0516
DGKC,2026-01-06T09:14:22.000000000Z,226.3,232.49,2.7353,61339,1.2281
DGKC,2026-01-06T09:16:39.000000000Z,226.46,232,2.4463,87358,1.7490
DGKC,2026-01-06T09:19:20.000000000Z,226.49,232,2.4328,31010,0.6209
DGKC,2026-01-06T09:23:38.000000000Z,226.57,231.79,2.3039,19083,0.3821
DGKC,2026-01-06T09:26:29.000000000Z,226.01,231.8,2.5618,11713,0.2345
DGKC,2026-01-06T09:29:33.000000000Z,226.15,232.31,2.7239,62190,1.2451
DGKC,2026-01-06T09:32:11.000000000Z,226,232.68,2.9558,50850,1.0181
DGKC,2026-01-06T09:34:56.000000000Z,226.01,233.45,3.2919,86158,1.7250
DGKC,2026-01-06T09:38:24.000000000Z,226.09,233.68,3.3571,40341,0.8077
DGKC,2026-01-06T09:43:10.000000000Z,226.2,234,3.4483,100157,2.0053
DGKC,2026-01-06T09:46:34.000000000Z,226.29,234.01,3.4116,45963,0.9202
DGKC,2026-01-06T09:50:29.000000000Z,226.39,234.4,3.5381,70575,1.4130
DGKC,2026-01-06T09:53:17.000000000Z,226.3,234.51,3.6279,56515,1.1315
DGKC,2026-01-06T09:56:28.000000000Z,226.47,234.05,3.3470,83691,1.6756
DGKC,2026-01-06T09:59:32.000000000Z,226.35,234.3,3.5123,19490,0.3902
DGKC,2026-01-06T10:03:25.000000000Z,226.5,234,3.3113,18047,0.3613
DGKC,2026-01-06T10:05:17.000000000Z,226.05,233.72,3.3931,39038,0.7816
DGKC,2026-01-06T10:07:36.000000000Z,226.49,233.79,3.2231,72958,1.4607
DGKC,2026-01-06T10:10:17.000000000Z,226.25,233.81,3.3414,37632,0.7534
DGKC,2026-01-06T10:12:51.000000000Z,226.35,234.01,3.3841,94914,1.9003
DGKC,2026-01-06T10:14:41.000000000Z,226.01,234.25,3.6459,21370,0.4279
DGKC,2026-01-06T10:16:47.000000000Z,226.04,234.12,3.5746,60454,1.2104
DGKC,2026-01-06T10:18:42.000000000Z,226.2,234.3,3.5809,47179,0.9446
DGKC,2026-01-06T10:20:19.000000000Z,226.5,234.51,3.5364,75512,1.5119
DGKC,2026-01-06T10:21:47.000000000Z,226.1,234.4,3.6709,32311,0.6469
DGKC,2026-01-06T10:23:25.000000000Z,226.1,234.55,3.7373,31169,0.6240
DGKC,2026-01-06T10:25:01.000000000Z,226.5,234.49,3.5276,24077,0.4821
DGKC,2026-01-06T10:26:10.000000000Z,226.39,234.36,3.5205,49379,0.9886
DGKC,2026-01-06T10:27:24.000000000Z,226.3,234.02,3.4114,57319,1.1476
DGKC,2026-01-06T10:28:39.000000000Z,226.43,234.25,3.4536,64272,1.2868
DGKC,2026-01-06T10:29:55.000000000Z,226.15,234.24,3.5773,196449,3.9332
DGKC,2026-01-07T04:32:11.000000000Z,227,233.4,2.8194,71191,1.4253
DGKC,2026-01-07T04:33:54.000000000Z,227.25,233.75,2.8603,49276,0.9866
DGKC,2026-01-07T04:34:56.000000000Z,227.69,233,2.3321,120356,2.4097
DGKC,2026-01-07T04:36:13.000000000Z,227.37,233.5,2.6960,60109,1.2035
DGKC,2026-01-07T04:37:35.000000000Z,227.29,232.26,2.1866,86383,1.7295
DGKC,2026-01-07T04:38:36.000000000Z,227.3,232.8,2.4197,75414,1.5099
DGKC,2026-01-07T04:39:38.000000000Z,227.1,232.99,2.5936,50160,1.0043
DGKC,2026-01-07T04:40:37.000000000Z,226.6,233,2.8244,42007,0.8410
DGKC,2026-01-07T04:41:57.000000000Z,226.5,232.81,2.7859,63268,1.2667
DGKC,2026-01-07T04:43:32.000000000Z,226.7,232.95,2.7569,32426,0.6492
DGKC,2026-01-07T04:44:53.000000000Z,227,232,2.2026,109245,2.1872
DGKC,2026-01-07T04:46:37.000000000Z,227.2,232,2.1127,84339,1.6886
DGKC,2026-01-07T04:48:16.000000000Z,227.3,231.99,2.0634,67236,1.3462
DGKC,2026-01-07T04:49:45.000000000Z,227.4,231.99,2.0185,42317,0.8472
DGKC,2026-01-07T04:51:05.000000000Z,227.3,231.97,2.0546,48993,0.9809
DGKC,2026-01-07T04:52:40.000000000Z,227.25,231.98,2.0814,61550,1.2323
DGKC,2026-01-07T04:54:00.000000000Z,227.8,231.75,1.7340,86646,1.7348
DGKC,2026-01-07T04:55:08.000000000Z,228.5,231.9,1.4880,87186,1.7456
DGKC,2026-01-07T04:57:03.000000000Z,229.39,232.48,1.3471,63736,1.2761
DGKC,2026-01-07T04:58:01.000000000Z,229.25,231.9,1.1559,43117,0.8633
DGKC,2026-01-07T04:59:02.000000000Z,229.1,231.5,1.0476,40779,0.8164
DGKC,2026-01-07T05:00:02.000000000Z,229.19,232.3,1.3570,52020,1.0415
DGKC,2026-01-07T05:01:18.000000000Z,229.1,232.11,1.3138,49493,0.9909
DGKC,2026-01-07T05:02:30.000000000Z,229.01,232.37,1.4672,41092,0.8227
DGKC,2026-01-07T05:03:38.000000000Z,229.1,232.31,1.4011,73842,1.4784
DGKC,2026-01-07T05:05:01.000000000Z,229,232,1.3100,35935,0.7195
DGKC,2026-01-07T05:06:08.000000000Z,228.5,232.29,1.6586,26348,0.5275
DGKC,2026-01-07T05:07:23.000000000Z,228.31,231.8,1.5286,38868,0.7782
DGKC,2026-01-07T05:08:45.000000000Z,228.3,231.65,1.4674,16846,0.3373
DGKC,2026-01-07T05:10:12.000000000Z,228.89,231.5,1.1403,26057,0.5217
DGKC,2026-01-07T05:12:34.000000000Z,228.6,231.89,1.4392,12364,0.2475
DGKC,2026-01-07T05:14:24.000000000Z,228.97,231.4,1.0613,50773,1.0165
DGKC,2026-01-07T05:16:13.000000000Z,228.5,231.75,1.4223,38397,0.7688
DGKC,2026-01-07T05:18:22.000000000Z,227.8,231.5,1.6242,22656,0.4536
DGKC,2026-01-07T05:19:50.000000000Z,228.6,231.65,1.3342,13730,0.2749
DGKC,2026-01-07T05:21:38.000000000Z,228.25,231.49,1.4195,12847,0.2572
DGKC,2026-01-07T05:23:08.000000000Z,228.48,231.49,1.3174,5187,0.1039
DGKC,2026-01-07T05:25:27.000000000Z,228.21,231.59,1.4811,14736,0.2950
DGKC,2026-01-07T05:28:18.000000000Z,228.39,231.5,1.3617,9414,0.1885
DGKC,2026-01-07T05:31:11.000000000Z,228.21,231.25,1.3321,20053,0.4015
DGKC,2026-01-07T05:34:10.000000000Z,228.4,231.21,1.2303,8799,0.1762
DGKC,2026-01-07T05:36:53.000000000Z,228.4,231.25,1.2478,24509,0.4907
DGKC,2026-01-07T05:39:28.000000000Z,228.4,231.23,1.2391,34974,0.7002
DGKC,2026-01-07T05:41:59.000000000Z,228.03,231.19,1.3858,51905,1.0392
DGKC,2026-01-07T05:44:12.000000000Z,228.1,231.5,1.4906,28352,0.5676
DGKC,2026-01-07T05:46:32.000000000Z,227.8,231.63,1.6813,76691,1.5355
DGKC,2026-01-07T05:50:15.000000000Z,227.53,231.95,1.9426,235056,4.7061
DGKC,2026-01-07T05:53:12.000000000Z,228,231.7,1.6228,22046,0.4414
DGKC,2026-01-07T05:56:22.000000000Z,228.5,231.54,1.3304,29969,0.6000
DGKC,2026-01-07T05:58:25.000000000Z,228.25,231.51,1.4283,16839,0.3371
DGKC,2026-01-07T06:00:58.000000000Z,228.05,231.45,1.4909,9735,0.1949
DGKC,2026-01-07T06:04:15.000000000Z,228.23,231.2,1.3013,42864,0.8582
DGKC,2026-01-07T06:07:15.000000000Z,228.15,230.84,1.1790,44263,0.8862
DGKC,2026-01-07T06:10:23.000000000Z,228.06,230.79,1.1971,46903,0.9391
DGKC,2026-01-07T06:13:09.000000000Z,228,230.4,1.0526,21459,0.4296
DGKC,2026-01-07T06:17:51.000000000Z,227.88,230.45,1.1278,41951,0.8399
DGKC,2026-01-07T06:20:59.000000000Z,228,230.51,1.1009,7579,0.1517
DGKC,2026-01-07T06:24:07.000000000Z,228.2,231.07,1.2577,30645,0.6136
DGKC,2026-01-07T06:27:58.000000000Z,228.24,231.01,1.2136,23020,0.4609
DGKC,2026-01-07T06:32:06.000000000Z,228.1,230.7,1.1399,30962,0.6199
DGKC,2026-01-07T06:35:14.000000000Z,228.4,231,1.1384,16897,0.3383
DGKC,2026-01-07T06:56:03.000000000Z,227.8,230.45,1.1633,18450,0.3694
DGKC,2026-01-07T07:00:20.000000000Z,227.7,230.03,1.0233,9854,0.1973
DGKC,2026-01-07T08:01:27.000000000Z,228.06,230.69,1.1532,29011,0.5808
DGKC,2026-01-07T08:03:37.000000000Z,228.2,230.75,1.1174,22110,0.4427
MEBL,2026-01-05T04:32:00.000000000Z,460,479,4.1304,68088,2.0627
MEBL,2026-01-05T04:33:03.000000000Z,462.5,478,3.3514,96020,2.9089
MEBL,2026-01-05T04:33:56.000000000Z,463.2,477.99,3.1930,142819,4.3266
MEBL,2026-01-05T04:34:50.000000000Z,464.8,476,2.4096,131167,3.9736
MEBL,2026-01-05T04:35:44.000000000Z,466,473.88,1.6910,127202,3.8535
MEBL,2026-01-05T04:37:10.000000000Z,465,472.1,1.5269,89262,2.7041
MEBL,2026-01-05T04:38:05.000000000Z,465.49,473.5,1.7208,144774,4.3859
MEBL,2026-01-05T04:39:11.000000000Z,465,472.9,1.6989,105948,3.2096
MEBL,2026-01-05T04:40:12.000000000Z,465.46,472.9,1.5984,93251,2.8250
MEBL,2026-01-05T04:41:18.000000000Z,466,474.5,1.8240,125568,3.8040
MEBL,2026-01-05T04:42:21.000000000Z,467,475,1.7131,27186,0.8236
MEBL,2026-01-05T04:54:30.000000000Z,464.15,473.75,2.0683,35888,1.0872
MEBL,2026-01-05T04:55:53.000000000Z,464.7,474.99,2.2143,68508,2.0754
MEBL,2026-01-05T04:57:12.000000000Z,465,475,2.1505,27873,0.8444
MEBL,2026-01-05T04:58:36.000000000Z,464.8,477.5,2.7324,30679,0.9294
MEBL,2026-01-05T05:00:04.000000000Z,464.85,477.67,2.7579,35725,1.0823
MEBL,2026-01-05T05:28:24.000000000Z,464.09,476.84,2.7473,16945,0.5133
MEBL,2026-01-05T05:30:13.000000000Z,464,476,2.5862,16294,0.4936
MEBL,2026-01-05T05:32:10.000000000Z,463.7,474.88,2.4110,15435,0.4676
MEBL,2026-01-05T05:34:03.000000000Z,464,474,2.1552,19862,0.6017
MEBL,2026-01-05T05:35:26.000000000Z,464.51,474.39,2.1270,19649,0.5953
MEBL,2026-01-05T05:36:54.000000000Z,464.99,475.06,2.1656,50032,1.5157
MEBL,2026-01-05T05:38:15.000000000Z,464.01,475.48,2.4719,11580,0.3508
MEBL,2026-01-05T05:40:00.000000000Z,464.11,475.01,2.3486,16554,0.5015
MEBL,2026-01-05T05:41:34.000000000Z,465,475.45,2.2473,91747,2.7794
MEBL,2026-01-05T05:42:53.000000000Z,465.7,474.83,1.9605,21331,0.6462
MEBL,2026-01-05T05:45:00.000000000Z,465.99,474.1,1.7404,30881,0.9355
MEBL,2026-01-05T05:46:37.000000000Z,466.8,474.5,1.6495,71182,2.1564
MEBL,2026-01-05T05:47:54.000000000Z,466.1,474.68,1.8408,59413,1.7999
MEBL,2026-01-05T05:49:34.000000000Z,466,476.9,2.3391,32536,0.9857
MEBL,2026-01-05T05:50:47.000000000Z,466.49,476.5,2.1458,44789,1.3569
MEBL,2026-01-05T05:52:15.000000000Z,466,476.9,2.3391,46188,1.3992
MEBL,2026-01-05T05:53:46.000000000Z,465.5,476.98,2.4662,9652,0.2924
MEBL,2026-01-05T05:55:57.000000000Z,465.05,476.98,2.5653,7398,0.2241
MEBL,2026-01-05T05:58:24.000000000Z,465,476.11,2.3892,18871,0.5717
MEBL,2026-01-05T06:00:21.000000000Z,465.5,476.9,2.4490,21349,0.6468
MEBL,2026-01-05T06:02:09.000000000Z,466,476.98,2.3562,11602,0.3515
MEBL,2026-01-05T06:04:46.000000000Z,465.5,476.98,2.4662,20944,0.6345
MEBL,2026-01-05T06:07:19.000000000Z,464.72,477,2.6425,14576,0.4416
MEBL,2026-01-05T06:09:13.000000000Z,465,476.96,2.5720,14490,0.4390
MEBL,2026-01-05T06:12:21.000000000Z,465,476.52,2.4774,47031,1.4248
MEBL,2026-01-05T06:14:45.000000000Z,465,476.69,2.5140,64885,1.9657
MEBL,2026-01-05T06:16:29.000000000Z,464,476.7,2.7371,24961,0.7562
MEBL,2026-01-05T06:18:27.000000000Z,464.5,476.5,2.5834,30255,0.9166
MEBL,2026-01-05T06:21:26.000000000Z,464,474.68,2.3017,34526,1.0459
MEBL,2026-01-05T06:23:24.000000000Z,464,475,2.3707,50053,1.5163
MEBL,2026-01-05T06:24:52.000000000Z,464.45,476,2.4868,24161,0.7319
MEBL,2026-01-05T06:27:15.000000000Z,465,476,2.3656,17225,0.5218
MEBL,2026-01-05T06:29:56.000000000Z,465.25,475.5,2.2031,18894,0.5724
MEBL,2026-01-05T06:32:33.000000000Z,465.01,475.5,2.2559,29970,0.9079
MEBL,2026-01-05T06:34:31.000000000Z,465.62,476.5,2.3367,26700,0.8089
MEBL,2026-01-05T06:36:55.000000000Z,465.88,476.8,2.3440,26004,0.7878
MEBL,2026-01-05T06:39:03.000000000Z,465.5,476.7,2.4060,13539,0.4102
MEBL,2026-01-05T06:41:11.000000000Z,465.95,477,2.3715,26904,0.8150
MEBL,2026-01-05T06:45:13.000000000Z,465.55,476.5,2.3521,8623,0.2612
MEBL,2026-01-05T06:48:32.000000000Z,465.5,476.5,2.3631,30008,0.9091
MEBL,2026-01-05T06:50:23.000000000Z,466,476.5,2.2532,24415,0.7396
MEBL,2026-01-05T06:52:40.000000000Z,466,476.5,2.2532,2385,0.0723
MEBL,2026-01-05T06:54:55.000000000Z,465.97,476.5,2.2598,17955,0.5439
MEBL,2026-01-05T06:58:25.000000000Z,465.5,476.94,2.4576,11527,0.3492
MEBL,2026-01-05T07:01:20.000000000Z,465,477.2,2.6237,41935,1.2704
MEBL,2026-01-05T07:03:41.000000000Z,464.9,477.2,2.6457,14082,0.4266
MEBL,2026-01-05T07:07:09.000000000Z,464.7,477.21,2.6921,7506,0.2274
MEBL,2026-01-05T07:09:18.000000000Z,464.2,477.4,2.8436,18961,0.5744
MEBL,2026-01-05T07:12:30.000000000Z,464.7,477.3,2.7114,4388,0.1329
MEBL,2026-01-05T07:16:08.000000000Z,464.5,477.13,2.7191,47424,1.4367
MEBL,2026-01-05T07:18:26.000000000Z,463.8,477,2.8461,51869,1.5713
MEBL,2026-01-05T07:20:57.000000000Z,463.6,476.5,2.7826,22203,0.6726
MEBL,2026-01-05T07:23:29.000000000Z,463.4,476,2.7190,14294,0.4330
MEBL,2026-01-05T07:25:55.000000000Z,463.49,475.8,2.6559,5546,0.1680
MEBL,2026-01-05T07:28:06.000000000Z,463.8,475.9,2.6089,33965,1.0290
MEBL,2026-01-05T07:30:41.000000000Z,464,476.4,2.6724,9452,0.2863
MEBL,2026-01-05T07:34:52.000000000Z,464.2,476.4,2.6282,8213,0.2488
MEBL,2026-01-05T07:38:50.000000000Z,464.2,476,2.5420,12403,0.3757
MEBL,2026-01-05T07:41:47.000000000Z,463.8,476,2.6304,31440,0.9525
MEBL,2026-01-05T07:44:54.000000000Z,464,476,2.5862,12132,0.3675
MEBL,2026-01-05T07:48:20.000000000Z,463.51,476,2.6947,13716,0.4155
MEBL,2026-01-05T07:51:49.000000000Z,464,475.9,2.5647,36882,1.1173
MEBL,2026-01-05T07:53:58.000000000Z,463.02,475.6,2.7169,13704,0.4152
MEBL,2026-01-05T07:56:35.000000000Z,463.7,475.9,2.6310,3822,0.1158
MEBL,2026-01-05T08:00:17.000000000Z,464,476,2.5862,13056,0.3955
MEBL,2026-01-05T08:03:25.000000000Z,464,476,2.5862,4390,0.1330
MEBL,2026-01-05T08:06:39.000000000Z,464.44,475,2.2737,59334,1.7975
MEBL,2026-01-05T08:09:29.000000000Z,464.99,474.98,2.1484,52914,1.6030
MEBL,2026-01-05T08:12:46.000000000Z,465,474.98,2.1462,28459,0.8622
MEBL,2026-01-05T08:16:46.000000000Z,465,475,2.1505,29402,0.8907
MEBL,2026-01-05T08:20:00.000000000Z,465,474.8,2.1075,30206,0.9151
MEBL,2026-01-05T08:23:54.000000000Z,465.2,474.9,2.0851,25181,0.7628
MEBL,2026-01-05T08:28:01.000000000Z,465.5,474.99,2.0387,7987,0.2420
MEBL,2026-01-05T08:31:57.000000000Z,465.8,474.95,1.9644,5837,0.1768
MEBL,2026-01-05T08:34:43.000000000Z,465.65,474.9,1.9865,72206,2.1874
MEBL,2026-01-05T08:37:55.000000000Z,465.5,474.7,1.9764,32981,0.9991
MEBL,2026-01-05T08:39:30.000000000Z,466,474.89,1.9077,35730,1.0824
MEBL,2026-01-05T08:41:52.000000000Z,466.1,474.89,1.8859,28419,0.8609
MEBL,2026-01-05T08:45:13.000000000Z,466.5,474.7,1.7578,50303,1.5239
MEBL,2026-01-05T08:47:45.000000000Z,467.2,474,1.4555,14779,0.4477
MEBL,2026-01-05T08:49:24.000000000Z,467.63,474.98,1.5718,6364,0.1928
MEBL,2026-01-05T08:51:19.000000000Z,467.5,474.99,1.6021,12667,0.3837
MEBL,2026-01-05T08:53:35.000000000Z,467.6,475,1.5825,93631,2.8365
MEBL,2026-01-05T08:55:22.000000000Z,469.25,475,1.2254,26016,0.7881
MEBL,2026-01-05T08:56:23.000000000Z,468.51,474.5,1.2785,42646,1.2919
MEBL,2026-01-05T08:57:41.000000000Z,469,475,1.2793,54768,1.6592
MEBL,2026-01-05T08:58:55.000000000Z,469.49,474.99,1.1715,27796,0.8421
MEBL,2026-01-05T09:00:06.000000000Z,469.97,474.99,1.0682,15394,0.4664
MEBL,2026-01-05T09:01:44.000000000Z,469.49,474.98,1.1694,21859,0.6622
MEBL,2026-01-05T09:03:16.000000000Z,469.21,474.99,1.2319,9256,0.2804
MEBL,2026-01-05T09:04:49.000000000Z,469.2,474.99,1.2340,105774,3.2044
MEBL,2026-01-05T09:06:21.000000000Z,468.9,474,1.0877,68752,2.0828
MEBL,2026-01-05T09:07:55.000000000Z,469,473.76,1.0149,147995,4.4834
MEBL,2026-01-05T09:27:27.000000000Z,470,474.88,1.0383,65065,1.9711
MEBL,2026-01-05T09:44:16.000000000Z,469.8,474.85,1.0749,50102,1.5178
MEBL,2026-01-05T09:48:41.000000000Z,469.69,474.48,1.0198,26865,0.8139
MEBL,2026-01-05T09:50:04.000000000Z,469,474.02,1.0704,20311,0.6153
MEBL,2026-01-05T09:51:44.000000000Z,468.9,474.4,1.1730,21306,0.6455
MEBL,2026-01-05T09:53:09.000000000Z,469,474.02,1.0704,389505,11.7999
MEBL,2026-01-05T09:54:28.000000000Z,469,474.4,1.1514,187092,5.6679
MEBL,2026-01-05T09:55:51.000000000Z,468.99,474,1.0683,107266,3.2496
MEBL,2026-01-05T09:57:11.000000000Z,469.25,474.48,1.1145,12776,0.3870
MEBL,2026-01-05T09:58:49.000000000Z,469.5,474.5,1.0650,44590,1.3508
BFMOD,2026-01-05T04:37:49.000000000Z,24.5,38.8,58.3673,34309,0.7762
BFMOD,2026-01-05T05:39:07.000000000Z,25,37.98,51.9200,15980,0.3615
BFMOD,2026-01-05T06:16:17.000000000Z,25,37.06,48.2400,10123,0.2290
BFMOD,2026-01-05T07:02:03.000000000Z,25,36.99,47.9600,41187,0.9318
BFMOD,2026-01-05T07:46:39.000000000Z,25,36.98,47.9200,20436,0.4623
BFMOD,2026-01-05T09:30:32.000000000Z,24.12,37.9,57.1310,19160,0.4335
BFMOD,2026-01-05T10:27:01.000000000Z,24.2,37.65,55.5785,1133,0.0256
BFMOD,2026-01-06T04:59:28.000000000Z,25.5,38.83,52.2745,31971,0.7233
BFMOD,2026-01-06T05:31:40.000000000Z,25.35,38.84,53.2150,35435,0.8016
BFMOD,2026-01-06T06:43:08.000000000Z,25.05,38,51.6966,102315,2.3147
BFMOD,2026-01-06T07:19:22.000000000Z,26.49,36.5,37.7878,29113,0.6586
BFMOD,2026-01-06T07:31:33.000000000Z,26,37,42.3077,39096,0.8845
BFMOD,2026-01-06T07:50:12.000000000Z,26.3,36.1,37.2624,68389,1.5472
BFMOD,2026-01-06T07:59:07.000000000Z,26.64,36.8,38.1381,46073,1.0423
BFMOD,2026-01-06T08:23:09.000000000Z,26.64,36.84,38.2883,35552,0.8043
BFMOD,2026-01-06T08:42:56.000000000Z,26.3,37.4,42.2053,100233,2.2676
BFMOD,2026-01-06T10:22:21.000000000Z,26.64,36.88,38.4384,26373,0.5966
BFMOD,2026-01-07T04:38:09.000000000Z,27.29,37,35.5808,36437,0.8243
BFMOD,2026-01-07T04:50:37.000000000Z,27,37,37.0370,34502,0.7805
BFMOD,2026-01-07T05:07:50.000000000Z,27,35.7,32.2222,12860,0.2909
BFMOD,2026-01-07T05:37:23.000000000Z,26.87,38.84,44.5478,64033,1.4486
BFMOD,2026-01-07T05:55:05.000000000Z,25.13,38.84,54.5563,11961,0.2706
BFMOD,2026-01-07T06:18:27.000000000Z,26.17,38.84,48.4142,166900,3.7758
BFMOD,2026-01-07T07:02:01.000000000Z,26.85,36.8,37.0577,52422,1.1859
BFMOD,2026-01-07T07:30:04.000000000Z,27.49,36,30.9567,134636,3.0459
BFMOD,2026-01-07T07:36:27.000000000Z,27.5,36,30.9091,36283,0.8208
BFMOD,2026-01-07T08:23:16.000000000Z,27,35.5,31.4815,9800,0.2217
BFMOD,2026-01-07T09:26:46.000000000Z,27,33.01,22.2593,158286,3.5809
BFMOD,2026-01-07T10:01:43.000000000Z,29.3,32.7,11.6041,77183,1.7461
BFMOD,2026-01-07T10:06:58.000000000Z,29.3,32.7,11.6041,64140,1.4510
BFMOD,2026-01-07T10:17:58.000000000Z,29,32.7,12.7586,28302,0.6403
BFMOD,2026-01-07T10:23:46.000000000Z,29,32.7,12.7586,53905,1.2195
BFMOD,2026-01-07T10:49:26.000000000Z,29.18,30,2.8101,16535,0.3741
BFMOD,2026-01-08T05:03:14.000000000Z,29.4,29.8,1.3605,13111,0.2966
BFMOD,2026-01-08T05:23:41.000000000Z,29.51,30.3,2.6771,15191,0.3437
LOTCHEM,2026-01-05T04:40:53.000000000Z,29.5,29.94,1.4915,653200,1.8271
LOTCHEM,2026-01-05T04:50:28.000000000Z,29.8,30.19,1.3087,912498,2.5524
LOTCHEM,2026-01-05T04:52:04.000000000Z,29.7,30.17,1.5825,940362,2.6303
LOTCHEM,2026-01-05T04:53:42.000000000Z,29.86,30.18,1.0717,1022550,2.8602
LOTCHEM,2026-01-05T04:56:24.000000000Z,29.7,30.15,1.5152,499862,1.3982
LOTCHEM,2026-01-05T05:00:21.000000000Z,29.8,30.18,1.2752,121874,0.3409
LOTCHEM,2026-01-05T07:23:49.000000000Z,29.85,30.2,1.1725,1713223,4.7921
LOTCHEM,2026-01-05T07:29:29.000000000Z,29.55,30.1,1.8613,135737,0.3797
LOTCHEM,2026-01-05T07:51:52.000000000Z,29.64,30.09,1.5182,275115,0.7695
LOTCHEM,2026-01-05T08:12:44.000000000Z,29.5,30.14,2.1695,203353,0.5688
LOTCHEM,2026-01-05T08:59:16.000000000Z,29.5,30.05,1.8644,305643,0.8549
LOTCHEM,2026-01-05T09:19:05.000000000Z,29.47,30,1.7984,1439364,4.0261
LOTCHEM,2026-01-05T09:43:16.000000000Z,29.49,29.97,1.6277,1491872,4.1729
LOTCHEM,2026-01-05T10:04:21.000000000Z,29.39,29.94,1.8714,115344,0.3226
LOTCHEM,2026-01-05T10:26:26.000000000Z,29.33,29.98,2.2162,794378,2.2220
LOTCHEM,2026-01-05T10:40:34.000000000Z,29.37,29.9,1.8046,265161,0.7417
LOTCHEM,2026-01-06T04:44:22.000000000Z,29.3,29.9,2.0478,59393,0.1661
LOTCHEM,2026-01-06T04:49:48.000000000Z,29.07,30,3.1992,1894912,5.3003
LOTCHEM,2026-01-06T04:52:19.000000000Z,29.45,30.25,2.7165,1167028,3.2643
LOTCHEM,2026-01-06T04:55:16.000000000Z,29.25,30.33,3.6923,1041462,2.9131
LOTCHEM,2026-01-06T05:03:33.000000000Z,29.23,30.63,4.7896,2564613,7.1735
LOTCHEM,2026-01-06T05:17:04.000000000Z,29.31,30.5,4.0600,982336,2.7477
LOTCHEM,2026-01-06T05:26:49.000000000Z,29.25,30.56,4.4786,596714,1.6691
LOTCHEM,2026-01-06T06:00:12.000000000Z,29.22,30.5,4.3806,86572,0.2422
LOTCHEM,2026-01-06T06:49:27.000000000Z,29.3,30.54,4.2321,285103,0.7975
LOTCHEM,2026-01-06T07:31:24.000000000Z,29.4,30.74,4.5578,824531,2.3063
LOTCHEM,2026-01-06T08:13:17.000000000Z,29.24,30.9,5.6772,1033495,2.8908
LOTCHEM,2026-01-06T08:31:19.000000000Z,29.25,30.74,5.0940,183073,0.5121
LOTCHEM,2026-01-06T09:26:10.000000000Z,29.3,30.8,5.1195,948143,2.6521
LOTCHEM,2026-01-06T09:48:29.000000000Z,29.24,30.7,4.9932,292666,0.8186
LOTCHEM,2026-01-06T10:26:05.000000000Z,29.23,30.8,5.3712,465123,1.3010
LOTCHEM,2026-01-07T04:37:08.000000000Z,29.45,30.7,4.2445,900004,2.5174
LOTCHEM,2026-01-07T04:44:50.000000000Z,29.4,30.8,4.7619,135470,0.3789
LOTCHEM,2026-01-07T05:04:14.000000000Z,29.35,30.8,4.9404,3412654,9.5455
LOTCHEM,2026-01-07T05:26:46.000000000Z,29.4,31,5.4422,302205,0.8453
LOTCHEM,2026-01-07T05:56:39.000000000Z,29.2,31.08,6.4384,78028,0.2183
LOTCHEM,2026-01-07T06:26:26.000000000Z,29.05,31.15,7.2289,240704,0.6733
LOTCHEM,2026-01-07T06:39:37.000000000Z,28.9,30.94,7.0588,153366,0.4290
LOTCHEM,2026-01-07T06:55:57.000000000Z,29.3,30.8,5.1195,326704,0.9138
LOTCHEM,2026-01-07T07:15:28.000000000Z,29.25,30.92,5.7094,118939,0.3327
LOTCHEM,2026-01-07T07:49:44.000000000Z,29.18,30.9,5.8944,139122,0.3891
LOTCHEM,2026-01-07T08:39:24.000000000Z,29.23,30.81,5.4054,268176,0.7501
LOTCHEM,2026-01-07T08:49:38.000000000Z,29.49,30.79,4.4083,100412,0.2809
LOTCHEM,2026-01-07T09:11:25.000000000Z,29.49,31.1,5.4595,255231,0.7139
LOTCHEM,2026-01-07T09:41:19.000000000Z,29.07,31.05,6.8111,46399,0.1298
LOTCHEM,2026-01-07T10:04:00.000000000Z,29.09,30.98,6.4971,239915,0.6711
LOTCHEM,2026-01-07T10:27:55.000000000Z,29.1,30.88,6.1168,173647,0.4857
LOTCHEM,2026-01-08T04:38:44.000000000Z,29.42,30.9,5.0306,166800,0.4666
LOTCHEM,2026-01-08T04:46:41.000000000Z,29.16,30.8,5.6241,126709,0.3544
LOTCHEM,2026-01-08T05:06:14.000000000Z,29.15,30.8,5.6604,117732,0.3293
LOTCHEM,2026-01-08T05:23:37.000000000Z,29.21,31,6.1280,713632,1.9961
LOTCHEM,2026-01-08T05:39:36.000000000Z,29.37,30.85,5.0392,492434,1.3774
LOTCHEM,2026-01-08T05:59:07.000000000Z,29.6,30.76,3.9189,316192,0.8844
LOTCHEM,2026-01-08T06:01:51.000000000Z,29.8,30.9,3.6913,184027,0.5147
LOTCHEM,2026-01-08T06:05:36.000000000Z,29.75,30.8,3.5294,171954,0.4810
LOTCHEM,2026-01-08T06:13:21.000000000Z,29.81,30.75,3.1533,74303,0.2078
LOTCHEM,2026-01-08T06:23:35.000000000Z,29.75,30.87,3.7647,575625,1.6101
LOTCHEM,2026-01-08T06:32:21.000000000Z,29.8,30.89,3.6577,202374,0.5661
LOTCHEM,2026-01-08T06:47:01.000000000Z,29.7,30.95,4.2088,470110,1.3149
LOTCHEM,2026-01-08T06:58:55.000000000Z,29.68,31,4.4474,801141,2.2409
LOTCHEM,2026-01-08T07:04:38.000000000Z,29.9,30.97,3.5786,282704,0.7908
LOTCHEM,2026-01-08T07:16:21.000000000Z,29.85,31,3.8526,902467,2.5243
LOTCHEM,2026-01-08T07:25:40.000000000Z,29.8,31.19,4.6644,509831,1.4261
LOTCHEM,2026-01-08T07:55:51.000000000Z,29.77,31.35,5.3074,1247437,3.4892
LOTCHEM,2026-01-08T08:07:02.000000000Z,29.7,31.27,5.2862,247724,0.6929
LOTCHEM,2026-01-08T08:28:42.000000000Z,29.74,31.45,5.7498,1608434,4.4990
LOTCHEM,2026-01-08T08:53:06.000000000Z,29.98,31.2,4.0694,215486,0.6027
LOTCHEM,2026-01-08T09:04:17.000000000Z,29.78,31.08,4.3653,255135,0.7136
LOTCHEM,2026-01-08T09:35:15.000000000Z,29.65,31.07,4.7892,75757,0.2119
LOTCHEM,2026-01-08T10:05:43.000000000Z,29.65,31.1,4.8904,296336,0.8289
LOTCHEM,2026-01-08T10:23:49.000000000Z,29.41,31.01,5.4403,121320,0.3393
LOTCHEM,2026-01-09T04:21:32.000000000Z,29.7,31.21,5.0842,306861,0.8583
LOTCHEM,2026-01-09T04:31:16.000000000Z,29.65,31.45,6.0708,335069,0.9372
LOTCHEM,2026-01-09T04:37:39.000000000Z,29.78,31.35,5.2720,248713,0.6957
LOTCHEM,2026-01-09T04:43:22.000000000Z,29.79,31.3,5.0688,118921,0.3326
LOTCHEM,2026-01-09T04:49:42.000000000Z,29.7,31.14,4.8485,162242,0.4538
LOTCHEM,2026-01-09T04:59:46.000000000Z,29.64,31.34,5.7355,314349,0.8793
LOTCHEM,2026-01-09T05:22:29.000000000Z,29.48,31.24,5.9701,458234,1.2817
LOTCHEM,2026-01-09T05:52:05.000000000Z,29.3,31.3,6.8259,302189,0.8453
LOTCHEM,2026-01-09T06:30:11.000000000Z,29.5,31.25,5.9322,502110,1.4045
LOTCHEM,2026-01-09T06:47:35.000000000Z,29.41,31.51,7.1404,2446276,6.8425
LOTCHEM,2026-01-09T06:59:54.000000000Z,29.23,31.5,7.7660,381139,1.0661
LOTCHEM,2026-01-09T09:32:53.000000000Z,29.26,31.4,7.3137,203677,0.5697
LOTCHEM,2026-01-09T09:44:46.000000000Z,29.44,31.35,6.4878,167141,0.4675
LOTCHEM,2026-01-09T09:58:09.000000000Z,29.44,31.23,6.0802,82871,0.2318
LOTCHEM,2026-01-09T10:12:07.000000000Z,29.6,31.15,5.2365,146106,0.4087
LOTCHEM,2026-01-09T10:26:20.000000000Z,29.41,31.24,6.2224,76595,0.2142
LOTCHEM,2026-01-09T10:41:33.000000000Z,29.3,30.51,4.1297,1288218,3.6033
LOTCHEM,2026-01-09T10:58:33.000000000Z,29.25,30.4,3.9316,957106,2.6771
LOTCHEM,2026-01-09T11:09:06.000000000Z,29.44,30.5,3.6005,303401,0.8486
LOTCHEM,2026-01-09T11:18:48.000000000Z,29.25,30.12,2.9744,787581,2.2029
LOTCHEM,2026-01-09T11:27:07.000000000Z,29.5,30.01,1.7288,3541459,9.9058
LOTCHEM,2026-01-12T10:28:53.000000000Z,30.15,30.75,1.9900,425840,1.1911
LOTCHEM,2026-01-13T10:29:53.000000000Z,30.03,30.5,1.5651,164545,0.4602
LOTCHEM,2026-01-14T04:50:22.000000000Z,30.6,31.08,1.5686,871636,2.4381
UCAPM,2026-01-05T05:27:49.000000000Z,7,7.54,7.7143,36914,0.8061
UCAPM,2026-01-05T06:27:33.000000000Z,7.05,7.55,7.0922,42487,0.9278
UCAPM,2026-01-05T06:59:17.000000000Z,6.99,7.4,5.8655,52032,1.1362
UCAPM,2026-01-05T07:03:55.000000000Z,6.85,7.22,5.4015,30644,0.6692
UCAPM,2026-01-05T07:13:42.000000000Z,6.92,7.3,5.4913,6005,0.1311
UCAPM,2026-01-05T07:45:10.000000000Z,6.92,7.31,5.6358,5769,0.1260
UCAPM,2026-01-05T08:20:35.000000000Z,6.95,7.31,5.1799,19791,0.4322
UCAPM,2026-01-05T08:50:55.000000000Z,6.94,7.31,5.3314,27527,0.6011
UCAPM,2026-01-05T09:20:37.000000000Z,6.85,7.32,6.8613,28255,0.6170
UCAPM,2026-01-05T09:58:35.000000000Z,6.84,7.21,5.4094,20091,0.4387
UCAPM,2026-01-06T04:43:02.000000000Z,7,7.15,2.1429,22379,0.4887
UCAPM,2026-01-06T05:05:40.000000000Z,6.86,7.05,2.7697,44308,0.9675
UCAPM,2026-01-06T05:42:57.000000000Z,6.97,7.15,2.5825,7373,0.1610
UCAPM,2026-01-06T07:03:33.000000000Z,6.86,7.14,4.0816,58637,1.2804
UCAPM,2026-01-06T07:36:58.000000000Z,6.8,7.13,4.8529,8642,0.1887
UCAPM,2026-01-06T08:19:15.000000000Z,6.76,7,3.5503,164357,3.5890
UCAPM,2026-01-06T08:26:16.000000000Z,6.65,7.13,7.2180,189468,4.1374
UCAPM,2026-01-06T08:30:42.000000000Z,6.3,7.1,12.6984,144309,3.1512
UCAPM,2026-01-06T08:32:40.000000000Z,6.49,7.1,9.3991,165696,3.6183
UCAPM,2026-01-06T08:34:54.000000000Z,6.3,7.02,11.4286,17595,0.3842
UCAPM,2026-01-06T08:38:14.000000000Z,6.44,7.02,9.0062,69500,1.5177
UCAPM,2026-01-06T08:40:47.000000000Z,6.5,7.01,7.8462,74212,1.6206
UCAPM,2026-01-06T08:42:57.000000000Z,6.56,6.9,5.1829,166453,3.6348
UCAPM,2026-01-06T08:45:23.000000000Z,6.75,6.9,2.2222,70239,1.5338
UCAPM,2026-01-06T08:48:20.000000000Z,6.9,6.97,1.0145,62495,1.3647
UCAPM,2026-01-06T08:53:49.000000000Z,7,7.12,1.7143,42804,0.9347
UCAPM,2026-01-06T09:07:02.000000000Z,7.02,7.24,3.1339,55794,1.2184
UCAPM,2026-01-06T09:13:08.000000000Z,7.24,7.78,7.4586,139517,3.0466
UCAPM,2026-01-06T09:19:53.000000000Z,7.15,7.36,2.9371,48907,1.0680
UCAPM,2026-01-06T09:22:59.000000000Z,7.36,7.44,1.0870,33103,0.7229
UCAPM,2026-01-07T05:09:52.000000000Z,7.2,7.36,2.2222,26568,0.5802
UCAPM,2026-01-07T05:24:49.000000000Z,7.36,7.49,1.7663,16079,0.3511
UCAPM,2026-01-07T08:35:05.000000000Z,7.15,7.29,1.9580,14166,0.3093
UCAPM,2026-01-07T08:50:03.000000000Z,7.29,7.47,2.4691,20119,0.4393
UCAPM,2026-01-07T09:11:31.000000000Z,7.2,7.28,1.1111,2341,0.0511
UCAPM,2026-01-07T09:17:44.000000000Z,7.29,7.49,2.7435,87372,1.9079
UCAPM,2026-01-07T09:20:21.000000000Z,7.45,7.55,1.3423,70546,1.5405
UCAPM,2026-01-07T09:34:12.000000000Z,7.5,7.6,1.3333,64700,1.4128
UCAPM,2026-01-07T09:50:57.000000000Z,7.65,7.77,1.5686,93100,2.0330
UCAPM,2026-01-07T10:14:41.000000000Z,7.63,7.89,3.4076,32816,0.7166
UCAPM,2026-01-07T10:21:39.000000000Z,7.89,7.98,1.1407,55875,1.2201
UCAPM,2026-01-07T10:49:45.000000000Z,7.87,7.98,1.3977,33672,0.7353
UCAPM,2026-01-08T05:24:06.000000000Z,7.77,7.9,1.6731,31201,0.6813
UCAPM,2026-01-08T09:00:02.000000000Z,7.77,7.85,1.0296,1812,0.0396
UCAPM,2026-01-08T09:58:23.000000000Z,7.55,7.68,1.7219,554,0.0121
UCAPM,2026-01-08T10:26:08.000000000Z,7.5,7.79,3.8667,28362,0.6193
UCAPM,2026-01-09T06:36:30.000000000Z,7.41,7.5,1.2146,506,0.0110
SAZEW,2026-01-05T04:32:01.000000000Z,1762.5,1917.8,8.8113,8773,1.9528
SAZEW,2026-01-05T04:33:50.000000000Z,1770,1910,7.9096,11413,2.5405
SAZEW,2026-01-05T04:35:23.000000000Z,1770,1908.99,7.8525,30186,6.7193
SAZEW,2026-01-05T04:37:04.000000000Z,1771.99,1890.05,6.6626,15762,3.5086
SAZEW,2026-01-05T04:38:29.000000000Z,1777,1890,6.3590,17585,3.9144
SAZEW,2026-01-05T04:39:42.000000000Z,1781.02,1881,5.6136,8291,1.8455
SAZEW,2026-01-05T04:41:01.000000000Z,1777.05,1885.01,6.0752,14983,3.3352
SAZEW,2026-01-05T04:42:26.000000000Z,1780,1895.99,6.5163,13191,2.9363
SAZEW,2026-01-05T04:54:46.000000000Z,1794.99,1894.99,5.5711,3615,0.8047
SAZEW,2026-01-05T04:56:00.000000000Z,1792,1891.98,5.5792,9914,2.2068
SAZEW,2026-01-05T04:57:21.000000000Z,1785,1894.95,6.1597,4552,1.0133
SAZEW,2026-01-05T04:59:06.000000000Z,1784.01,1895.94,6.2741,8979,1.9987
SAZEW,2026-01-05T05:01:01.000000000Z,1785,1908.9,6.9412,11957,2.6616
SAZEW,2026-01-05T05:22:56.000000000Z,1799.99,1909.01,6.0567,12899,2.8713
SAZEW,2026-01-05T05:26:00.000000000Z,1799.99,1904,5.7784,2238,0.4982
SAZEW,2026-01-05T05:29:23.000000000Z,1796,1902,5.9020,1057,0.2353
SAZEW,2026-01-05T05:32:45.000000000Z,1798,1902.01,5.7848,2035,0.4530
SAZEW,2026-01-05T05:36:26.000000000Z,1796,1905,6.0690,1902,0.4234
SAZEW,2026-01-05T05:39:09.000000000Z,1797.9,1901,5.7345,1221,0.2718
SAZEW,2026-01-05T05:41:45.000000000Z,1794.11,1896.99,5.7343,5511,1.2267
SAZEW,2026-01-05T05:44:11.000000000Z,1788.09,1900,6.2586,10040,2.2349
SAZEW,2026-01-05T05:46:23.000000000Z,1789.98,1896,5.9230,5209,1.1595
SAZEW,2026-01-05T05:48:25.000000000Z,1787,1899.99,6.3229,2372,0.5280
SAZEW,2026-01-05T05:51:37.000000000Z,1788,1904.97,6.5419,3167,0.7050
SAZEW,2026-01-05T05:54:31.000000000Z,1785,1897,6.2745,4894,1.0894
SAZEW,2026-01-05T05:58:03.000000000Z,1785,1899.97,6.4409,3406,0.7582
SAZEW,2026-01-05T06:01:17.000000000Z,1788,1899.8,6.2528,3241,0.7214
SAZEW,2026-01-05T06:03:58.000000000Z,1782.02,1899.8,6.6094,7647,1.7022
SAZEW,2026-01-05T06:07:36.000000000Z,1784.99,1896.02,6.2202,2032,0.4523
SAZEW,2026-01-05T06:11:52.000000000Z,1784.99,1899,6.3872,3209,0.7143
SAZEW,2026-01-05T06:15:46.000000000Z,1782.55,1897,6.4206,10533,2.3446
SAZEW,2026-01-05T06:19:39.000000000Z,1781.11,1894.6,6.3719,9600,2.1369
SAZEW,2026-01-05T06:23:26.000000000Z,1781.17,1887.05,5.9444,8254,1.8373
SAZEW,2026-01-05T06:26:37.000000000Z,1781.5,1886,5.8658,9089,2.0232
SAZEW,2026-01-05T06:30:18.000000000Z,1784,1882.15,5.5017,5618,1.2505
SAZEW,2026-01-05T06:35:06.000000000Z,1787.99,1884,5.3697,8539,1.9007
SAZEW,2026-01-05T06:39:31.000000000Z,1785.01,1890,5.8818,7994,1.7794
SAZEW,2026-01-05T06:45:14.000000000Z,1785.01,1889.99,5.8812,8524,1.8974
SAZEW,2026-01-05T06:50:31.000000000Z,1786.8,1893,5.9436,2986,0.6647
SAZEW,2026-01-05T06:57:24.000000000Z,1787,1894.95,6.0409,13047,2.9042
SAZEW,2026-01-05T07:03:51.000000000Z,1787,1894,5.9877,5379,1.1973
SAZEW,2026-01-05T07:08:10.000000000Z,1788,1898.98,6.2069,7519,1.6737
SAZEW,2026-01-05T07:12:33.000000000Z,1788.5,1900.01,6.2348,15801,3.5172
SAZEW,2026-01-05T07:18:44.000000000Z,1788,1905,6.5436,7725,1.7196
SAZEW,2026-01-05T07:21:29.000000000Z,1790,1909.5,6.6760,9487,2.1118
SAZEW,2026-01-05T07:24:43.000000000Z,1786.16,1923.88,7.7104,14257,3.1736
SAZEW,2026-01-05T07:32:39.000000000Z,1789,1935,8.1610,9582,2.1329
SAZEW,2026-01-05T07:39:07.000000000Z,1790,1930,7.8212,8425,1.8754
SAZEW,2026-01-05T07:42:11.000000000Z,1790,1930.11,7.8274,18344,4.0833
SAZEW,2026-01-05T07:45:59.000000000Z,1792,1934.99,7.9794,7134,1.5880
SAZEW,2026-01-05T07:49:26.000000000Z,1795.01,1929.99,7.5197,18688,4.1599
SAZEW,2026-01-05T07:50:58.000000000Z,1801,1920,6.6074,8331,1.8544
SAZEW,2026-01-05T07:52:05.000000000Z,1800,1919.02,6.6122,1389,0.3092
SAZEW,2026-01-05T07:53:56.000000000Z,1798,1917.99,6.6735,2049,0.4561
SAZEW,2026-01-05T07:56:10.000000000Z,1798,1901.06,5.7319,3406,0.7582
SAZEW,2026-01-05T07:59:24.000000000Z,1795,1913,6.5738,5352,1.1913
SAZEW,2026-01-05T08:04:33.000000000Z,1793.5,1915,6.7745,714,0.1589
SAZEW,2026-01-05T08:08:50.000000000Z,1792,1911.01,6.6412,3329,0.7410
SAZEW,2026-01-05T08:15:56.000000000Z,1793,1914.99,6.8037,1091,0.2429
SAZEW,2026-01-05T08:21:51.000000000Z,1793,1910.01,6.5259,1702,0.3789
SAZEW,2026-01-05T08:29:39.000000000Z,1790,1912,6.8156,2337,0.5202
SAZEW,2026-01-05T08:38:03.000000000Z,1788.99,1913.98,6.9866,1096,0.2440
SAZEW,2026-01-05T08:44:10.000000000Z,1792,1915,6.8638,3207,0.7139
SAZEW,2026-01-05T08:51:18.000000000Z,1788.13,1917.99,7.2623,3609,0.8033
SAZEW,2026-01-05T08:58:23.000000000Z,1790,1915,6.9832,2858,0.6362
SAZEW,2026-01-05T09:02:18.000000000Z,1795,1917,6.7967,3162,0.7038
SAZEW,2026-01-05T09:04:37.000000000Z,1796,1918,6.7929,2332,0.5191
SAZEW,2026-01-05T09:08:10.000000000Z,1796.02,1917,6.7360,16863,3.7536
SAZEW,2026-01-05T09:12:13.000000000Z,1800,1915,6.3889,9323,2.0753
SAZEW,2026-01-05T09:14:17.000000000Z,1800,1917,6.5000,6704,1.4923
SAZEW,2026-01-05T09:16:41.000000000Z,1803,1917.99,6.3777,2211,0.4922
SAZEW,2026-01-05T09:18:42.000000000Z,1803,1915.01,6.2124,5148,1.1459
SAZEW,2026-01-05T09:21:25.000000000Z,1802.99,1918.2,6.3899,1680,0.3740
SAZEW,2026-01-05T09:24:31.000000000Z,1800,1915,6.3889,3862,0.8597
SAZEW,2026-01-05T09:28:15.000000000Z,1802,1905.1,5.7214,3104,0.6909
SAZEW,2026-01-05T09:31:42.000000000Z,1800.01,1905,5.8327,2108,0.4692
SAZEW,2026-01-05T09:37:33.000000000Z,1801,1900,5.4969,24001,5.3425
SAZEW,2026-01-05T09:39:54.000000000Z,1800,1899.1,5.5056,12497,2.7818
SAZEW,2026-01-05T09:42:19.000000000Z,1800.01,1897,5.3883,3930,0.8748
SAZEW,2026-01-05T09:45:03.000000000Z,1800.01,1898.99,5.4989,6101,1.3581
SAZEW,2026-01-05T09:48:56.000000000Z,1801,1897,5.3304,2020,0.4496
SAZEW,2026-01-05T09:51:46.000000000Z,1800,1904,5.7778,8698,1.9361
SAZEW,2026-01-05T09:55:04.000000000Z,1800,1905,5.8333,7871,1.7521
SAZEW,2026-01-05T09:57:51.000000000Z,1796.01,1902.99,5.9565,2098,0.4670
SAZEW,2026-01-05T09:59:52.000000000Z,1800,1907,5.9444,6847,1.5241
SAZEW,2026-01-05T10:02:38.000000000Z,1799.99,1900,5.5561,14444,3.2152
SAZEW,2026-01-05T10:04:55.000000000Z,1800,1906.47,5.9150,7206,1.6040
SAZEW,2026-01-05T10:08:12.000000000Z,1802,1898,5.3274,11708,2.6062
SAZEW,2026-01-05T10:11:24.000000000Z,1787,1900,6.3234,13727,3.0556
SAZEW,2026-01-05T10:13:14.000000000Z,1805,1900,5.2632,12305,2.7390
SAZEW,2026-01-05T10:15:43.000000000Z,1800.01,1899.99,5.5544,9364,2.0844
SAZEW,2026-01-05T10:18:36.000000000Z,1801,1899.1,5.4470,1864,0.4149
SAZEW,2026-01-05T10:21:13.000000000Z,1805,1899,5.2078,31999,7.1229
SAZEW,2026-01-05T10:22:24.000000000Z,1840,1895,2.9891,7485,1.6661
SAZEW,2026-01-05T10:23:21.000000000Z,1825,1890,3.5616,9079,2.0209
SAZEW,2026-01-05T10:24:17.000000000Z,1831,1890,3.2223,4241,0.9440
SAZEW,2026-01-05T10:25:15.000000000Z,1832,1887.8,3.0459,5663,1.2606
SAZEW,2026-01-05T10:26:20.000000000Z,1831,1885,2.9492,8234,1.8329
SAZEW,2026-01-05T10:27:39.000000000Z,1831,1884,2.8946,7608,1.6935
SAZEW,2026-01-05T10:28:58.000000000Z,1836,1884,2.6144,4999,1.1128
SAZEW,2026-01-05T10:35:10.000000000Z,1815.67,1885,3.8184,4482,0.9977
SAZEW,2026-01-06T04:32:28.000000000Z,1833,1883.05,2.7305,3700,0.8236
SAZEW,2026-01-06T04:33:53.000000000Z,1830,1882,2.8415,4466,0.9941
SAZEW,2026-01-06T04:35:21.000000000Z,1832,1881,2.6747,9621,2.1416
SAZEW,2026-01-06T04:37:02.000000000Z,1830,1878,2.6230,7412,1.6499
SAZEW,2026-01-06T04:38:55.000000000Z,1825.1,1880,3.0081,8739,1.9453
SAZEW,2026-01-06T04:40:51.000000000Z,1825.21,1875,2.7279,8774,1.9531
SAZEW,2026-01-06T04:42:51.000000000Z,1832.99,1874,2.2373,3948,0.8788
SAZEW,2026-01-06T04:44:26.000000000Z,1825,1871.12,2.5271,1838,0.4091
SAZEW,2026-01-06T04:46:14.000000000Z,1825,1869,2.4110,4172,0.9287
SAZEW,2026-01-06T04:48:48.000000000Z,1826.6,1870,2.3760,703,0.1565
SAZEW,2026-01-06T04:50:49.000000000Z,1824,1871,2.5768,3694,0.8223
SAZEW,2026-01-06T04:52:52.000000000Z,1825,1875,2.7397,7233,1.6100
SAZEW,2026-01-06T04:54:46.000000000Z,1821,1873.99,2.9099,7417,1.6510
SAZEW,2026-01-06T04:56:23.000000000Z,1819.5,1870.01,2.7760,5663,1.2606
SAZEW,2026-01-06T04:57:49.000000000Z,1815.99,1870,2.9741,16907,3.7634
SAZEW,2026-01-06T04:59:08.000000000Z,1805.58,1868,3.4571,6312,1.4050
SAZEW,2026-01-06T05:00:33.000000000Z,1795.01,1860,3.6206,16488,3.6702
SAZEW,2026-01-06T05:01:33.000000000Z,1790.11,1861.01,3.9607,10333,2.3001
SAZEW,2026-01-06T05:02:43.000000000Z,1791.5,1862,3.9352,2769,0.6164
SAZEW,2026-01-06T05:04:12.000000000Z,1790,1873.98,4.6916,14399,3.2052
SAZEW,2026-01-06T05:05:37.000000000Z,1795,1864.99,3.8992,7614,1.6948
SAZEW,2026-01-06T05:07:04.000000000Z,1796.01,1864.99,3.8407,8065,1.7952
SAZEW,2026-01-06T05:08:38.000000000Z,1798.5,1867,3.8087,5986,1.3325
SAZEW,2026-01-06T05:10:20.000000000Z,1797,1865,3.7841,10541,2.3464
SAZEW,2026-01-06T05:12:07.000000000Z,1799,1874.98,4.2235,15651,3.4839
SAZEW,2026-01-06T05:13:34.000000000Z,1802,1869.99,3.7730,9794,2.1801
SAZEW,2026-01-06T05:14:50.000000000Z,1804,1870,3.6585,9572,2.1307
SAZEW,2026-01-06T05:16:19.000000000Z,1803,1870,3.7160,12913,2.8744
SAZEW,2026-01-06T05:17:55.000000000Z,1800,1870,3.8889,6486,1.4438
SAZEW,2026-01-06T05:20:09.000000000Z,1800.1,1870,3.8831,23196,5.1633
SAZEW,2026-01-06T05:21:39.000000000Z,1800,1868,3.7778,1989,0.4427
SAZEW,2026-01-06T05:23:17.000000000Z,1800,1873.29,4.0717,9998,2.2255
SAZEW,2026-01-06T05:25:45.000000000Z,1800.99,1880,4.3870,3216,0.7159
SAZEW,2026-01-06T05:28:38.000000000Z,1802,1880,4.3285,1816,0.4042
SAZEW,2026-01-06T05:31:02.000000000Z,1805.87,1884.97,4.3802,3625,0.8069
SAZEW,2026-01-06T05:33:17.000000000Z,1809,1875,3.6484,2976,0.6624
SAZEW,2026-01-06T05:34:43.000000000Z,1808.98,1870,3.3732,5485,1.2209
SAZEW,2026-01-06T05:36:54.000000000Z,1807,1870,3.4864,4231,0.9418
SAZEW,2026-01-06T05:39:19.000000000Z,1808.99,1860,2.8198,4807,1.0700
SAZEW,2026-01-06T05:42:03.000000000Z,1809.93,1866,3.0979,1706,0.3797
SAZEW,2026-01-06T05:44:42.000000000Z,1807,1860.05,2.9358,1099,0.2446
SAZEW,2026-01-06T05:47:08.000000000Z,1804,1849.91,2.5449,9498,2.1142
SAZEW,2026-01-06T05:50:31.000000000Z,1803,1839.97,2.0505,3669,0.8167
SAZEW,2026-01-06T05:54:24.000000000Z,1805,1830.07,1.3889,2792,0.6215
SAZEW,2026-01-06T05:58:00.000000000Z,1810.01,1838,1.5464,1387,0.3087
SAZEW,2026-01-06T06:00:24.000000000Z,1812,1838.1,1.4404,2121,0.4721
SAZEW,2026-01-06T06:04:02.000000000Z,1809,1844.99,1.9895,1744,0.3882
SAZEW,2026-01-06T06:08:56.000000000Z,1809.7,1850,2.2269,1172,0.2609
SAZEW,2026-01-06T06:13:03.000000000Z,1812.99,1850,2.0414,2260,0.5031
SAZEW,2026-01-06T06:17:41.000000000Z,1815,1853,2.0937,3991,0.8884
SAZEW,2026-01-06T06:20:58.000000000Z,1820,1855.88,1.9714,621,0.1382
SAZEW,2026-01-06T06:23:20.000000000Z,1819,1856,2.0341,3315,0.7379
SAZEW,2026-01-06T06:25:44.000000000Z,1819.99,1864.5,2.4456,1334,0.2969
SAZEW,2026-01-06T06:29:39.000000000Z,1820,1854,1.8681,1774,0.3949
SAZEW,2026-01-06T06:32:26.000000000Z,1820.99,1848,1.4833,4007,0.8919
SAZEW,2026-01-06T06:34:28.000000000Z,1825,1845.01,1.0964,1308,0.2912
SAZEW,2026-01-06T06:36:24.000000000Z,1822,1845.01,1.2629,536,0.1193
SAZEW,2026-01-06T06:38:24.000000000Z,1822,1846.01,1.3178,4860,1.0818
SAZEW,2026-01-07T10:29:56.000000000Z,1945,1965.01,1.0288,7605,1.6928
GCWL,2026-01-05T08:38:34.000000000Z,20.5,20.78,1.3659,200740,1.9053
GCWL,2026-01-05T08:45:54.000000000Z,20.45,20.7,1.2225,183446,1.7412
GCWL,2026-01-05T08:58:30.000000000Z,20.39,20.64,1.2261,59691,0.5666
GCWL,2026-01-05T09:42:39.000000000Z,20.5,20.74,1.1707,69283,0.6576
GCWL,2026-01-06T05:33:27.000000000Z,20.2,20.44,1.1881,93758,0.8899
